solid ASCII
  facet normal 1.000000e+00 0.000000e+00 0.000000e+00
    outer loop
      vertex   1.384500e+02 -3.252524e+01 5.287758e+00
      vertex   1.384500e+02 -3.541855e+01 5.287758e+00
      vertex   1.384500e+02 -3.249689e+01 5.000000e+00
    endloop
  endfacet
  facet normal 1.000000e+00 0.000000e+00 0.000000e+00
    outer loop
      vertex   1.384500e+02 -3.249689e+01 5.000000e+00
      vertex   1.384500e+02 -3.541855e+01 5.287758e+00
      vertex   1.384500e+02 -3.544689e+01 5.000000e+00
    endloop
  endfacet
  facet normal 1.000000e+00 0.000000e+00 0.000000e+00
    outer loop
      vertex   1.384500e+02 -3.249689e+01 5.000000e+00
      vertex   1.384500e+02 -3.544689e+01 5.000000e+00
      vertex   1.384500e+02 -3.252524e+01 4.712242e+00
    endloop
  endfacet
  facet normal 1.000000e+00 0.000000e+00 0.000000e+00
    outer loop
      vertex   1.384500e+02 -3.252524e+01 4.712242e+00
      vertex   1.384500e+02 -3.544689e+01 5.000000e+00
      vertex   1.384500e+02 -3.541855e+01 4.712242e+00
    endloop
  endfacet
  facet normal 1.000000e+00 0.000000e+00 0.000000e+00
    outer loop
      vertex   1.384500e+02 -3.252524e+01 4.712242e+00
      vertex   1.384500e+02 -3.541855e+01 4.712242e+00
      vertex   1.384500e+02 -3.260917e+01 4.435542e+00
    endloop
  endfacet
  facet normal 1.000000e+00 0.000000e+00 0.000000e+00
    outer loop
      vertex   1.384500e+02 -3.260917e+01 4.435542e+00
      vertex   1.384500e+02 -3.541855e+01 4.712242e+00
      vertex   1.384500e+02 -3.533461e+01 4.435542e+00
    endloop
  endfacet
  facet normal 1.000000e+00 0.000000e+00 0.000000e+00
    outer loop
      vertex   1.384500e+02 -3.260917e+01 4.435542e+00
      vertex   1.384500e+02 -3.533461e+01 4.435542e+00
      vertex   1.384500e+02 -3.274548e+01 4.180534e+00
    endloop
  endfacet
  facet normal 1.000000e+00 0.000000e+00 0.000000e+00
    outer loop
      vertex   1.384500e+02 -3.274548e+01 4.180534e+00
      vertex   1.384500e+02 -3.533461e+01 4.435542e+00
      vertex   1.384500e+02 -3.519831e+01 4.180534e+00
    endloop
  endfacet
  facet normal 1.000000e+00 0.000000e+00 0.000000e+00
    outer loop
      vertex   1.384500e+02 -3.274548e+01 4.180534e+00
      vertex   1.384500e+02 -3.519831e+01 4.180534e+00
      vertex   1.384500e+02 -3.292891e+01 3.957018e+00
    endloop
  endfacet
  facet normal 1.000000e+00 0.000000e+00 0.000000e+00
    outer loop
      vertex   1.384500e+02 -3.292891e+01 3.957018e+00
      vertex   1.384500e+02 -3.519831e+01 4.180534e+00
      vertex   1.384500e+02 -3.501487e+01 3.957018e+00
    endloop
  endfacet
  facet normal 1.000000e+00 0.000000e+00 0.000000e+00
    outer loop
      vertex   1.384500e+02 -3.292891e+01 3.957018e+00
      vertex   1.384500e+02 -3.501487e+01 3.957018e+00
      vertex   1.384500e+02 -3.315243e+01 3.773583e+00
    endloop
  endfacet
  facet normal 1.000000e+00 0.000000e+00 0.000000e+00
    outer loop
      vertex   1.384500e+02 -3.315243e+01 3.773583e+00
      vertex   1.384500e+02 -3.501487e+01 3.957018e+00
      vertex   1.384500e+02 -3.479136e+01 3.773583e+00
    endloop
  endfacet
  facet normal 1.000000e+00 0.000000e+00 0.000000e+00
    outer loop
      vertex   1.384500e+02 -3.315243e+01 3.773583e+00
      vertex   1.384500e+02 -3.479136e+01 3.773583e+00
      vertex   1.384500e+02 -3.340744e+01 3.637278e+00
    endloop
  endfacet
  facet normal 1.000000e+00 0.000000e+00 0.000000e+00
    outer loop
      vertex   1.384500e+02 -3.340744e+01 3.637278e+00
      vertex   1.384500e+02 -3.479136e+01 3.773583e+00
      vertex   1.384500e+02 -3.453635e+01 3.637278e+00
    endloop
  endfacet
  facet normal 1.000000e+00 0.000000e+00 0.000000e+00
    outer loop
      vertex   1.384500e+02 -3.340744e+01 3.637278e+00
      vertex   1.384500e+02 -3.453635e+01 3.637278e+00
      vertex   1.384500e+02 -3.368413e+01 3.553342e+00
    endloop
  endfacet
  facet normal 1.000000e+00 0.000000e+00 0.000000e+00
    outer loop
      vertex   1.384500e+02 -3.368413e+01 3.553342e+00
      vertex   1.384500e+02 -3.453635e+01 3.637278e+00
      vertex   1.384500e+02 -3.425965e+01 3.553342e+00
    endloop
  endfacet
  facet normal 1.000000e+00 0.000000e+00 0.000000e+00
    outer loop
      vertex   1.384500e+02 -3.368413e+01 3.553342e+00
      vertex   1.384500e+02 -3.425965e+01 3.553342e+00
      vertex   1.384500e+02 -3.397189e+01 3.525000e+00
    endloop
  endfacet
  facet normal 1.000000e+00 0.000000e+00 0.000000e+00
    outer loop
      vertex   1.384500e+02 -3.541855e+01 5.287758e+00
      vertex   1.384500e+02 -3.252524e+01 5.287758e+00
      vertex   1.384500e+02 -3.533461e+01 5.564458e+00
    endloop
  endfacet
  facet normal 1.000000e+00 -0.000000e+00 0.000000e+00
    outer loop
      vertex   1.384500e+02 -3.533461e+01 5.564458e+00
      vertex   1.384500e+02 -3.252524e+01 5.287758e+00
      vertex   1.384500e+02 -3.260917e+01 5.564458e+00
    endloop
  endfacet
  facet normal 1.000000e+00 0.000000e+00 0.000000e+00
    outer loop
      vertex   1.384500e+02 -3.533461e+01 5.564458e+00
      vertex   1.384500e+02 -3.260917e+01 5.564458e+00
      vertex   1.384500e+02 -3.519831e+01 5.819466e+00
    endloop
  endfacet
  facet normal 1.000000e+00 -0.000000e+00 0.000000e+00
    outer loop
      vertex   1.384500e+02 -3.519831e+01 5.819466e+00
      vertex   1.384500e+02 -3.260917e+01 5.564458e+00
      vertex   1.384500e+02 -3.274548e+01 5.819466e+00
    endloop
  endfacet
  facet normal 1.000000e+00 0.000000e+00 0.000000e+00
    outer loop
      vertex   1.384500e+02 -3.519831e+01 5.819466e+00
      vertex   1.384500e+02 -3.274548e+01 5.819466e+00
      vertex   1.384500e+02 -3.501487e+01 6.042983e+00
    endloop
  endfacet
  facet normal 1.000000e+00 -0.000000e+00 0.000000e+00
    outer loop
      vertex   1.384500e+02 -3.501487e+01 6.042983e+00
      vertex   1.384500e+02 -3.274548e+01 5.819466e+00
      vertex   1.384500e+02 -3.292891e+01 6.042983e+00
    endloop
  endfacet
  facet normal 1.000000e+00 0.000000e+00 0.000000e+00
    outer loop
      vertex   1.384500e+02 -3.501487e+01 6.042983e+00
      vertex   1.384500e+02 -3.292891e+01 6.042983e+00
      vertex   1.384500e+02 -3.479136e+01 6.226418e+00
    endloop
  endfacet
  facet normal 1.000000e+00 -0.000000e+00 0.000000e+00
    outer loop
      vertex   1.384500e+02 -3.479136e+01 6.226418e+00
      vertex   1.384500e+02 -3.292891e+01 6.042983e+00
      vertex   1.384500e+02 -3.315243e+01 6.226418e+00
    endloop
  endfacet
  facet normal 1.000000e+00 0.000000e+00 0.000000e+00
    outer loop
      vertex   1.384500e+02 -3.479136e+01 6.226418e+00
      vertex   1.384500e+02 -3.315243e+01 6.226418e+00
      vertex   1.384500e+02 -3.453635e+01 6.362723e+00
    endloop
  endfacet
  facet normal 1.000000e+00 -0.000000e+00 0.000000e+00
    outer loop
      vertex   1.384500e+02 -3.453635e+01 6.362723e+00
      vertex   1.384500e+02 -3.315243e+01 6.226418e+00
      vertex   1.384500e+02 -3.340744e+01 6.362723e+00
    endloop
  endfacet
  facet normal 1.000000e+00 0.000000e+00 0.000000e+00
    outer loop
      vertex   1.384500e+02 -3.453635e+01 6.362723e+00
      vertex   1.384500e+02 -3.340744e+01 6.362723e+00
      vertex   1.384500e+02 -3.425965e+01 6.446658e+00
    endloop
  endfacet
  facet normal 1.000000e+00 -0.000000e+00 0.000000e+00
    outer loop
      vertex   1.384500e+02 -3.425965e+01 6.446658e+00
      vertex   1.384500e+02 -3.340744e+01 6.362723e+00
      vertex   1.384500e+02 -3.368413e+01 6.446658e+00
    endloop
  endfacet
  facet normal 1.000000e+00 0.000000e+00 0.000000e+00
    outer loop
      vertex   1.384500e+02 -3.425965e+01 6.446658e+00
      vertex   1.384500e+02 -3.368413e+01 6.446658e+00
      vertex   1.384500e+02 -3.397189e+01 6.475000e+00
    endloop
  endfacet
  facet normal 9.652390e-04 9.951837e-01 -9.802231e-02
    outer loop
      vertex   1.384500e+02 -3.252524e+01 4.712242e+00
      vertex   1.318101e+02 -3.250025e+01 4.900496e+00
      vertex   1.384500e+02 -3.249689e+01 5.000000e+00
    endloop
  endfacet
  facet normal -2.424108e-09 9.994301e-01 -3.375544e-02
    outer loop
      vertex   1.384500e+02 -3.249689e+01 5.000000e+00
      vertex   1.318101e+02 -3.250025e+01 4.900496e+00
      vertex   1.318101e+02 -3.249689e+01 5.000001e+00
    endloop
  endfacet
  facet normal 9.252010e-10 9.999170e-01 1.288332e-02
    outer loop
      vertex   1.384500e+02 -3.249689e+01 5.000000e+00
      vertex   1.318101e+02 -3.249689e+01 5.000001e+00
      vertex   1.318101e+02 -3.249738e+01 5.037898e+00
    endloop
  endfacet
  facet normal 1.051863e-03 9.569410e-01 -2.902806e-01
    outer loop
      vertex   1.384500e+02 -3.260917e+01 4.435542e+00
      vertex   1.318101e+02 -3.255511e+01 4.589709e+00
      vertex   1.384500e+02 -3.252524e+01 4.712242e+00
    endloop
  endfacet
  facet normal 5.611572e-04 9.641268e-01 -2.654417e-01
    outer loop
      vertex   1.384500e+02 -3.252524e+01 4.712242e+00
      vertex   1.318101e+02 -3.255511e+01 4.589709e+00
      vertex   1.318101e+02 -3.254475e+01 4.627320e+00
    endloop
  endfacet
  facet normal 2.144946e-04 9.708046e-01 -2.398714e-01
    outer loop
      vertex   1.384500e+02 -3.252524e+01 4.712242e+00
      vertex   1.318101e+02 -3.254475e+01 4.627320e+00
      vertex   1.318101e+02 -3.253539e+01 4.665191e+00
    endloop
  endfacet
  facet normal 1.069595e-03 8.819206e-01 -4.713968e-01
    outer loop
      vertex   1.384500e+02 -3.274548e+01 4.180534e+00
      vertex   1.318101e+02 -3.267158e+01 4.303722e+00
      vertex   1.384500e+02 -3.260917e+01 4.435542e+00
    endloop
  endfacet
  facet normal 3.184101e-04 8.975318e-01 -4.409496e-01
    outer loop
      vertex   1.384500e+02 -3.260917e+01 4.435542e+00
      vertex   1.318101e+02 -3.267158e+01 4.303722e+00
      vertex   1.318101e+02 -3.262612e+01 4.396257e+00
    endloop
  endfacet
  facet normal -1.318873e-04 9.261397e-01 -3.771807e-01
    outer loop
      vertex   1.384500e+02 -3.260917e+01 4.435542e+00
      vertex   1.318101e+02 -3.262612e+01 4.396257e+00
      vertex   1.318101e+02 -3.258723e+01 4.491741e+00
    endloop
  endfacet
  facet normal 1.002391e-03 7.730090e-01 -6.343942e-01
    outer loop
      vertex   1.384500e+02 -3.292891e+01 3.957018e+00
      vertex   1.318101e+02 -3.280901e+01 4.092622e+00
      vertex   1.384500e+02 -3.274548e+01 4.180534e+00
    endloop
  endfacet
  facet normal -3.568873e-05 8.117577e-01 -5.839944e-01
    outer loop
      vertex   1.384500e+02 -3.274548e+01 4.180534e+00
      vertex   1.318101e+02 -3.280901e+01 4.092622e+00
      vertex   1.318101e+02 -3.274192e+01 4.185887e+00
    endloop
  endfacet
  facet normal 1.701448e-05 8.423365e-01 -5.389520e-01
    outer loop
      vertex   1.384500e+02 -3.274548e+01 4.180534e+00
      vertex   1.318101e+02 -3.274192e+01 4.185887e+00
      vertex   1.318101e+02 -3.271725e+01 4.224432e+00
    endloop
  endfacet
  facet normal 1.028708e-03 6.343934e-01 -7.730097e-01
    outer loop
      vertex   1.384500e+02 -3.315243e+01 3.773583e+00
      vertex   1.318101e+02 -3.301443e+01 3.877999e+00
      vertex   1.384500e+02 -3.292891e+01 3.957018e+00
    endloop
  endfacet
  facet normal 2.896166e-04 6.664258e-01 -7.455713e-01
    outer loop
      vertex   1.384500e+02 -3.292891e+01 3.957018e+00
      vertex   1.318101e+02 -3.301443e+01 3.877999e+00
      vertex   1.318101e+02 -3.296393e+01 3.923141e+00
    endloop
  endfacet
  facet normal -1.646293e-04 7.112840e-01 -7.029047e-01
    outer loop
      vertex   1.384500e+02 -3.292891e+01 3.957018e+00
      vertex   1.318101e+02 -3.296393e+01 3.923141e+00
      vertex   1.318101e+02 -3.288317e+01 4.004862e+00
    endloop
  endfacet
  facet normal 1.060541e-03 4.713948e-01 -8.819216e-01
    outer loop
      vertex   1.384500e+02 -3.340744e+01 3.637278e+00
      vertex   1.318101e+02 -3.326476e+01 3.705553e+00
      vertex   1.384500e+02 -3.315243e+01 3.773583e+00
    endloop
  endfacet
  facet normal -2.525301e-04 5.288842e-01 -8.486940e-01
    outer loop
      vertex   1.384500e+02 -3.315243e+01 3.773583e+00
      vertex   1.318101e+02 -3.326476e+01 3.705553e+00
      vertex   1.318101e+02 -3.312138e+01 3.794905e+00
    endloop
  endfacet
  facet normal 2.026459e-04 5.952317e-01 -8.035541e-01
    outer loop
      vertex   1.384500e+02 -3.315243e+01 3.773583e+00
      vertex   1.318101e+02 -3.312138e+01 3.794905e+00
      vertex   1.318101e+02 -3.306695e+01 3.835224e+00
    endloop
  endfacet
  facet normal 1.007112e-03 2.902860e-01 -9.569394e-01
    outer loop
      vertex   1.384500e+02 -3.368413e+01 3.553342e+00
      vertex   1.318101e+02 -3.357736e+01 3.578744e+00
      vertex   1.384500e+02 -3.340744e+01 3.637278e+00
    endloop
  endfacet
  facet normal 9.916965e-05 3.222247e-01 -9.466632e-01
    outer loop
      vertex   1.384500e+02 -3.340744e+01 3.637278e+00
      vertex   1.318101e+02 -3.357736e+01 3.578744e+00
      vertex   1.318101e+02 -3.341742e+01 3.633183e+00
    endloop
  endfacet
  facet normal -8.705788e-05 4.283631e-01 -9.036067e-01
    outer loop
      vertex   1.384500e+02 -3.340744e+01 3.637278e+00
      vertex   1.318101e+02 -3.341742e+01 3.633183e+00
      vertex   1.318101e+02 -3.326476e+01 3.705553e+00
    endloop
  endfacet
  facet normal -7.632017e-04 1.862778e-01 -9.824968e-01
    outer loop
      vertex   1.318101e+02 -3.357736e+01 3.578744e+00
      vertex   1.384500e+02 -3.368413e+01 3.553342e+00
      vertex   1.318101e+02 -3.381881e+01 3.532966e+00
    endloop
  endfacet
  facet normal 1.065902e-03 9.801740e-02 -9.951841e-01
    outer loop
      vertex   1.318101e+02 -3.381881e+01 3.532966e+00
      vertex   1.384500e+02 -3.368413e+01 3.553342e+00
      vertex   1.384500e+02 -3.397189e+01 3.525000e+00
    endloop
  endfacet
  facet normal -7.251721e-04 2.056940e-02 -9.997882e-01
    outer loop
      vertex   1.318101e+02 -3.381881e+01 3.532966e+00
      vertex   1.384500e+02 -3.397189e+01 3.525000e+00
      vertex   1.318101e+02 -3.406451e+01 3.527911e+00
    endloop
  endfacet
  facet normal 9.309598e-04 -9.801742e-02 -9.951843e-01
    outer loop
      vertex   1.318101e+02 -3.406451e+01 3.527911e+00
      vertex   1.384500e+02 -3.397189e+01 3.525000e+00
      vertex   1.384500e+02 -3.425965e+01 3.553342e+00
    endloop
  endfacet
  facet normal -4.932566e-04 -1.457147e-01 -9.893265e-01
    outer loop
      vertex   1.318101e+02 -3.406451e+01 3.527911e+00
      vertex   1.384500e+02 -3.425965e+01 3.553342e+00
      vertex   1.318101e+02 -3.430764e+01 3.563720e+00
    endloop
  endfacet
  facet normal 6.021766e-04 -2.902843e-01 -9.569403e-01
    outer loop
      vertex   1.318101e+02 -3.430764e+01 3.563720e+00
      vertex   1.384500e+02 -3.425965e+01 3.553342e+00
      vertex   1.384500e+02 -3.453635e+01 3.637278e+00
    endloop
  endfacet
  facet normal -6.769497e-05 -3.079506e-01 -9.514024e-01
    outer loop
      vertex   1.318101e+02 -3.430764e+01 3.563720e+00
      vertex   1.384500e+02 -3.453635e+01 3.637278e+00
      vertex   1.318101e+02 -3.454145e+01 3.639400e+00
    endloop
  endfacet
  facet normal 3.175425e-05 -4.194089e-01 -9.077974e-01
    outer loop
      vertex   1.318101e+02 -3.454145e+01 3.639400e+00
      vertex   1.384500e+02 -3.453635e+01 3.637278e+00
      vertex   1.318101e+02 -3.463879e+01 3.684373e+00
    endloop
  endfacet
  facet normal 1.017355e-03 -4.713976e-01 -8.819202e-01
    outer loop
      vertex   1.318101e+02 -3.463879e+01 3.684373e+00
      vertex   1.384500e+02 -3.453635e+01 3.637278e+00
      vertex   1.384500e+02 -3.479136e+01 3.773583e+00
    endloop
  endfacet
  facet normal 6.279027e-04 -4.842569e-01 -8.749256e-01
    outer loop
      vertex   1.318101e+02 -3.463879e+01 3.684373e+00
      vertex   1.384500e+02 -3.479136e+01 3.773583e+00
      vertex   1.318101e+02 -3.473261e+01 3.736300e+00
    endloop
  endfacet
  facet normal -1.336722e-04 -5.465380e-01 -8.374343e-01
    outer loop
      vertex   1.318101e+02 -3.473261e+01 3.736300e+00
      vertex   1.384500e+02 -3.479136e+01 3.773583e+00
      vertex   1.318101e+02 -3.482241e+01 3.794905e+00
    endloop
  endfacet
  facet normal 3.214865e-04 -6.119288e-01 -7.909128e-01
    outer loop
      vertex   1.318101e+02 -3.482241e+01 3.794905e+00
      vertex   1.384500e+02 -3.479136e+01 3.773583e+00
      vertex   1.318101e+02 -3.492482e+01 3.874141e+00
    endloop
  endfacet
  facet normal 1.044148e-03 -6.343934e-01 -7.730097e-01
    outer loop
      vertex   1.318101e+02 -3.492482e+01 3.874141e+00
      vertex   1.384500e+02 -3.479136e+01 3.773583e+00
      vertex   1.384500e+02 -3.501487e+01 3.957018e+00
    endloop
  endfacet
  facet normal -4.434258e-05 -6.789326e-01 -7.342006e-01
    outer loop
      vertex   1.318101e+02 -3.492482e+01 3.874141e+00
      vertex   1.384500e+02 -3.501487e+01 3.957018e+00
      vertex   1.318101e+02 -3.501989e+01 3.962052e+00
    endloop
  endfacet
  facet normal 4.956460e-05 -7.407068e-01 -6.718285e-01
    outer loop
      vertex   1.318101e+02 -3.501989e+01 3.962052e+00
      vertex   1.384500e+02 -3.501487e+01 3.957018e+00
      vertex   1.318101e+02 -3.510688e+01 4.057963e+00
    endloop
  endfacet
  facet normal 1.066253e-03 -7.730090e-01 -6.343942e-01
    outer loop
      vertex   1.318101e+02 -3.510688e+01 4.057963e+00
      vertex   1.384500e+02 -3.501487e+01 3.957018e+00
      vertex   1.384500e+02 -3.519831e+01 4.180534e+00
    endloop
  endfacet
  facet normal 7.792373e-04 -7.808616e-01 -6.247036e-01
    outer loop
      vertex   1.318101e+02 -3.510688e+01 4.057963e+00
      vertex   1.384500e+02 -3.519831e+01 4.180534e+00
      vertex   1.318101e+02 -3.514007e+01 4.099454e+00
    endloop
  endfacet
  facet normal 2.382773e-04 -8.028425e-01 -5.961911e-01
    outer loop
      vertex   1.318101e+02 -3.514007e+01 4.099454e+00
      vertex   1.384500e+02 -3.519831e+01 4.180534e+00
      vertex   1.318101e+02 -3.517175e+01 4.142114e+00
    endloop
  endfacet
  facet normal -1.519421e-05 -8.238036e-01 -5.668754e-01
    outer loop
      vertex   1.318101e+02 -3.517175e+01 4.142114e+00
      vertex   1.384500e+02 -3.519831e+01 4.180534e+00
      vertex   1.318101e+02 -3.520187e+01 4.185887e+00
    endloop
  endfacet
  facet normal 3.754402e-05 -8.534477e-01 -5.211786e-01
    outer loop
      vertex   1.318101e+02 -3.520187e+01 4.185887e+00
      vertex   1.384500e+02 -3.519831e+01 4.180534e+00
      vertex   1.318101e+02 -3.525791e+01 4.277651e+00
    endloop
  endfacet
  facet normal 1.021234e-03 -8.819206e-01 -4.713968e-01
    outer loop
      vertex   1.318101e+02 -3.525791e+01 4.277651e+00
      vertex   1.384500e+02 -3.519831e+01 4.180534e+00
      vertex   1.384500e+02 -3.533461e+01 4.435542e+00
    endloop
  endfacet
  facet normal 6.101706e-04 -8.891472e-01 -4.576209e-01
    outer loop
      vertex   1.318101e+02 -3.525791e+01 4.277651e+00
      vertex   1.384500e+02 -3.533461e+01 4.435542e+00
      vertex   1.318101e+02 -3.530711e+01 4.373253e+00
    endloop
  endfacet
  facet normal -1.371920e-04 -9.201228e-01 -3.916299e-01
    outer loop
      vertex   1.318101e+02 -3.530711e+01 4.373253e+00
      vertex   1.384500e+02 -3.533461e+01 4.435542e+00
      vertex   1.318101e+02 -3.534922e+01 4.472186e+00
    endloop
  endfacet
  facet normal 1.624257e-04 -9.386973e-01 -3.447424e-01
    outer loop
      vertex   1.318101e+02 -3.534922e+01 4.472186e+00
      vertex   1.384500e+02 -3.533461e+01 4.435542e+00
      vertex   1.318101e+02 -3.536347e+01 4.510986e+00
    endloop
  endfacet
  facet normal 5.032103e-04 -9.479887e-01 -3.183035e-01
    outer loop
      vertex   1.318101e+02 -3.536347e+01 4.510986e+00
      vertex   1.384500e+02 -3.533461e+01 4.435542e+00
      vertex   1.318101e+02 -3.537663e+01 4.550171e+00
    endloop
  endfacet
  facet normal 1.018547e-03 -9.565435e-01 -2.915879e-01
    outer loop
      vertex   1.318101e+02 -3.537663e+01 4.550171e+00
      vertex   1.384500e+02 -3.533461e+01 4.435542e+00
      vertex   1.318101e+02 -3.538868e+01 4.589709e+00
    endloop
  endfacet
  facet normal 1.051982e-03 -9.569392e-01 -2.902866e-01
    outer loop
      vertex   1.318101e+02 -3.538868e+01 4.589709e+00
      vertex   1.384500e+02 -3.533461e+01 4.435542e+00
      vertex   1.384500e+02 -3.541855e+01 4.712242e+00
    endloop
  endfacet
  facet normal 1.630879e-04 -9.694787e-01 -2.451755e-01
    outer loop
      vertex   1.318101e+02 -3.538868e+01 4.589709e+00
      vertex   1.384500e+02 -3.541855e+01 4.712242e+00
      vertex   1.318101e+02 -3.541339e+01 4.687409e+00
    endloop
  endfacet
  facet normal -9.783405e-05 -9.839544e-01 -1.784199e-01
    outer loop
      vertex   1.318101e+02 -3.541339e+01 4.687409e+00
      vertex   1.384500e+02 -3.541855e+01 4.712242e+00
      vertex   1.318101e+02 -3.543137e+01 4.786569e+00
    endloop
  endfacet
  facet normal 6.780103e-04 -9.938408e-01 -1.108153e-01
    outer loop
      vertex   1.318101e+02 -3.543137e+01 4.786569e+00
      vertex   1.384500e+02 -3.541855e+01 4.712242e+00
      vertex   1.318101e+02 -3.544254e+01 4.886724e+00
    endloop
  endfacet
  facet normal 1.019206e-03 -9.951843e-01 -9.801578e-02
    outer loop
      vertex   1.318101e+02 -3.544254e+01 4.886724e+00
      vertex   1.384500e+02 -3.541855e+01 4.712242e+00
      vertex   1.384500e+02 -3.544689e+01 5.000000e+00
    endloop
  endfacet
  facet normal 4.377738e-04 -9.979472e-01 -6.404020e-02
    outer loop
      vertex   1.318101e+02 -3.544254e+01 4.886724e+00
      vertex   1.384500e+02 -3.544689e+01 5.000000e+00
      vertex   1.318101e+02 -3.544496e+01 4.924442e+00
    endloop
  endfacet
  facet normal 1.456717e-04 -9.992623e-01 -3.840453e-02
    outer loop
      vertex   1.318101e+02 -3.544496e+01 4.924442e+00
      vertex   1.384500e+02 -3.544689e+01 5.000000e+00
      vertex   1.318101e+02 -3.544641e+01 4.962209e+00
    endloop
  endfacet
  facet normal -9.205333e-10 -9.999178e-01 -1.281833e-02
    outer loop
      vertex   1.318101e+02 -3.544641e+01 4.962209e+00
      vertex   1.384500e+02 -3.544689e+01 5.000000e+00
      vertex   1.318101e+02 -3.544689e+01 5.000001e+00
    endloop
  endfacet
  facet normal 2.427049e-09 -9.994287e-01 3.379639e-02
    outer loop
      vertex   1.318101e+02 -3.544689e+01 5.000001e+00
      vertex   1.384500e+02 -3.544689e+01 5.000000e+00
      vertex   1.318101e+02 -3.544352e+01 5.099610e+00
    endloop
  endfacet
  facet normal 9.655575e-04 -9.951844e-01 9.801562e-02
    outer loop
      vertex   1.318101e+02 -3.544352e+01 5.099610e+00
      vertex   1.384500e+02 -3.544689e+01 5.000000e+00
      vertex   1.384500e+02 -3.541855e+01 5.287758e+00
    endloop
  endfacet
  facet normal 8.741994e-04 -9.948660e-01 1.011975e-01
    outer loop
      vertex   1.318101e+02 -3.544352e+01 5.099610e+00
      vertex   1.384500e+02 -3.541855e+01 5.287758e+00
      vertex   1.318101e+02 -3.543344e+01 5.198766e+00
    endloop
  endfacet
  facet normal -4.368192e-05 -9.857599e-01 1.681590e-01
    outer loop
      vertex   1.318101e+02 -3.543344e+01 5.198766e+00
      vertex   1.384500e+02 -3.541855e+01 5.287758e+00
      vertex   1.318101e+02 -3.541668e+01 5.297013e+00
    endloop
  endfacet
  facet normal 2.308493e-05 -9.767803e-01 2.142433e-01
    outer loop
      vertex   1.318101e+02 -3.541668e+01 5.297013e+00
      vertex   1.384500e+02 -3.541855e+01 5.287758e+00
      vertex   1.318101e+02 -3.540834e+01 5.335015e+00
    endloop
  endfacet
  facet normal 2.151335e-04 -9.707893e-01 2.399335e-01
    outer loop
      vertex   1.318101e+02 -3.540834e+01 5.335015e+00
      vertex   1.384500e+02 -3.541855e+01 5.287758e+00
      vertex   1.318101e+02 -3.539901e+01 5.372783e+00
    endloop
  endfacet
  facet normal 5.618309e-04 -9.641176e-01 2.654749e-01
    outer loop
      vertex   1.318101e+02 -3.539901e+01 5.372783e+00
      vertex   1.384500e+02 -3.541855e+01 5.287758e+00
      vertex   1.318101e+02 -3.538868e+01 5.410292e+00
    endloop
  endfacet
  facet normal 1.052003e-03 -9.569392e-01 2.902866e-01
    outer loop
      vertex   1.318101e+02 -3.538868e+01 5.410292e+00
      vertex   1.384500e+02 -3.541855e+01 5.287758e+00
      vertex   1.384500e+02 -3.533461e+01 5.564458e+00
    endloop
  endfacet
  facet normal 5.023157e-04 -9.502124e-01 3.116025e-01
    outer loop
      vertex   1.318101e+02 -3.538868e+01 5.410292e+00
      vertex   1.384500e+02 -3.533461e+01 5.564458e+00
      vertex   1.318101e+02 -3.535652e+01 5.508367e+00
    endloop
  endfacet
  facet normal -1.322000e-04 -9.260928e-01 3.772958e-01
    outer loop
      vertex   1.318101e+02 -3.535652e+01 5.508367e+00
      vertex   1.384500e+02 -3.533461e+01 5.564458e+00
      vertex   1.318101e+02 -3.531758e+01 5.603953e+00
    endloop
  endfacet
  facet normal 3.209899e-04 -8.974446e-01 4.411272e-01
    outer loop
      vertex   1.318101e+02 -3.531758e+01 5.603953e+00
      vertex   1.384500e+02 -3.533461e+01 5.564458e+00
      vertex   1.318101e+02 -3.527205e+01 5.696582e+00
    endloop
  endfacet
  facet normal 1.069600e-03 -8.819204e-01 4.713971e-01
    outer loop
      vertex   1.318101e+02 -3.527205e+01 5.696582e+00
      vertex   1.384500e+02 -3.533461e+01 5.564458e+00
      vertex   1.384500e+02 -3.519831e+01 5.819466e+00
    endloop
  endfacet
  facet normal 7.145018e-04 -8.740390e-01 4.858552e-01
    outer loop
      vertex   1.318101e+02 -3.527205e+01 5.696582e+00
      vertex   1.384500e+02 -3.519831e+01 5.819466e+00
      vertex   1.318101e+02 -3.524987e+01 5.736477e+00
    endloop
  endfacet
  facet normal 2.597119e-04 -8.585980e-01 5.126494e-01
    outer loop
      vertex   1.318101e+02 -3.524987e+01 5.736477e+00
      vertex   1.384500e+02 -3.519831e+01 5.819466e+00
      vertex   1.318101e+02 -3.522647e+01 5.775667e+00
    endloop
  endfacet
  facet normal 1.704830e-05 -8.423230e-01 5.389731e-01
    outer loop
      vertex   1.318101e+02 -3.522647e+01 5.775667e+00
      vertex   1.384500e+02 -3.519831e+01 5.819466e+00
      vertex   1.318101e+02 -3.520187e+01 5.814114e+00
    endloop
  endfacet
  facet normal -3.566976e-05 -8.117312e-01 5.840313e-01
    outer loop
      vertex   1.318101e+02 -3.520187e+01 5.814114e+00
      vertex   1.384500e+02 -3.519831e+01 5.819466e+00
      vertex   1.318101e+02 -3.513468e+01 5.907492e+00
    endloop
  endfacet
  facet normal 1.003034e-03 -7.730094e-01 6.343938e-01
    outer loop
      vertex   1.318101e+02 -3.513468e+01 5.907492e+00
      vertex   1.384500e+02 -3.519831e+01 5.819466e+00
      vertex   1.384500e+02 -3.501487e+01 6.042983e+00
    endloop
  endfacet
  facet normal 6.086619e-04 -7.637399e-01 6.455238e-01
    outer loop
      vertex   1.318101e+02 -3.513468e+01 5.907492e+00
      vertex   1.384500e+02 -3.501487e+01 6.042983e+00
      vertex   1.318101e+02 -3.506043e+01 5.995350e+00
    endloop
  endfacet
  facet normal -1.652282e-04 -7.111140e-01 7.030767e-01
    outer loop
      vertex   1.318101e+02 -3.506043e+01 5.995350e+00
      vertex   1.384500e+02 -3.501487e+01 6.042983e+00
      vertex   1.318101e+02 -3.497955e+01 6.077154e+00
    endloop
  endfacet
  facet normal 2.930676e-04 -6.662406e-01 7.457368e-01
    outer loop
      vertex   1.318101e+02 -3.497955e+01 6.077154e+00
      vertex   1.384500e+02 -3.501487e+01 6.042983e+00
      vertex   1.318101e+02 -3.492914e+01 6.122188e+00
    endloop
  endfacet
  facet normal 1.029622e-03 -6.343929e-01 7.730101e-01
    outer loop
      vertex   1.318101e+02 -3.492914e+01 6.122188e+00
      vertex   1.384500e+02 -3.501487e+01 6.042983e+00
      vertex   1.384500e+02 -3.479136e+01 6.226418e+00
    endloop
  endfacet
  facet normal 9.282362e-04 -6.313739e-01 7.754780e-01
    outer loop
      vertex   1.318101e+02 -3.492914e+01 6.122188e+00
      vertex   1.384500e+02 -3.479136e+01 6.226418e+00
      vertex   1.318101e+02 -3.487672e+01 6.164865e+00
    endloop
  endfacet
  facet normal 2.024501e-04 -5.951876e-01 8.035867e-01
    outer loop
      vertex   1.318101e+02 -3.487672e+01 6.164865e+00
      vertex   1.384500e+02 -3.479136e+01 6.226418e+00
      vertex   1.318101e+02 -3.482240e+01 6.205096e+00
    endloop
  endfacet
  facet normal -2.530575e-04 -5.287870e-01 8.487546e-01
    outer loop
      vertex   1.318101e+02 -3.482240e+01 6.205096e+00
      vertex   1.384500e+02 -3.479136e+01 6.226418e+00
      vertex   1.318101e+02 -3.467874e+01 6.294601e+00
    endloop
  endfacet
  facet normal 1.060858e-03 -4.713982e-01 8.819198e-01
    outer loop
      vertex   1.318101e+02 -3.467874e+01 6.294601e+00
      vertex   1.384500e+02 -3.479136e+01 6.226418e+00
      vertex   1.384500e+02 -3.453635e+01 6.362723e+00
    endloop
  endfacet
  facet normal -9.211002e-05 -4.280739e-01 9.037437e-01
    outer loop
      vertex   1.318101e+02 -3.467874e+01 6.294601e+00
      vertex   1.384500e+02 -3.453635e+01 6.362723e+00
      vertex   1.318101e+02 -3.452577e+01 6.367057e+00
    endloop
  endfacet
  facet normal 1.055002e-04 -3.217121e-01 9.468375e-01
    outer loop
      vertex   1.318101e+02 -3.452577e+01 6.367057e+00
      vertex   1.384500e+02 -3.453635e+01 6.362723e+00
      vertex   1.318101e+02 -3.436551e+01 6.421511e+00
    endloop
  endfacet
  facet normal 1.003608e-03 -2.902834e-01 9.569402e-01
    outer loop
      vertex   1.318101e+02 -3.436551e+01 6.421511e+00
      vertex   1.384500e+02 -3.453635e+01 6.362723e+00
      vertex   1.384500e+02 -3.425965e+01 6.446658e+00
    endloop
  endfacet
  facet normal -7.591918e-04 -1.858029e-01 9.825867e-01
    outer loop
      vertex   1.318101e+02 -3.436551e+01 6.421511e+00
      vertex   1.384500e+02 -3.425965e+01 6.446658e+00
      vertex   1.318101e+02 -3.412450e+01 6.467084e+00
    endloop
  endfacet
  facet normal 1.066352e-03 -9.801740e-02 9.951841e-01
    outer loop
      vertex   1.318101e+02 -3.412450e+01 6.467084e+00
      vertex   1.384500e+02 -3.425965e+01 6.446658e+00
      vertex   1.384500e+02 -3.397189e+01 6.475000e+00
    endloop
  endfacet
  facet normal -7.229041e-04 -2.040712e-02 9.997915e-01
    outer loop
      vertex   1.318101e+02 -3.412450e+01 6.467084e+00
      vertex   1.384500e+02 -3.397189e+01 6.475000e+00
      vertex   1.318101e+02 -3.387928e+01 6.472090e+00
    endloop
  endfacet
  facet normal 9.309316e-04 9.801742e-02 9.951843e-01
    outer loop
      vertex   1.318101e+02 -3.387928e+01 6.472090e+00
      vertex   1.384500e+02 -3.397189e+01 6.475000e+00
      vertex   1.384500e+02 -3.368413e+01 6.446658e+00
    endloop
  endfacet
  facet normal -4.884346e-04 1.455523e-01 9.893504e-01
    outer loop
      vertex   1.318101e+02 -3.387928e+01 6.472090e+00
      vertex   1.384500e+02 -3.368413e+01 6.446658e+00
      vertex   1.318101e+02 -3.363661e+01 6.436389e+00
    endloop
  endfacet
  facet normal 5.975416e-04 2.902854e-01 9.569399e-01
    outer loop
      vertex   1.318101e+02 -3.363661e+01 6.436389e+00
      vertex   1.384500e+02 -3.368413e+01 6.446658e+00
      vertex   1.384500e+02 -3.340744e+01 6.362723e+00
    endloop
  endfacet
  facet normal -5.602746e-05 3.074890e-01 9.515516e-01
    outer loop
      vertex   1.318101e+02 -3.363661e+01 6.436389e+00
      vertex   1.384500e+02 -3.340744e+01 6.362723e+00
      vertex   1.318101e+02 -3.340322e+01 6.360969e+00
    endloop
  endfacet
  facet normal 2.620591e-05 4.189208e-01 9.080228e-01
    outer loop
      vertex   1.318101e+02 -3.340322e+01 6.360969e+00
      vertex   1.384500e+02 -3.340744e+01 6.362723e+00
      vertex   1.318101e+02 -3.330556e+01 6.315915e+00
    endloop
  endfacet
  facet normal 1.015288e-03 4.713955e-01 8.819213e-01
    outer loop
      vertex   1.318101e+02 -3.330556e+01 6.315915e+00
      vertex   1.384500e+02 -3.340744e+01 6.362723e+00
      vertex   1.384500e+02 -3.315243e+01 6.226418e+00
    endloop
  endfacet
  facet normal 6.330130e-04 4.839737e-01 8.750823e-01
    outer loop
      vertex   1.318101e+02 -3.330556e+01 6.315915e+00
      vertex   1.384500e+02 -3.315243e+01 6.226418e+00
      vertex   1.318101e+02 -3.321145e+01 6.263865e+00
    endloop
  endfacet
  facet normal -1.343260e-04 5.464468e-01 8.374938e-01
    outer loop
      vertex   1.318101e+02 -3.321145e+01 6.263865e+00
      vertex   1.384500e+02 -3.315243e+01 6.226418e+00
      vertex   1.318101e+02 -3.312138e+01 6.205096e+00
    endloop
  endfacet
  facet normal 3.211338e-04 6.118883e-01 7.909442e-01
    outer loop
      vertex   1.318101e+02 -3.312138e+01 6.205096e+00
      vertex   1.384500e+02 -3.315243e+01 6.226418e+00
      vertex   1.318101e+02 -3.301908e+01 6.125953e+00
    endloop
  endfacet
  facet normal 1.044443e-03 6.343929e-01 7.730101e-01
    outer loop
      vertex   1.318101e+02 -3.301908e+01 6.125953e+00
      vertex   1.384500e+02 -3.315243e+01 6.226418e+00
      vertex   1.384500e+02 -3.292891e+01 6.042983e+00
    endloop
  endfacet
  facet normal -4.262635e-05 6.788244e-01 7.343006e-01
    outer loop
      vertex   1.318101e+02 -3.301908e+01 6.125953e+00
      vertex   1.384500e+02 -3.292891e+01 6.042983e+00
      vertex   1.318101e+02 -3.292410e+01 6.038152e+00
    endloop
  endfacet
  facet normal 4.738496e-05 7.405421e-01 6.720099e-01
    outer loop
      vertex   1.318101e+02 -3.292410e+01 6.038152e+00
      vertex   1.384500e+02 -3.292891e+01 6.042983e+00
      vertex   1.318101e+02 -3.283718e+01 5.942368e+00
    endloop
  endfacet
  facet normal 1.065906e-03 7.730093e-01 6.343938e-01
    outer loop
      vertex   1.318101e+02 -3.283718e+01 5.942368e+00
      vertex   1.384500e+02 -3.292891e+01 6.042983e+00
      vertex   1.384500e+02 -3.274548e+01 5.819466e+00
    endloop
  endfacet
  facet normal 7.836425e-04 7.807114e-01 6.248913e-01
    outer loop
      vertex   1.318101e+02 -3.283718e+01 5.942368e+00
      vertex   1.384500e+02 -3.274548e+01 5.819466e+00
      vertex   1.318101e+02 -3.280389e+01 5.900774e+00
    endloop
  endfacet
  facet normal 2.392872e-04 8.027720e-01 5.962861e-01
    outer loop
      vertex   1.318101e+02 -3.280389e+01 5.900774e+00
      vertex   1.384500e+02 -3.274548e+01 5.819466e+00
      vertex   1.318101e+02 -3.277212e+01 5.858004e+00
    endloop
  endfacet
  facet normal -1.542267e-05 8.237726e-01 5.669204e-01
    outer loop
      vertex   1.318101e+02 -3.277212e+01 5.858004e+00
      vertex   1.384500e+02 -3.274548e+01 5.819466e+00
      vertex   1.318101e+02 -3.274192e+01 5.814114e+00
    endloop
  endfacet
  facet normal 3.731014e-05 8.534235e-01 5.212182e-01
    outer loop
      vertex   1.318101e+02 -3.274192e+01 5.814114e+00
      vertex   1.384500e+02 -3.274548e+01 5.819466e+00
      vertex   1.318101e+02 -3.268593e+01 5.722450e+00
    endloop
  endfacet
  facet normal 1.020787e-03 8.819204e-01 4.713972e-01
    outer loop
      vertex   1.318101e+02 -3.268593e+01 5.722450e+00
      vertex   1.384500e+02 -3.274548e+01 5.819466e+00
      vertex   1.384500e+02 -3.260917e+01 5.564458e+00
    endloop
  endfacet
  facet normal 6.127624e-04 8.890898e-01 4.577325e-01
    outer loop
      vertex   1.318101e+02 -3.268593e+01 5.722450e+00
      vertex   1.384500e+02 -3.260917e+01 5.564458e+00
      vertex   1.318101e+02 -3.263677e+01 5.626956e+00
    endloop
  endfacet
  facet normal -1.363377e-04 9.200439e-01 3.918152e-01
    outer loop
      vertex   1.318101e+02 -3.263677e+01 5.626956e+00
      vertex   1.384500e+02 -3.260917e+01 5.564458e+00
      vertex   1.318101e+02 -3.259469e+01 5.528136e+00
    endloop
  endfacet
  facet normal 1.608765e-04 9.386400e-01 3.448983e-01
    outer loop
      vertex   1.318101e+02 -3.259469e+01 5.528136e+00
      vertex   1.384500e+02 -3.260917e+01 5.564458e+00
      vertex   1.318101e+02 -3.258039e+01 5.489231e+00
    endloop
  endfacet
  facet normal 5.015675e-04 9.479588e-01 3.183926e-01
    outer loop
      vertex   1.318101e+02 -3.258039e+01 5.489231e+00
      vertex   1.384500e+02 -3.260917e+01 5.564458e+00
      vertex   1.318101e+02 -3.256719e+01 5.449939e+00
    endloop
  endfacet
  facet normal 1.017700e-03 9.565365e-01 2.916110e-01
    outer loop
      vertex   1.318101e+02 -3.256719e+01 5.449939e+00
      vertex   1.384500e+02 -3.260917e+01 5.564458e+00
      vertex   1.318101e+02 -3.255511e+01 5.410292e+00
    endloop
  endfacet
  facet normal 1.051883e-03 9.569410e-01 2.902806e-01
    outer loop
      vertex   1.318101e+02 -3.255511e+01 5.410292e+00
      vertex   1.384500e+02 -3.260917e+01 5.564458e+00
      vertex   1.384500e+02 -3.252524e+01 5.287758e+00
    endloop
  endfacet
  facet normal 1.640102e-04 9.694670e-01 2.452217e-01
    outer loop
      vertex   1.318101e+02 -3.255511e+01 5.410292e+00
      vertex   1.384500e+02 -3.252524e+01 5.287758e+00
      vertex   1.318101e+02 -3.253042e+01 5.312695e+00
    endloop
  endfacet
  facet normal -9.774208e-05 9.839343e-01 1.785311e-01
    outer loop
      vertex   1.318101e+02 -3.253042e+01 5.312695e+00
      vertex   1.384500e+02 -3.252524e+01 5.287758e+00
      vertex   1.318101e+02 -3.251245e+01 5.213641e+00
    endloop
  endfacet
  facet normal 6.752573e-04 9.938216e-01 1.109872e-01
    outer loop
      vertex   1.318101e+02 -3.251245e+01 5.213641e+00
      vertex   1.384500e+02 -3.252524e+01 5.287758e+00
      vertex   1.318101e+02 -3.250127e+01 5.113591e+00
    endloop
  endfacet
  facet normal 1.020252e-03 9.951837e-01 9.802215e-02
    outer loop
      vertex   1.318101e+02 -3.250127e+01 5.113591e+00
      vertex   1.384500e+02 -3.252524e+01 5.287758e+00
      vertex   1.384500e+02 -3.249689e+01 5.000000e+00
    endloop
  endfacet
  facet normal 4.400977e-04 9.979359e-01 6.421575e-02
    outer loop
      vertex   1.318101e+02 -3.250127e+01 5.113591e+00
      vertex   1.384500e+02 -3.249689e+01 5.000000e+00
      vertex   1.318101e+02 -3.249884e+01 5.075770e+00
    endloop
  endfacet
  facet normal 1.462539e-04 9.992586e-01 3.849932e-02
    outer loop
      vertex   1.318101e+02 -3.249884e+01 5.075770e+00
      vertex   1.384500e+02 -3.249689e+01 5.000000e+00
      vertex   1.318101e+02 -3.249738e+01 5.037898e+00
    endloop
  endfacet
  facet normal 9.307459e-04 6.314813e-01 -7.753905e-01
    outer loop
      vertex   1.318101e+02 -3.306695e+01 3.835224e+00
      vertex   1.318101e+02 -3.301443e+01 3.877999e+00
      vertex   1.384500e+02 -3.315243e+01 3.773583e+00
    endloop
  endfacet
  facet normal 6.116481e-04 7.638329e-01 -6.454138e-01
    outer loop
      vertex   1.318101e+02 -3.288317e+01 4.004862e+00
      vertex   1.318101e+02 -3.280901e+01 4.092622e+00
      vertex   1.384500e+02 -3.292891e+01 3.957018e+00
    endloop
  endfacet
  facet normal 2.610451e-04 8.586648e-01 -5.125374e-01
    outer loop
      vertex   1.318101e+02 -3.271725e+01 4.224432e+00
      vertex   1.318101e+02 -3.269380e+01 4.263723e+00
      vertex   1.384500e+02 -3.274548e+01 4.180534e+00
    endloop
  endfacet
  facet normal 7.178608e-04 8.741339e-01 -4.856844e-01
    outer loop
      vertex   1.384500e+02 -3.274548e+01 4.180534e+00
      vertex   1.318101e+02 -3.269380e+01 4.263723e+00
      vertex   1.318101e+02 -3.267158e+01 4.303722e+00
    endloop
  endfacet
  facet normal 5.031071e-04 9.502262e-01 -3.115605e-01
    outer loop
      vertex   1.318101e+02 -3.258723e+01 4.491741e+00
      vertex   1.318101e+02 -3.255511e+01 4.589709e+00
      vertex   1.384500e+02 -3.260917e+01 4.435542e+00
    endloop
  endfacet
  facet normal 2.238005e-05 9.768208e-01 -2.140589e-01
    outer loop
      vertex   1.318101e+02 -3.253539e+01 4.665191e+00
      vertex   1.318101e+02 -3.252704e+01 4.703297e+00
      vertex   1.384500e+02 -3.252524e+01 4.712242e+00
    endloop
  endfacet
  facet normal -4.212638e-05 9.857886e-01 -1.679907e-01
    outer loop
      vertex   1.384500e+02 -3.252524e+01 4.712242e+00
      vertex   1.318101e+02 -3.252704e+01 4.703297e+00
      vertex   1.318101e+02 -3.251032e+01 4.801444e+00
    endloop
  endfacet
  facet normal 8.769950e-04 9.948765e-01 -1.010940e-01
    outer loop
      vertex   1.384500e+02 -3.252524e+01 4.712242e+00
      vertex   1.318101e+02 -3.251032e+01 4.801444e+00
      vertex   1.318101e+02 -3.250025e+01 4.900496e+00
    endloop
  endfacet
  facet normal 1.000000e+00 0.000000e+00 0.000000e+00
    outer loop
      vertex   1.318101e+02 -3.357736e+01 3.578744e+00
      vertex   1.318101e+02 -3.381881e+01 3.532966e+00
      vertex   1.318101e+02 -3.110072e+01 3.422927e+00
    endloop
  endfacet
  facet normal 1.000000e+00 0.000000e+00 0.000000e+00
    outer loop
      vertex   1.318101e+02 -3.110072e+01 3.422927e+00
      vertex   1.318101e+02 -3.381881e+01 3.532966e+00
      vertex   1.318101e+02 -3.406451e+01 3.527911e+00
    endloop
  endfacet
  facet normal 1.000000e+00 0.000000e+00 0.000000e+00
    outer loop
      vertex   1.318101e+02 -3.110072e+01 3.422927e+00
      vertex   1.318101e+02 -3.406451e+01 3.527911e+00
      vertex   1.318101e+02 -3.683809e+01 3.422927e+00
    endloop
  endfacet
  facet normal 1.000000e+00 0.000000e+00 0.000000e+00
    outer loop
      vertex   1.318101e+02 -3.683809e+01 3.422927e+00
      vertex   1.318101e+02 -3.406451e+01 3.527911e+00
      vertex   1.318101e+02 -3.430764e+01 3.563720e+00
    endloop
  endfacet
  facet normal 1.000000e+00 0.000000e+00 0.000000e+00
    outer loop
      vertex   1.318101e+02 -3.683809e+01 3.422927e+00
      vertex   1.318101e+02 -3.430764e+01 3.563720e+00
      vertex   1.318101e+02 -3.454145e+01 3.639400e+00
    endloop
  endfacet
  facet normal 1.000000e+00 0.000000e+00 0.000000e+00
    outer loop
      vertex   1.318101e+02 -3.454145e+01 3.639400e+00
      vertex   1.318101e+02 -3.701313e+01 3.794905e+00
      vertex   1.318101e+02 -3.683809e+01 3.422927e+00
    endloop
  endfacet
  facet normal 1.000000e+00 0.000000e+00 0.000000e+00
    outer loop
      vertex   1.318101e+02 -3.454145e+01 3.639400e+00
      vertex   1.318101e+02 -3.463879e+01 3.684373e+00
      vertex   1.318101e+02 -3.701313e+01 3.794905e+00
    endloop
  endfacet
  facet normal 1.000000e+00 0.000000e+00 0.000000e+00
    outer loop
      vertex   1.318101e+02 -3.701313e+01 3.794905e+00
      vertex   1.318101e+02 -3.463879e+01 3.684373e+00
      vertex   1.318101e+02 -3.473261e+01 3.736300e+00
    endloop
  endfacet
  facet normal 1.000000e+00 -0.000000e+00 0.000000e+00
    outer loop
      vertex   1.318101e+02 -3.701313e+01 3.794905e+00
      vertex   1.318101e+02 -3.473261e+01 3.736300e+00
      vertex   1.318101e+02 -3.482241e+01 3.794905e+00
    endloop
  endfacet
  facet normal 1.000000e+00 0.000000e+00 0.000000e+00
    outer loop
      vertex   1.318101e+02 -3.482241e+01 3.794905e+00
      vertex   1.318101e+02 -3.492482e+01 3.874141e+00
      vertex   1.318101e+02 -3.701313e+01 3.794905e+00
    endloop
  endfacet
  facet normal 1.000000e+00 0.000000e+00 0.000000e+00
    outer loop
      vertex   1.318101e+02 -3.701313e+01 3.794905e+00
      vertex   1.318101e+02 -3.492482e+01 3.874141e+00
      vertex   1.318101e+02 -3.501989e+01 3.962052e+00
    endloop
  endfacet
  facet normal 1.000000e+00 0.000000e+00 0.000000e+00
    outer loop
      vertex   1.318101e+02 -3.701313e+01 3.794905e+00
      vertex   1.318101e+02 -3.501989e+01 3.962052e+00
      vertex   1.318101e+02 -3.510688e+01 4.057963e+00
    endloop
  endfacet
  facet normal 1.000000e+00 0.000000e+00 0.000000e+00
    outer loop
      vertex   1.318101e+02 -3.510688e+01 4.057963e+00
      vertex   1.318101e+02 -3.714016e+01 4.185887e+00
      vertex   1.318101e+02 -3.701313e+01 3.794905e+00
    endloop
  endfacet
  facet normal 1.000000e+00 0.000000e+00 0.000000e+00
    outer loop
      vertex   1.318101e+02 -3.510688e+01 4.057963e+00
      vertex   1.318101e+02 -3.514007e+01 4.099454e+00
      vertex   1.318101e+02 -3.714016e+01 4.185887e+00
    endloop
  endfacet
  facet normal 1.000000e+00 0.000000e+00 0.000000e+00
    outer loop
      vertex   1.318101e+02 -3.714016e+01 4.185887e+00
      vertex   1.318101e+02 -3.514007e+01 4.099454e+00
      vertex   1.318101e+02 -3.517175e+01 4.142114e+00
    endloop
  endfacet
  facet normal 1.000000e+00 -0.000000e+00 0.000000e+00
    outer loop
      vertex   1.318101e+02 -3.714016e+01 4.185887e+00
      vertex   1.318101e+02 -3.517175e+01 4.142114e+00
      vertex   1.318101e+02 -3.520187e+01 4.185887e+00
    endloop
  endfacet
  facet normal 1.000000e+00 0.000000e+00 0.000000e+00
    outer loop
      vertex   1.318101e+02 -3.520187e+01 4.185887e+00
      vertex   1.318101e+02 -3.525791e+01 4.277651e+00
      vertex   1.318101e+02 -3.714016e+01 4.185887e+00
    endloop
  endfacet
  facet normal 1.000000e+00 0.000000e+00 0.000000e+00
    outer loop
      vertex   1.318101e+02 -3.714016e+01 4.185887e+00
      vertex   1.318101e+02 -3.525791e+01 4.277651e+00
      vertex   1.318101e+02 -3.530711e+01 4.373253e+00
    endloop
  endfacet
  facet normal 1.000000e+00 0.000000e+00 -0.000000e+00
    outer loop
      vertex   1.318101e+02 -3.714016e+01 4.185887e+00
      vertex   1.318101e+02 -3.530711e+01 4.373253e+00
      vertex   1.318101e+02 -3.721720e+01 4.589709e+00
    endloop
  endfacet
  facet normal 1.000000e+00 0.000000e+00 0.000000e+00
    outer loop
      vertex   1.318101e+02 -3.721720e+01 4.589709e+00
      vertex   1.318101e+02 -3.530711e+01 4.373253e+00
      vertex   1.318101e+02 -3.534922e+01 4.472186e+00
    endloop
  endfacet
  facet normal 1.000000e+00 0.000000e+00 0.000000e+00
    outer loop
      vertex   1.318101e+02 -3.534922e+01 4.472186e+00
      vertex   1.318101e+02 -3.536347e+01 4.510986e+00
      vertex   1.318101e+02 -3.721720e+01 4.589709e+00
    endloop
  endfacet
  facet normal 1.000000e+00 0.000000e+00 0.000000e+00
    outer loop
      vertex   1.318101e+02 -3.721720e+01 4.589709e+00
      vertex   1.318101e+02 -3.536347e+01 4.510986e+00
      vertex   1.318101e+02 -3.537663e+01 4.550171e+00
    endloop
  endfacet
  facet normal 1.000000e+00 -0.000000e+00 0.000000e+00
    outer loop
      vertex   1.318101e+02 -3.721720e+01 4.589709e+00
      vertex   1.318101e+02 -3.537663e+01 4.550171e+00
      vertex   1.318101e+02 -3.538868e+01 4.589709e+00
    endloop
  endfacet
  facet normal 1.000000e+00 0.000000e+00 0.000000e+00
    outer loop
      vertex   1.318101e+02 -3.538868e+01 4.589709e+00
      vertex   1.318101e+02 -3.541339e+01 4.687409e+00
      vertex   1.318101e+02 -3.721720e+01 4.589709e+00
    endloop
  endfacet
  facet normal 1.000000e+00 0.000000e+00 0.000000e+00
    outer loop
      vertex   1.318101e+02 -3.721720e+01 4.589709e+00
      vertex   1.318101e+02 -3.541339e+01 4.687409e+00
      vertex   1.318101e+02 -3.543137e+01 4.786569e+00
    endloop
  endfacet
  facet normal 1.000000e+00 0.000000e+00 -0.000000e+00
    outer loop
      vertex   1.318101e+02 -3.721720e+01 4.589709e+00
      vertex   1.318101e+02 -3.543137e+01 4.786569e+00
      vertex   1.318101e+02 -3.724301e+01 5.000001e+00
    endloop
  endfacet
  facet normal 1.000000e+00 0.000000e+00 0.000000e+00
    outer loop
      vertex   1.318101e+02 -3.724301e+01 5.000001e+00
      vertex   1.318101e+02 -3.543137e+01 4.786569e+00
      vertex   1.318101e+02 -3.544254e+01 4.886724e+00
    endloop
  endfacet
  facet normal 1.000000e+00 0.000000e+00 0.000000e+00
    outer loop
      vertex   1.318101e+02 -3.544254e+01 4.886724e+00
      vertex   1.318101e+02 -3.544496e+01 4.924442e+00
      vertex   1.318101e+02 -3.724301e+01 5.000001e+00
    endloop
  endfacet
  facet normal 1.000000e+00 0.000000e+00 0.000000e+00
    outer loop
      vertex   1.318101e+02 -3.724301e+01 5.000001e+00
      vertex   1.318101e+02 -3.544496e+01 4.924442e+00
      vertex   1.318101e+02 -3.544641e+01 4.962209e+00
    endloop
  endfacet
  facet normal 1.000000e+00 -0.000000e+00 0.000000e+00
    outer loop
      vertex   1.318101e+02 -3.724301e+01 5.000001e+00
      vertex   1.318101e+02 -3.544641e+01 4.962209e+00
      vertex   1.318101e+02 -3.544689e+01 5.000001e+00
    endloop
  endfacet
  facet normal 1.000000e+00 0.000000e+00 -0.000000e+00
    outer loop
      vertex   1.318101e+02 -3.544689e+01 5.000001e+00
      vertex   1.318101e+02 -3.544352e+01 5.099610e+00
      vertex   1.318101e+02 -3.724301e+01 5.000001e+00
    endloop
  endfacet
  facet normal 1.000000e+00 0.000000e+00 0.000000e+00
    outer loop
      vertex   1.318101e+02 -3.724301e+01 5.000001e+00
      vertex   1.318101e+02 -3.544352e+01 5.099610e+00
      vertex   1.318101e+02 -3.543344e+01 5.198766e+00
    endloop
  endfacet
  facet normal 1.000000e+00 0.000000e+00 0.000000e+00
    outer loop
      vertex   1.318101e+02 -3.724301e+01 5.000001e+00
      vertex   1.318101e+02 -3.543344e+01 5.198766e+00
      vertex   1.318101e+02 -3.721720e+01 5.410292e+00
    endloop
  endfacet
  facet normal 1.000000e+00 0.000000e+00 0.000000e+00
    outer loop
      vertex   1.318101e+02 -3.721720e+01 5.410292e+00
      vertex   1.318101e+02 -3.543344e+01 5.198766e+00
      vertex   1.318101e+02 -3.541668e+01 5.297013e+00
    endloop
  endfacet
  facet normal 1.000000e+00 0.000000e+00 -0.000000e+00
    outer loop
      vertex   1.318101e+02 -3.541668e+01 5.297013e+00
      vertex   1.318101e+02 -3.540834e+01 5.335015e+00
      vertex   1.318101e+02 -3.721720e+01 5.410292e+00
    endloop
  endfacet
  facet normal 1.000000e+00 0.000000e+00 0.000000e+00
    outer loop
      vertex   1.318101e+02 -3.721720e+01 5.410292e+00
      vertex   1.318101e+02 -3.540834e+01 5.335015e+00
      vertex   1.318101e+02 -3.539901e+01 5.372783e+00
    endloop
  endfacet
  facet normal 1.000000e+00 -0.000000e+00 0.000000e+00
    outer loop
      vertex   1.318101e+02 -3.721720e+01 5.410292e+00
      vertex   1.318101e+02 -3.539901e+01 5.372783e+00
      vertex   1.318101e+02 -3.538868e+01 5.410292e+00
    endloop
  endfacet
  facet normal 1.000000e+00 0.000000e+00 -0.000000e+00
    outer loop
      vertex   1.318101e+02 -3.538868e+01 5.410292e+00
      vertex   1.318101e+02 -3.535652e+01 5.508367e+00
      vertex   1.318101e+02 -3.721720e+01 5.410292e+00
    endloop
  endfacet
  facet normal 1.000000e+00 0.000000e+00 0.000000e+00
    outer loop
      vertex   1.318101e+02 -3.721720e+01 5.410292e+00
      vertex   1.318101e+02 -3.535652e+01 5.508367e+00
      vertex   1.318101e+02 -3.531758e+01 5.603953e+00
    endloop
  endfacet
  facet normal 1.000000e+00 0.000000e+00 0.000000e+00
    outer loop
      vertex   1.318101e+02 -3.721720e+01 5.410292e+00
      vertex   1.318101e+02 -3.531758e+01 5.603953e+00
      vertex   1.318101e+02 -3.714016e+01 5.814114e+00
    endloop
  endfacet
  facet normal 1.000000e+00 0.000000e+00 0.000000e+00
    outer loop
      vertex   1.318101e+02 -3.714016e+01 5.814114e+00
      vertex   1.318101e+02 -3.531758e+01 5.603953e+00
      vertex   1.318101e+02 -3.527205e+01 5.696582e+00
    endloop
  endfacet
  facet normal 1.000000e+00 0.000000e+00 -0.000000e+00
    outer loop
      vertex   1.318101e+02 -3.527205e+01 5.696582e+00
      vertex   1.318101e+02 -3.524987e+01 5.736477e+00
      vertex   1.318101e+02 -3.714016e+01 5.814114e+00
    endloop
  endfacet
  facet normal 1.000000e+00 0.000000e+00 0.000000e+00
    outer loop
      vertex   1.318101e+02 -3.714016e+01 5.814114e+00
      vertex   1.318101e+02 -3.524987e+01 5.736477e+00
      vertex   1.318101e+02 -3.522647e+01 5.775667e+00
    endloop
  endfacet
  facet normal 1.000000e+00 -0.000000e+00 0.000000e+00
    outer loop
      vertex   1.318101e+02 -3.714016e+01 5.814114e+00
      vertex   1.318101e+02 -3.522647e+01 5.775667e+00
      vertex   1.318101e+02 -3.520187e+01 5.814114e+00
    endloop
  endfacet
  facet normal 1.000000e+00 0.000000e+00 -0.000000e+00
    outer loop
      vertex   1.318101e+02 -3.520187e+01 5.814114e+00
      vertex   1.318101e+02 -3.513468e+01 5.907492e+00
      vertex   1.318101e+02 -3.714016e+01 5.814114e+00
    endloop
  endfacet
  facet normal 1.000000e+00 0.000000e+00 0.000000e+00
    outer loop
      vertex   1.318101e+02 -3.714016e+01 5.814114e+00
      vertex   1.318101e+02 -3.513468e+01 5.907492e+00
      vertex   1.318101e+02 -3.506043e+01 5.995350e+00
    endloop
  endfacet
  facet normal 1.000000e+00 0.000000e+00 0.000000e+00
    outer loop
      vertex   1.318101e+02 -3.714016e+01 5.814114e+00
      vertex   1.318101e+02 -3.506043e+01 5.995350e+00
      vertex   1.318101e+02 -3.701313e+01 6.205096e+00
    endloop
  endfacet
  facet normal 1.000000e+00 0.000000e+00 0.000000e+00
    outer loop
      vertex   1.318101e+02 -3.701313e+01 6.205096e+00
      vertex   1.318101e+02 -3.506043e+01 5.995350e+00
      vertex   1.318101e+02 -3.497955e+01 6.077154e+00
    endloop
  endfacet
  facet normal 1.000000e+00 0.000000e+00 -0.000000e+00
    outer loop
      vertex   1.318101e+02 -3.497955e+01 6.077154e+00
      vertex   1.318101e+02 -3.492914e+01 6.122188e+00
      vertex   1.318101e+02 -3.701313e+01 6.205096e+00
    endloop
  endfacet
  facet normal 1.000000e+00 0.000000e+00 0.000000e+00
    outer loop
      vertex   1.318101e+02 -3.701313e+01 6.205096e+00
      vertex   1.318101e+02 -3.492914e+01 6.122188e+00
      vertex   1.318101e+02 -3.487672e+01 6.164865e+00
    endloop
  endfacet
  facet normal 1.000000e+00 -0.000000e+00 0.000000e+00
    outer loop
      vertex   1.318101e+02 -3.701313e+01 6.205096e+00
      vertex   1.318101e+02 -3.487672e+01 6.164865e+00
      vertex   1.318101e+02 -3.482240e+01 6.205096e+00
    endloop
  endfacet
  facet normal 1.000000e+00 0.000000e+00 -0.000000e+00
    outer loop
      vertex   1.318101e+02 -3.482240e+01 6.205096e+00
      vertex   1.318101e+02 -3.467874e+01 6.294601e+00
      vertex   1.318101e+02 -3.701313e+01 6.205096e+00
    endloop
  endfacet
  facet normal 1.000000e+00 0.000000e+00 0.000000e+00
    outer loop
      vertex   1.318101e+02 -3.701313e+01 6.205096e+00
      vertex   1.318101e+02 -3.467874e+01 6.294601e+00
      vertex   1.318101e+02 -3.683809e+01 6.577073e+00
    endloop
  endfacet
  facet normal 1.000000e+00 0.000000e+00 0.000000e+00
    outer loop
      vertex   1.318101e+02 -3.683809e+01 6.577073e+00
      vertex   1.318101e+02 -3.467874e+01 6.294601e+00
      vertex   1.318101e+02 -3.452577e+01 6.367057e+00
    endloop
  endfacet
  facet normal 1.000000e+00 0.000000e+00 0.000000e+00
    outer loop
      vertex   1.318101e+02 -3.683809e+01 6.577073e+00
      vertex   1.318101e+02 -3.452577e+01 6.367057e+00
      vertex   1.318101e+02 -3.436551e+01 6.421511e+00
    endloop
  endfacet
  facet normal 1.000000e+00 0.000000e+00 0.000000e+00
    outer loop
      vertex   1.318101e+02 -3.376385e+01 1.732853e+00
      vertex   1.318101e+02 -3.458282e+01 1.784379e+00
      vertex   1.318101e+02 -3.417495e+01 1.732853e+00
    endloop
  endfacet
  facet normal 1.000000e+00 0.000000e+00 0.000000e+00
    outer loop
      vertex   1.318101e+02 -3.335599e+01 1.784379e+00
      vertex   1.318101e+02 -3.458282e+01 1.784379e+00
      vertex   1.318101e+02 -3.376385e+01 1.732853e+00
    endloop
  endfacet
  facet normal 1.000000e+00 0.000000e+00 0.000000e+00
    outer loop
      vertex   1.318101e+02 -3.335599e+01 1.784379e+00
      vertex   1.318101e+02 -3.498100e+01 1.886616e+00
      vertex   1.318101e+02 -3.458282e+01 1.784379e+00
    endloop
  endfacet
  facet normal 1.000000e+00 0.000000e+00 0.000000e+00
    outer loop
      vertex   1.318101e+02 -3.295780e+01 1.886616e+00
      vertex   1.318101e+02 -3.498100e+01 1.886616e+00
      vertex   1.318101e+02 -3.335599e+01 1.784379e+00
    endloop
  endfacet
  facet normal 1.000000e+00 0.000000e+00 0.000000e+00
    outer loop
      vertex   1.318101e+02 -3.295780e+01 1.886616e+00
      vertex   1.318101e+02 -3.536324e+01 2.037953e+00
      vertex   1.318101e+02 -3.498100e+01 1.886616e+00
    endloop
  endfacet
  facet normal 1.000000e+00 0.000000e+00 0.000000e+00
    outer loop
      vertex   1.318101e+02 -3.257557e+01 2.037953e+00
      vertex   1.318101e+02 -3.536324e+01 2.037953e+00
      vertex   1.318101e+02 -3.295780e+01 1.886616e+00
    endloop
  endfacet
  facet normal 1.000000e+00 0.000000e+00 0.000000e+00
    outer loop
      vertex   1.318101e+02 -3.257557e+01 2.037953e+00
      vertex   1.318101e+02 -3.572349e+01 2.236003e+00
      vertex   1.318101e+02 -3.536324e+01 2.037953e+00
    endloop
  endfacet
  facet normal 1.000000e+00 0.000000e+00 0.000000e+00
    outer loop
      vertex   1.318101e+02 -3.221532e+01 2.236003e+00
      vertex   1.318101e+02 -3.572349e+01 2.236003e+00
      vertex   1.318101e+02 -3.257557e+01 2.037953e+00
    endloop
  endfacet
  facet normal 1.000000e+00 0.000000e+00 0.000000e+00
    outer loop
      vertex   1.318101e+02 -3.221532e+01 2.236003e+00
      vertex   1.318101e+02 -3.605608e+01 2.477643e+00
      vertex   1.318101e+02 -3.572349e+01 2.236003e+00
    endloop
  endfacet
  facet normal 1.000000e+00 0.000000e+00 0.000000e+00
    outer loop
      vertex   1.318101e+02 -3.188273e+01 2.477643e+00
      vertex   1.318101e+02 -3.605608e+01 2.477643e+00
      vertex   1.318101e+02 -3.221532e+01 2.236003e+00
    endloop
  endfacet
  facet normal 1.000000e+00 0.000000e+00 0.000000e+00
    outer loop
      vertex   1.318101e+02 -3.188273e+01 2.477643e+00
      vertex   1.318101e+02 -3.635576e+01 2.759062e+00
      vertex   1.318101e+02 -3.605608e+01 2.477643e+00
    endloop
  endfacet
  facet normal 1.000000e+00 0.000000e+00 0.000000e+00
    outer loop
      vertex   1.318101e+02 -3.158305e+01 2.759062e+00
      vertex   1.318101e+02 -3.635576e+01 2.759062e+00
      vertex   1.318101e+02 -3.188273e+01 2.477643e+00
    endloop
  endfacet
  facet normal 1.000000e+00 0.000000e+00 0.000000e+00
    outer loop
      vertex   1.318101e+02 -3.158305e+01 2.759062e+00
      vertex   1.318101e+02 -3.661781e+01 3.075823e+00
      vertex   1.318101e+02 -3.635576e+01 2.759062e+00
    endloop
  endfacet
  facet normal 1.000000e+00 0.000000e+00 0.000000e+00
    outer loop
      vertex   1.318101e+02 -3.132100e+01 3.075823e+00
      vertex   1.318101e+02 -3.661781e+01 3.075823e+00
      vertex   1.318101e+02 -3.158305e+01 2.759062e+00
    endloop
  endfacet
  facet normal 1.000000e+00 0.000000e+00 0.000000e+00
    outer loop
      vertex   1.318101e+02 -3.132100e+01 3.075823e+00
      vertex   1.318101e+02 -3.683809e+01 3.422927e+00
      vertex   1.318101e+02 -3.661781e+01 3.075823e+00
    endloop
  endfacet
  facet normal 1.000000e+00 0.000000e+00 0.000000e+00
    outer loop
      vertex   1.318101e+02 -3.110072e+01 3.422927e+00
      vertex   1.318101e+02 -3.683809e+01 3.422927e+00
      vertex   1.318101e+02 -3.132100e+01 3.075823e+00
    endloop
  endfacet
  facet normal 1.000000e+00 -0.000000e+00 0.000000e+00
    outer loop
      vertex   1.318101e+02 -3.312138e+01 3.794905e+00
      vertex   1.318101e+02 -3.326476e+01 3.705553e+00
      vertex   1.318101e+02 -3.092568e+01 3.794905e+00
    endloop
  endfacet
  facet normal 1.000000e+00 0.000000e+00 0.000000e+00
    outer loop
      vertex   1.318101e+02 -3.092568e+01 3.794905e+00
      vertex   1.318101e+02 -3.326476e+01 3.705553e+00
      vertex   1.318101e+02 -3.110072e+01 3.422927e+00
    endloop
  endfacet
  facet normal 1.000000e+00 0.000000e+00 0.000000e+00
    outer loop
      vertex   1.318101e+02 -3.110072e+01 3.422927e+00
      vertex   1.318101e+02 -3.326476e+01 3.705553e+00
      vertex   1.318101e+02 -3.341742e+01 3.633183e+00
    endloop
  endfacet
  facet normal 1.000000e+00 0.000000e+00 0.000000e+00
    outer loop
      vertex   1.318101e+02 -3.110072e+01 3.422927e+00
      vertex   1.318101e+02 -3.341742e+01 3.633183e+00
      vertex   1.318101e+02 -3.357736e+01 3.578744e+00
    endloop
  endfacet
  facet normal 1.000000e+00 0.000000e+00 0.000000e+00
    outer loop
      vertex   1.318101e+02 -3.296393e+01 3.923141e+00
      vertex   1.318101e+02 -3.301443e+01 3.877999e+00
      vertex   1.318101e+02 -3.092568e+01 3.794905e+00
    endloop
  endfacet
  facet normal 1.000000e+00 0.000000e+00 0.000000e+00
    outer loop
      vertex   1.318101e+02 -3.092568e+01 3.794905e+00
      vertex   1.318101e+02 -3.301443e+01 3.877999e+00
      vertex   1.318101e+02 -3.306695e+01 3.835224e+00
    endloop
  endfacet
  facet normal 1.000000e+00 0.000000e+00 0.000000e+00
    outer loop
      vertex   1.318101e+02 -3.092568e+01 3.794905e+00
      vertex   1.318101e+02 -3.306695e+01 3.835224e+00
      vertex   1.318101e+02 -3.312138e+01 3.794905e+00
    endloop
  endfacet
  facet normal 1.000000e+00 -0.000000e+00 0.000000e+00
    outer loop
      vertex   1.318101e+02 -3.274192e+01 4.185887e+00
      vertex   1.318101e+02 -3.280901e+01 4.092622e+00
      vertex   1.318101e+02 -3.079864e+01 4.185887e+00
    endloop
  endfacet
  facet normal 1.000000e+00 0.000000e+00 0.000000e+00
    outer loop
      vertex   1.318101e+02 -3.079864e+01 4.185887e+00
      vertex   1.318101e+02 -3.280901e+01 4.092622e+00
      vertex   1.318101e+02 -3.288317e+01 4.004862e+00
    endloop
  endfacet
  facet normal 1.000000e+00 0.000000e+00 0.000000e+00
    outer loop
      vertex   1.318101e+02 -3.079864e+01 4.185887e+00
      vertex   1.318101e+02 -3.288317e+01 4.004862e+00
      vertex   1.318101e+02 -3.092568e+01 3.794905e+00
    endloop
  endfacet
  facet normal 1.000000e+00 0.000000e+00 0.000000e+00
    outer loop
      vertex   1.318101e+02 -3.092568e+01 3.794905e+00
      vertex   1.318101e+02 -3.288317e+01 4.004862e+00
      vertex   1.318101e+02 -3.296393e+01 3.923141e+00
    endloop
  endfacet
  facet normal 1.000000e+00 0.000000e+00 0.000000e+00
    outer loop
      vertex   1.318101e+02 -3.267158e+01 4.303722e+00
      vertex   1.318101e+02 -3.269380e+01 4.263723e+00
      vertex   1.318101e+02 -3.079864e+01 4.185887e+00
    endloop
  endfacet
  facet normal 1.000000e+00 0.000000e+00 0.000000e+00
    outer loop
      vertex   1.318101e+02 -3.079864e+01 4.185887e+00
      vertex   1.318101e+02 -3.269380e+01 4.263723e+00
      vertex   1.318101e+02 -3.271725e+01 4.224432e+00
    endloop
  endfacet
  facet normal 1.000000e+00 0.000000e+00 0.000000e+00
    outer loop
      vertex   1.318101e+02 -3.079864e+01 4.185887e+00
      vertex   1.318101e+02 -3.271725e+01 4.224432e+00
      vertex   1.318101e+02 -3.274192e+01 4.185887e+00
    endloop
  endfacet
  facet normal 1.000000e+00 -0.000000e+00 0.000000e+00
    outer loop
      vertex   1.318101e+02 -3.255511e+01 4.589709e+00
      vertex   1.318101e+02 -3.258723e+01 4.491741e+00
      vertex   1.318101e+02 -3.072161e+01 4.589709e+00
    endloop
  endfacet
  facet normal 1.000000e+00 0.000000e+00 0.000000e+00
    outer loop
      vertex   1.318101e+02 -3.072161e+01 4.589709e+00
      vertex   1.318101e+02 -3.258723e+01 4.491741e+00
      vertex   1.318101e+02 -3.262612e+01 4.396257e+00
    endloop
  endfacet
  facet normal 1.000000e+00 0.000000e+00 0.000000e+00
    outer loop
      vertex   1.318101e+02 -3.072161e+01 4.589709e+00
      vertex   1.318101e+02 -3.262612e+01 4.396257e+00
      vertex   1.318101e+02 -3.079864e+01 4.185887e+00
    endloop
  endfacet
  facet normal 1.000000e+00 0.000000e+00 0.000000e+00
    outer loop
      vertex   1.318101e+02 -3.079864e+01 4.185887e+00
      vertex   1.318101e+02 -3.262612e+01 4.396257e+00
      vertex   1.318101e+02 -3.267158e+01 4.303722e+00
    endloop
  endfacet
  facet normal 1.000000e+00 -0.000000e+00 0.000000e+00
    outer loop
      vertex   1.318101e+02 -3.417495e+01 8.267148e+00
      vertex   1.318101e+02 -3.335599e+01 8.215623e+00
      vertex   1.318101e+02 -3.376385e+01 8.267148e+00
    endloop
  endfacet
  facet normal 1.000000e+00 0.000000e+00 0.000000e+00
    outer loop
      vertex   1.318101e+02 -3.458282e+01 8.215623e+00
      vertex   1.318101e+02 -3.335599e+01 8.215623e+00
      vertex   1.318101e+02 -3.417495e+01 8.267148e+00
    endloop
  endfacet
  facet normal 1.000000e+00 -0.000000e+00 0.000000e+00
    outer loop
      vertex   1.318101e+02 -3.458282e+01 8.215623e+00
      vertex   1.318101e+02 -3.295780e+01 8.113387e+00
      vertex   1.318101e+02 -3.335599e+01 8.215623e+00
    endloop
  endfacet
  facet normal 1.000000e+00 0.000000e+00 0.000000e+00
    outer loop
      vertex   1.318101e+02 -3.498100e+01 8.113387e+00
      vertex   1.318101e+02 -3.295780e+01 8.113387e+00
      vertex   1.318101e+02 -3.458282e+01 8.215623e+00
    endloop
  endfacet
  facet normal 1.000000e+00 -0.000000e+00 0.000000e+00
    outer loop
      vertex   1.318101e+02 -3.498100e+01 8.113387e+00
      vertex   1.318101e+02 -3.257557e+01 7.962048e+00
      vertex   1.318101e+02 -3.295780e+01 8.113387e+00
    endloop
  endfacet
  facet normal 1.000000e+00 0.000000e+00 0.000000e+00
    outer loop
      vertex   1.318101e+02 -3.536324e+01 7.962048e+00
      vertex   1.318101e+02 -3.257557e+01 7.962048e+00
      vertex   1.318101e+02 -3.498100e+01 8.113387e+00
    endloop
  endfacet
  facet normal 1.000000e+00 -0.000000e+00 0.000000e+00
    outer loop
      vertex   1.318101e+02 -3.536324e+01 7.962048e+00
      vertex   1.318101e+02 -3.221532e+01 7.763999e+00
      vertex   1.318101e+02 -3.257557e+01 7.962048e+00
    endloop
  endfacet
  facet normal 1.000000e+00 0.000000e+00 0.000000e+00
    outer loop
      vertex   1.318101e+02 -3.572349e+01 7.763999e+00
      vertex   1.318101e+02 -3.221532e+01 7.763999e+00
      vertex   1.318101e+02 -3.536324e+01 7.962048e+00
    endloop
  endfacet
  facet normal 1.000000e+00 -0.000000e+00 0.000000e+00
    outer loop
      vertex   1.318101e+02 -3.572349e+01 7.763999e+00
      vertex   1.318101e+02 -3.188273e+01 7.522359e+00
      vertex   1.318101e+02 -3.221532e+01 7.763999e+00
    endloop
  endfacet
  facet normal 1.000000e+00 0.000000e+00 0.000000e+00
    outer loop
      vertex   1.318101e+02 -3.605608e+01 7.522359e+00
      vertex   1.318101e+02 -3.188273e+01 7.522359e+00
      vertex   1.318101e+02 -3.572349e+01 7.763999e+00
    endloop
  endfacet
  facet normal 1.000000e+00 -0.000000e+00 0.000000e+00
    outer loop
      vertex   1.318101e+02 -3.605608e+01 7.522359e+00
      vertex   1.318101e+02 -3.158305e+01 7.240939e+00
      vertex   1.318101e+02 -3.188273e+01 7.522359e+00
    endloop
  endfacet
  facet normal 1.000000e+00 0.000000e+00 0.000000e+00
    outer loop
      vertex   1.318101e+02 -3.635576e+01 7.240939e+00
      vertex   1.318101e+02 -3.158305e+01 7.240939e+00
      vertex   1.318101e+02 -3.605608e+01 7.522359e+00
    endloop
  endfacet
  facet normal 1.000000e+00 -0.000000e+00 0.000000e+00
    outer loop
      vertex   1.318101e+02 -3.635576e+01 7.240939e+00
      vertex   1.318101e+02 -3.132100e+01 6.924178e+00
      vertex   1.318101e+02 -3.158305e+01 7.240939e+00
    endloop
  endfacet
  facet normal 1.000000e+00 0.000000e+00 0.000000e+00
    outer loop
      vertex   1.318101e+02 -3.661781e+01 6.924178e+00
      vertex   1.318101e+02 -3.132100e+01 6.924178e+00
      vertex   1.318101e+02 -3.635576e+01 7.240939e+00
    endloop
  endfacet
  facet normal 1.000000e+00 -0.000000e+00 0.000000e+00
    outer loop
      vertex   1.318101e+02 -3.661781e+01 6.924178e+00
      vertex   1.318101e+02 -3.110072e+01 6.577073e+00
      vertex   1.318101e+02 -3.132100e+01 6.924178e+00
    endloop
  endfacet
  facet normal 1.000000e+00 0.000000e+00 0.000000e+00
    outer loop
      vertex   1.318101e+02 -3.683809e+01 6.577073e+00
      vertex   1.318101e+02 -3.110072e+01 6.577073e+00
      vertex   1.318101e+02 -3.661781e+01 6.924178e+00
    endloop
  endfacet
  facet normal 1.000000e+00 0.000000e+00 -0.000000e+00
    outer loop
      vertex   1.318101e+02 -3.436551e+01 6.421511e+00
      vertex   1.318101e+02 -3.412450e+01 6.467084e+00
      vertex   1.318101e+02 -3.683809e+01 6.577073e+00
    endloop
  endfacet
  facet normal 1.000000e+00 0.000000e+00 0.000000e+00
    outer loop
      vertex   1.318101e+02 -3.683809e+01 6.577073e+00
      vertex   1.318101e+02 -3.412450e+01 6.467084e+00
      vertex   1.318101e+02 -3.387928e+01 6.472090e+00
    endloop
  endfacet
  facet normal 1.000000e+00 -0.000000e+00 0.000000e+00
    outer loop
      vertex   1.318101e+02 -3.683809e+01 6.577073e+00
      vertex   1.318101e+02 -3.387928e+01 6.472090e+00
      vertex   1.318101e+02 -3.110072e+01 6.577073e+00
    endloop
  endfacet
  facet normal 1.000000e+00 0.000000e+00 0.000000e+00
    outer loop
      vertex   1.318101e+02 -3.110072e+01 6.577073e+00
      vertex   1.318101e+02 -3.387928e+01 6.472090e+00
      vertex   1.318101e+02 -3.363661e+01 6.436389e+00
    endloop
  endfacet
  facet normal 1.000000e+00 0.000000e+00 0.000000e+00
    outer loop
      vertex   1.318101e+02 -3.110072e+01 6.577073e+00
      vertex   1.318101e+02 -3.363661e+01 6.436389e+00
      vertex   1.318101e+02 -3.340322e+01 6.360969e+00
    endloop
  endfacet
  facet normal 1.000000e+00 -0.000000e+00 0.000000e+00
    outer loop
      vertex   1.318101e+02 -3.340322e+01 6.360969e+00
      vertex   1.318101e+02 -3.092568e+01 6.205096e+00
      vertex   1.318101e+02 -3.110072e+01 6.577073e+00
    endloop
  endfacet
  facet normal 1.000000e+00 0.000000e+00 0.000000e+00
    outer loop
      vertex   1.318101e+02 -3.340322e+01 6.360969e+00
      vertex   1.318101e+02 -3.330556e+01 6.315915e+00
      vertex   1.318101e+02 -3.092568e+01 6.205096e+00
    endloop
  endfacet
  facet normal 1.000000e+00 0.000000e+00 0.000000e+00
    outer loop
      vertex   1.318101e+02 -3.092568e+01 6.205096e+00
      vertex   1.318101e+02 -3.330556e+01 6.315915e+00
      vertex   1.318101e+02 -3.321145e+01 6.263865e+00
    endloop
  endfacet
  facet normal 1.000000e+00 0.000000e+00 0.000000e+00
    outer loop
      vertex   1.318101e+02 -3.092568e+01 6.205096e+00
      vertex   1.318101e+02 -3.321145e+01 6.263865e+00
      vertex   1.318101e+02 -3.312138e+01 6.205096e+00
    endloop
  endfacet
  facet normal 1.000000e+00 -0.000000e+00 0.000000e+00
    outer loop
      vertex   1.318101e+02 -3.312138e+01 6.205096e+00
      vertex   1.318101e+02 -3.301908e+01 6.125953e+00
      vertex   1.318101e+02 -3.092568e+01 6.205096e+00
    endloop
  endfacet
  facet normal 1.000000e+00 0.000000e+00 0.000000e+00
    outer loop
      vertex   1.318101e+02 -3.092568e+01 6.205096e+00
      vertex   1.318101e+02 -3.301908e+01 6.125953e+00
      vertex   1.318101e+02 -3.292410e+01 6.038152e+00
    endloop
  endfacet
  facet normal 1.000000e+00 0.000000e+00 0.000000e+00
    outer loop
      vertex   1.318101e+02 -3.092568e+01 6.205096e+00
      vertex   1.318101e+02 -3.292410e+01 6.038152e+00
      vertex   1.318101e+02 -3.283718e+01 5.942368e+00
    endloop
  endfacet
  facet normal 1.000000e+00 -0.000000e+00 0.000000e+00
    outer loop
      vertex   1.318101e+02 -3.283718e+01 5.942368e+00
      vertex   1.318101e+02 -3.079864e+01 5.814114e+00
      vertex   1.318101e+02 -3.092568e+01 6.205096e+00
    endloop
  endfacet
  facet normal 1.000000e+00 0.000000e+00 0.000000e+00
    outer loop
      vertex   1.318101e+02 -3.283718e+01 5.942368e+00
      vertex   1.318101e+02 -3.280389e+01 5.900774e+00
      vertex   1.318101e+02 -3.079864e+01 5.814114e+00
    endloop
  endfacet
  facet normal 1.000000e+00 0.000000e+00 0.000000e+00
    outer loop
      vertex   1.318101e+02 -3.079864e+01 5.814114e+00
      vertex   1.318101e+02 -3.280389e+01 5.900774e+00
      vertex   1.318101e+02 -3.277212e+01 5.858004e+00
    endloop
  endfacet
  facet normal 1.000000e+00 0.000000e+00 0.000000e+00
    outer loop
      vertex   1.318101e+02 -3.079864e+01 5.814114e+00
      vertex   1.318101e+02 -3.277212e+01 5.858004e+00
      vertex   1.318101e+02 -3.274192e+01 5.814114e+00
    endloop
  endfacet
  facet normal 1.000000e+00 -0.000000e+00 0.000000e+00
    outer loop
      vertex   1.318101e+02 -3.274192e+01 5.814114e+00
      vertex   1.318101e+02 -3.268593e+01 5.722450e+00
      vertex   1.318101e+02 -3.079864e+01 5.814114e+00
    endloop
  endfacet
  facet normal 1.000000e+00 0.000000e+00 0.000000e+00
    outer loop
      vertex   1.318101e+02 -3.079864e+01 5.814114e+00
      vertex   1.318101e+02 -3.268593e+01 5.722450e+00
      vertex   1.318101e+02 -3.263677e+01 5.626956e+00
    endloop
  endfacet
  facet normal 1.000000e+00 0.000000e+00 0.000000e+00
    outer loop
      vertex   1.318101e+02 -3.079864e+01 5.814114e+00
      vertex   1.318101e+02 -3.263677e+01 5.626956e+00
      vertex   1.318101e+02 -3.072161e+01 5.410292e+00
    endloop
  endfacet
  facet normal 1.000000e+00 0.000000e+00 0.000000e+00
    outer loop
      vertex   1.318101e+02 -3.072161e+01 5.410292e+00
      vertex   1.318101e+02 -3.263677e+01 5.626956e+00
      vertex   1.318101e+02 -3.259469e+01 5.528136e+00
    endloop
  endfacet
  facet normal 1.000000e+00 0.000000e+00 0.000000e+00
    outer loop
      vertex   1.318101e+02 -3.259469e+01 5.528136e+00
      vertex   1.318101e+02 -3.258039e+01 5.489231e+00
      vertex   1.318101e+02 -3.072161e+01 5.410292e+00
    endloop
  endfacet
  facet normal 1.000000e+00 0.000000e+00 0.000000e+00
    outer loop
      vertex   1.318101e+02 -3.072161e+01 5.410292e+00
      vertex   1.318101e+02 -3.258039e+01 5.489231e+00
      vertex   1.318101e+02 -3.256719e+01 5.449939e+00
    endloop
  endfacet
  facet normal 1.000000e+00 0.000000e+00 0.000000e+00
    outer loop
      vertex   1.318101e+02 -3.072161e+01 5.410292e+00
      vertex   1.318101e+02 -3.256719e+01 5.449939e+00
      vertex   1.318101e+02 -3.255511e+01 5.410292e+00
    endloop
  endfacet
  facet normal 1.000000e+00 -0.000000e+00 0.000000e+00
    outer loop
      vertex   1.318101e+02 -3.255511e+01 5.410292e+00
      vertex   1.318101e+02 -3.253042e+01 5.312695e+00
      vertex   1.318101e+02 -3.072161e+01 5.410292e+00
    endloop
  endfacet
  facet normal 1.000000e+00 0.000000e+00 0.000000e+00
    outer loop
      vertex   1.318101e+02 -3.072161e+01 5.410292e+00
      vertex   1.318101e+02 -3.253042e+01 5.312695e+00
      vertex   1.318101e+02 -3.251245e+01 5.213641e+00
    endloop
  endfacet
  facet normal 1.000000e+00 0.000000e+00 0.000000e+00
    outer loop
      vertex   1.318101e+02 -3.072161e+01 5.410292e+00
      vertex   1.318101e+02 -3.251245e+01 5.213641e+00
      vertex   1.318101e+02 -3.069580e+01 5.000001e+00
    endloop
  endfacet
  facet normal 1.000000e+00 0.000000e+00 0.000000e+00
    outer loop
      vertex   1.318101e+02 -3.069580e+01 5.000001e+00
      vertex   1.318101e+02 -3.251245e+01 5.213641e+00
      vertex   1.318101e+02 -3.250127e+01 5.113591e+00
    endloop
  endfacet
  facet normal 1.000000e+00 0.000000e+00 0.000000e+00
    outer loop
      vertex   1.318101e+02 -3.250127e+01 5.113591e+00
      vertex   1.318101e+02 -3.249884e+01 5.075770e+00
      vertex   1.318101e+02 -3.069580e+01 5.000001e+00
    endloop
  endfacet
  facet normal 1.000000e+00 0.000000e+00 0.000000e+00
    outer loop
      vertex   1.318101e+02 -3.069580e+01 5.000001e+00
      vertex   1.318101e+02 -3.249884e+01 5.075770e+00
      vertex   1.318101e+02 -3.249738e+01 5.037898e+00
    endloop
  endfacet
  facet normal 1.000000e+00 0.000000e+00 0.000000e+00
    outer loop
      vertex   1.318101e+02 -3.069580e+01 5.000001e+00
      vertex   1.318101e+02 -3.249738e+01 5.037898e+00
      vertex   1.318101e+02 -3.249689e+01 5.000001e+00
    endloop
  endfacet
  facet normal 1.000000e+00 -0.000000e+00 0.000000e+00
    outer loop
      vertex   1.318101e+02 -3.249689e+01 5.000001e+00
      vertex   1.318101e+02 -3.250025e+01 4.900496e+00
      vertex   1.318101e+02 -3.069580e+01 5.000001e+00
    endloop
  endfacet
  facet normal 1.000000e+00 0.000000e+00 0.000000e+00
    outer loop
      vertex   1.318101e+02 -3.069580e+01 5.000001e+00
      vertex   1.318101e+02 -3.250025e+01 4.900496e+00
      vertex   1.318101e+02 -3.251032e+01 4.801444e+00
    endloop
  endfacet
  facet normal 1.000000e+00 0.000000e+00 0.000000e+00
    outer loop
      vertex   1.318101e+02 -3.069580e+01 5.000001e+00
      vertex   1.318101e+02 -3.251032e+01 4.801444e+00
      vertex   1.318101e+02 -3.072161e+01 4.589709e+00
    endloop
  endfacet
  facet normal 1.000000e+00 0.000000e+00 0.000000e+00
    outer loop
      vertex   1.318101e+02 -3.072161e+01 4.589709e+00
      vertex   1.318101e+02 -3.251032e+01 4.801444e+00
      vertex   1.318101e+02 -3.252704e+01 4.703297e+00
    endloop
  endfacet
  facet normal 1.000000e+00 0.000000e+00 0.000000e+00
    outer loop
      vertex   1.318101e+02 -3.252704e+01 4.703297e+00
      vertex   1.318101e+02 -3.253539e+01 4.665191e+00
      vertex   1.318101e+02 -3.072161e+01 4.589709e+00
    endloop
  endfacet
  facet normal 1.000000e+00 0.000000e+00 0.000000e+00
    outer loop
      vertex   1.318101e+02 -3.072161e+01 4.589709e+00
      vertex   1.318101e+02 -3.253539e+01 4.665191e+00
      vertex   1.318101e+02 -3.254475e+01 4.627320e+00
    endloop
  endfacet
  facet normal 1.000000e+00 0.000000e+00 0.000000e+00
    outer loop
      vertex   1.318101e+02 -3.072161e+01 4.589709e+00
      vertex   1.318101e+02 -3.254475e+01 4.627320e+00
      vertex   1.318101e+02 -3.255511e+01 4.589709e+00
    endloop
  endfacet
  facet normal 4.479816e-01 -8.922785e-01 5.613891e-02
    outer loop
      vertex   1.318101e+02 -3.721720e+01 5.410292e+00
      vertex   1.310633e+02 -3.759083e+01 5.431346e+00
      vertex   1.318101e+02 -3.724301e+01 5.000001e+00
    endloop
  endfacet
  facet normal 4.453416e-01 -8.812398e-01 1.583894e-01
    outer loop
      vertex   1.318101e+02 -3.721720e+01 5.410292e+00
      vertex   1.310633e+02 -3.751439e+01 5.856633e+00
      vertex   1.310633e+02 -3.759083e+01 5.431346e+00
    endloop
  endfacet
  facet normal 4.492711e-01 -8.775706e-01 1.674074e-01
    outer loop
      vertex   1.318101e+02 -3.714016e+01 5.814114e+00
      vertex   1.310633e+02 -3.751439e+01 5.856633e+00
      vertex   1.318101e+02 -3.721720e+01 5.410292e+00
    endloop
  endfacet
  facet normal 4.442504e-01 -8.568430e-01 2.616519e-01
    outer loop
      vertex   1.318101e+02 -3.714016e+01 5.814114e+00
      vertex   1.310633e+02 -3.738819e+01 6.269898e+00
      vertex   1.310633e+02 -3.751439e+01 5.856633e+00
    endloop
  endfacet
  facet normal 4.503861e-01 -8.491359e-01 2.758995e-01
    outer loop
      vertex   1.318101e+02 -3.701313e+01 6.205096e+00
      vertex   1.310633e+02 -3.738819e+01 6.269898e+00
      vertex   1.318101e+02 -3.714016e+01 5.814114e+00
    endloop
  endfacet
  facet normal 4.433201e-01 -8.203032e-01 3.613446e-01
    outer loop
      vertex   1.318101e+02 -3.701313e+01 6.205096e+00
      vertex   1.310633e+02 -3.721400e+01 6.665335e+00
      vertex   1.310633e+02 -3.738819e+01 6.269898e+00
    endloop
  endfacet
  facet normal 4.513248e-01 -8.074293e-01 3.799524e-01
    outer loop
      vertex   1.318101e+02 -3.683809e+01 6.577073e+00
      vertex   1.310633e+02 -3.721400e+01 6.665335e+00
      vertex   1.318101e+02 -3.701313e+01 6.205096e+00
    endloop
  endfacet
  facet normal 4.425498e-01 -7.721351e-01 4.560231e-01
    outer loop
      vertex   1.318101e+02 -3.683809e+01 6.577073e+00
      vertex   1.310633e+02 -3.699426e+01 7.037394e+00
      vertex   1.310633e+02 -3.721400e+01 6.665335e+00
    endloop
  endfacet
  facet normal 4.520849e-01 -7.531192e-01 4.779443e-01
    outer loop
      vertex   1.318101e+02 -3.661781e+01 6.924178e+00
      vertex   1.310633e+02 -3.699426e+01 7.037394e+00
      vertex   1.318101e+02 -3.683809e+01 6.577073e+00
    endloop
  endfacet
  facet normal 4.419363e-01 -7.130215e-01 5.443277e-01
    outer loop
      vertex   1.318101e+02 -3.661781e+01 6.924178e+00
      vertex   1.310633e+02 -3.673206e+01 7.380852e+00
      vertex   1.310633e+02 -3.699426e+01 7.037394e+00
    endloop
  endfacet
  facet normal 4.526688e-01 -6.870510e-01 5.683765e-01
    outer loop
      vertex   1.318101e+02 -3.635576e+01 7.240939e+00
      vertex   1.310633e+02 -3.673206e+01 7.380852e+00
      vertex   1.318101e+02 -3.661781e+01 6.924178e+00
    endloop
  endfacet
  facet normal 4.414816e-01 -6.437969e-01 6.249956e-01
    outer loop
      vertex   1.318101e+02 -3.635576e+01 7.240939e+00
      vertex   1.310633e+02 -3.643108e+01 7.690890e+00
      vertex   1.310633e+02 -3.673206e+01 7.380852e+00
    endloop
  endfacet
  facet normal 4.530752e-01 -6.102578e-01 6.498525e-01
    outer loop
      vertex   1.318101e+02 -3.605608e+01 7.522359e+00
      vertex   1.310633e+02 -3.643108e+01 7.690890e+00
      vertex   1.318101e+02 -3.635576e+01 7.240939e+00
    endloop
  endfacet
  facet normal 4.411859e-01 -5.654519e-01 6.968638e-01
    outer loop
      vertex   1.318101e+02 -3.605608e+01 7.522359e+00
      vertex   1.310633e+02 -3.609554e+01 7.963153e+00
      vertex   1.310633e+02 -3.643108e+01 7.690890e+00
    endloop
  endfacet
  facet normal 4.533095e-01 -5.239214e-01 7.211220e-01
    outer loop
      vertex   1.318101e+02 -3.572349e+01 7.763999e+00
      vertex   1.310633e+02 -3.609554e+01 7.963153e+00
      vertex   1.318101e+02 -3.605608e+01 7.522359e+00
    endloop
  endfacet
  facet normal 4.410537e-01 -4.790944e-01 7.589072e-01
    outer loop
      vertex   1.318101e+02 -3.572349e+01 7.763999e+00
      vertex   1.310633e+02 -3.573015e+01 8.193820e+00
      vertex   1.310633e+02 -3.609554e+01 7.963153e+00
    endloop
  endfacet
  facet normal 4.533678e-01 -4.293969e-01 7.810736e-01
    outer loop
      vertex   1.318101e+02 -3.536324e+01 7.962048e+00
      vertex   1.310633e+02 -3.573015e+01 8.193820e+00
      vertex   1.318101e+02 -3.572349e+01 7.763999e+00
    endloop
  endfacet
  facet normal 4.410816e-01 -3.859727e-01 8.102297e-01
    outer loop
      vertex   1.318101e+02 -3.536324e+01 7.962048e+00
      vertex   1.310633e+02 -3.534005e+01 8.379653e+00
      vertex   1.310633e+02 -3.573015e+01 8.193820e+00
    endloop
  endfacet
  facet normal 4.532523e-01 -3.281434e-01 8.287848e-01
    outer loop
      vertex   1.318101e+02 -3.498100e+01 8.113387e+00
      vertex   1.310633e+02 -3.534005e+01 8.379653e+00
      vertex   1.318101e+02 -3.536324e+01 7.962048e+00
    endloop
  endfacet
  facet normal 4.412671e-01 -2.874015e-01 8.501080e-01
    outer loop
      vertex   1.318101e+02 -3.498100e+01 8.113387e+00
      vertex   1.310633e+02 -3.493071e+01 8.518042e+00
      vertex   1.310633e+02 -3.534005e+01 8.379653e+00
    endloop
  endfacet
  facet normal 4.529594e-01 -2.217127e-01 8.635226e-01
    outer loop
      vertex   1.318101e+02 -3.458282e+01 8.215623e+00
      vertex   1.310633e+02 -3.493071e+01 8.518042e+00
      vertex   1.318101e+02 -3.498100e+01 8.113387e+00
    endloop
  endfacet
  facet normal 4.416145e-01 -1.848032e-01 8.779661e-01
    outer loop
      vertex   1.318101e+02 -3.458282e+01 8.215623e+00
      vertex   1.310633e+02 -3.450787e+01 8.607045e+00
      vertex   1.310633e+02 -3.493071e+01 8.518042e+00
    endloop
  endfacet
  facet normal 4.524921e-01 -1.117684e-01 8.847365e-01
    outer loop
      vertex   1.318101e+02 -3.417495e+01 8.267148e+00
      vertex   1.310633e+02 -3.450787e+01 8.607045e+00
      vertex   1.318101e+02 -3.458282e+01 8.215623e+00
    endloop
  endfacet
  facet normal 4.421215e-01 -7.964767e-02 8.934119e-01
    outer loop
      vertex   1.318101e+02 -3.417495e+01 8.267148e+00
      vertex   1.310633e+02 -3.407748e+01 8.645415e+00
      vertex   1.310633e+02 -3.450787e+01 8.607045e+00
    endloop
  endfacet
  facet normal 4.518499e-01 0.000000e+00 8.920940e-01
    outer loop
      vertex   1.318101e+02 -3.376385e+01 8.267148e+00
      vertex   1.310633e+02 -3.407748e+01 8.645415e+00
      vertex   1.318101e+02 -3.417495e+01 8.267148e+00
    endloop
  endfacet
  facet normal 4.427873e-01 2.657221e-02 8.962329e-01
    outer loop
      vertex   1.318101e+02 -3.376385e+01 8.267148e+00
      vertex   1.310633e+02 -3.364556e+01 8.632609e+00
      vertex   1.310633e+02 -3.407748e+01 8.645415e+00
    endloop
  endfacet
  facet normal 4.510301e-01 1.118622e-01 8.854709e-01
    outer loop
      vertex   1.318101e+02 -3.335599e+01 8.215623e+00
      vertex   1.310633e+02 -3.364556e+01 8.632609e+00
      vertex   1.318101e+02 -3.376385e+01 8.267148e+00
    endloop
  endfacet
  facet normal 4.436123e-01 1.323255e-01 8.863961e-01
    outer loop
      vertex   1.318101e+02 -3.335599e+01 8.215623e+00
      vertex   1.310633e+02 -3.321820e+01 8.568810e+00
      vertex   1.310633e+02 -3.364556e+01 8.632609e+00
    endloop
  endfacet
  facet normal 4.500335e-01 2.220788e-01 8.649571e-01
    outer loop
      vertex   1.318101e+02 -3.295780e+01 8.113387e+00
      vertex   1.310633e+02 -3.321820e+01 8.568810e+00
      vertex   1.318101e+02 -3.335599e+01 8.215623e+00
    endloop
  endfacet
  facet normal 4.445954e-01 2.360990e-01 8.640557e-01
    outer loop
      vertex   1.318101e+02 -3.295780e+01 8.113387e+00
      vertex   1.310633e+02 -3.280137e+01 8.454915e+00
      vertex   1.310633e+02 -3.321820e+01 8.568810e+00
    endloop
  endfacet
  facet normal 4.488603e-01 3.289605e-01 8.308486e-01
    outer loop
      vertex   1.318101e+02 -3.257557e+01 7.962048e+00
      vertex   1.310633e+02 -3.280137e+01 8.454915e+00
      vertex   1.318101e+02 -3.295780e+01 8.113387e+00
    endloop
  endfacet
  facet normal 4.457369e-01 3.364301e-01 8.295381e-01
    outer loop
      vertex   1.318101e+02 -3.257557e+01 7.962048e+00
      vertex   1.310633e+02 -3.240095e+01 8.292517e+00
      vertex   1.310633e+02 -3.280137e+01 8.454915e+00
    endloop
  endfacet
  facet normal 4.475082e-01 4.308211e-01 7.836642e-01
    outer loop
      vertex   1.318101e+02 -3.221532e+01 7.763999e+00
      vertex   1.310633e+02 -3.240095e+01 8.292517e+00
      vertex   1.318101e+02 -3.257557e+01 7.962048e+00
    endloop
  endfacet
  facet normal 4.470342e-01 4.318639e-01 7.833607e-01
    outer loop
      vertex   1.318101e+02 -3.221532e+01 7.763999e+00
      vertex   1.310633e+02 -3.202254e+01 8.083903e+00
      vertex   1.310633e+02 -3.240095e+01 8.292517e+00
    endloop
  endfacet
  facet normal 4.461522e-01 5.217420e-01 7.271406e-01
    outer loop
      vertex   1.318101e+02 -3.221532e+01 7.763999e+00
      vertex   1.310633e+02 -3.167146e+01 7.831996e+00
      vertex   1.310633e+02 -3.202254e+01 8.083903e+00
    endloop
  endfacet
  facet normal 4.484304e-01 5.253740e-01 7.231130e-01
    outer loop
      vertex   1.318101e+02 -3.188273e+01 7.522359e+00
      vertex   1.310633e+02 -3.167146e+01 7.831996e+00
      vertex   1.318101e+02 -3.221532e+01 7.763999e+00
    endloop
  endfacet
  facet normal 4.449598e-01 6.044804e-01 6.607679e-01
    outer loop
      vertex   1.318101e+02 -3.188273e+01 7.522359e+00
      vertex   1.310633e+02 -3.135264e+01 7.540334e+00
      vertex   1.310633e+02 -3.167146e+01 7.831996e+00
    endloop
  endfacet
  facet normal 4.496637e-01 6.114350e-01 6.511143e-01
    outer loop
      vertex   1.318101e+02 -3.158305e+01 7.240939e+00
      vertex   1.310633e+02 -3.135264e+01 7.540334e+00
      vertex   1.318101e+02 -3.188273e+01 7.522359e+00
    endloop
  endfacet
  facet normal 4.439235e-01 6.787811e-01 5.849685e-01
    outer loop
      vertex   1.318101e+02 -3.158305e+01 7.240939e+00
      vertex   1.310633e+02 -3.107056e+01 7.213009e+00
      vertex   1.310633e+02 -3.135264e+01 7.540334e+00
    endloop
  endfacet
  facet normal 4.507178e-01 6.878121e-01 5.690062e-01
    outer loop
      vertex   1.318101e+02 -3.132100e+01 6.924178e+00
      vertex   1.310633e+02 -3.107056e+01 7.213009e+00
      vertex   1.318101e+02 -3.158305e+01 7.240939e+00
    endloop
  endfacet
  facet normal 4.430450e-01 7.435608e-01 5.008278e-01
    outer loop
      vertex   1.318101e+02 -3.132100e+01 6.924178e+00
      vertex   1.310633e+02 -3.082916e+01 6.854621e+00
      vertex   1.310633e+02 -3.107056e+01 7.213009e+00
    endloop
  endfacet
  facet normal 4.515964e-01 7.533281e-01 4.780768e-01
    outer loop
      vertex   1.318101e+02 -3.110072e+01 6.577073e+00
      vertex   1.310633e+02 -3.082916e+01 6.854621e+00
      vertex   1.318101e+02 -3.132100e+01 6.924178e+00
    endloop
  endfacet
  facet normal 4.423265e-01 7.978915e-01 4.095319e-01
    outer loop
      vertex   1.318101e+02 -3.110072e+01 6.577073e+00
      vertex   1.310633e+02 -3.063185e+01 6.470199e+00
      vertex   1.310633e+02 -3.082916e+01 6.854621e+00
    endloop
  endfacet
  facet normal 4.523000e-01 8.069856e-01 3.797353e-01
    outer loop
      vertex   1.318101e+02 -3.092568e+01 6.205096e+00
      vertex   1.310633e+02 -3.063185e+01 6.470199e+00
      vertex   1.318101e+02 -3.110072e+01 6.577073e+00
    endloop
  endfacet
  facet normal 4.417675e-01 8.409893e-01 3.123755e-01
    outer loop
      vertex   1.318101e+02 -3.092568e+01 6.205096e+00
      vertex   1.310633e+02 -3.048140e+01 6.065137e+00
      vertex   1.310633e+02 -3.063185e+01 6.470199e+00
    endloop
  endfacet
  facet normal 4.528210e-01 8.479614e-01 2.755262e-01
    outer loop
      vertex   1.318101e+02 -3.079864e+01 5.814114e+00
      vertex   1.310633e+02 -3.048140e+01 6.065137e+00
      vertex   1.318101e+02 -3.092568e+01 6.205096e+00
    endloop
  endfacet
  facet normal 4.413630e-01 8.722227e-01 2.107755e-01
    outer loop
      vertex   1.318101e+02 -3.079864e+01 5.814114e+00
      vertex   1.310633e+02 -3.037990e+01 5.645123e+00
      vertex   1.310633e+02 -3.048140e+01 6.065137e+00
    endloop
  endfacet
  facet normal 4.531744e-01 8.756335e-01 1.670296e-01
    outer loop
      vertex   1.318101e+02 -3.072161e+01 5.410292e+00
      vertex   1.310633e+02 -3.037990e+01 5.645123e+00
      vertex   1.318101e+02 -3.079864e+01 5.814114e+00
    endloop
  endfacet
  facet normal 4.411266e-01 8.911460e-01 1.061419e-01
    outer loop
      vertex   1.318101e+02 -3.072161e+01 5.410292e+00
      vertex   1.310633e+02 -3.032879e+01 5.216052e+00
      vertex   1.310633e+02 -3.037990e+01 5.645123e+00
    endloop
  endfacet
  facet normal 4.533493e-01 8.895740e-01 5.596875e-02
    outer loop
      vertex   1.318101e+02 -3.069580e+01 5.000001e+00
      vertex   1.310633e+02 -3.032879e+01 5.216052e+00
      vertex   1.318101e+02 -3.072161e+01 5.410292e+00
    endloop
  endfacet
  facet normal 4.410454e-01 8.974848e-01 0.000000e+00
    outer loop
      vertex   1.318101e+02 -3.069580e+01 5.000001e+00
      vertex   1.310633e+02 -3.032879e+01 4.783949e+00
      vertex   1.310633e+02 -3.032879e+01 5.216052e+00
    endloop
  endfacet
  facet normal 4.533493e-01 8.895740e-01 -5.596875e-02
    outer loop
      vertex   1.318101e+02 -3.072161e+01 4.589709e+00
      vertex   1.310633e+02 -3.032879e+01 4.783949e+00
      vertex   1.318101e+02 -3.069580e+01 5.000001e+00
    endloop
  endfacet
  facet normal 4.411265e-01 8.911460e-01 -1.061424e-01
    outer loop
      vertex   1.318101e+02 -3.072161e+01 4.589709e+00
      vertex   1.310633e+02 -3.037990e+01 4.354880e+00
      vertex   1.310633e+02 -3.032879e+01 4.783949e+00
    endloop
  endfacet
  facet normal 4.531740e-01 8.756337e-01 -1.670296e-01
    outer loop
      vertex   1.318101e+02 -3.079864e+01 4.185887e+00
      vertex   1.310633e+02 -3.037990e+01 4.354880e+00
      vertex   1.318101e+02 -3.072161e+01 4.589709e+00
    endloop
  endfacet
  facet normal 4.413628e-01 8.722230e-01 -2.107746e-01
    outer loop
      vertex   1.318101e+02 -3.079864e+01 4.185887e+00
      vertex   1.310633e+02 -3.048140e+01 3.934865e+00
      vertex   1.310633e+02 -3.037990e+01 4.354880e+00
    endloop
  endfacet
  facet normal 4.528210e-01 8.479613e-01 -2.755263e-01
    outer loop
      vertex   1.318101e+02 -3.092568e+01 3.794905e+00
      vertex   1.310633e+02 -3.048140e+01 3.934865e+00
      vertex   1.318101e+02 -3.079864e+01 4.185887e+00
    endloop
  endfacet
  facet normal 4.417675e-01 8.409892e-01 -3.123757e-01
    outer loop
      vertex   1.318101e+02 -3.092568e+01 3.794905e+00
      vertex   1.310633e+02 -3.063185e+01 3.529803e+00
      vertex   1.310633e+02 -3.048140e+01 3.934865e+00
    endloop
  endfacet
  facet normal 4.522998e-01 8.069866e-01 -3.797336e-01
    outer loop
      vertex   1.318101e+02 -3.110072e+01 3.422927e+00
      vertex   1.310633e+02 -3.063185e+01 3.529803e+00
      vertex   1.318101e+02 -3.092568e+01 3.794905e+00
    endloop
  endfacet
  facet normal 4.423256e-01 7.978920e-01 -4.095319e-01
    outer loop
      vertex   1.318101e+02 -3.110072e+01 3.422927e+00
      vertex   1.310633e+02 -3.082916e+01 3.145381e+00
      vertex   1.310633e+02 -3.063185e+01 3.529803e+00
    endloop
  endfacet
  facet normal 4.515957e-01 7.533272e-01 -4.780789e-01
    outer loop
      vertex   1.318101e+02 -3.132100e+01 3.075823e+00
      vertex   1.310633e+02 -3.082916e+01 3.145381e+00
      vertex   1.318101e+02 -3.110072e+01 3.422927e+00
    endloop
  endfacet
  facet normal 4.430450e-01 7.435608e-01 -5.008278e-01
    outer loop
      vertex   1.318101e+02 -3.132100e+01 3.075823e+00
      vertex   1.310633e+02 -3.107056e+01 2.786992e+00
      vertex   1.310633e+02 -3.082916e+01 3.145381e+00
    endloop
  endfacet
  facet normal 4.507178e-01 6.878121e-01 -5.690062e-01
    outer loop
      vertex   1.318101e+02 -3.158305e+01 2.759062e+00
      vertex   1.310633e+02 -3.107056e+01 2.786992e+00
      vertex   1.318101e+02 -3.132100e+01 3.075823e+00
    endloop
  endfacet
  facet normal 4.439234e-01 6.787810e-01 -5.849686e-01
    outer loop
      vertex   1.318101e+02 -3.158305e+01 2.759062e+00
      vertex   1.310633e+02 -3.135264e+01 2.459668e+00
      vertex   1.310633e+02 -3.107056e+01 2.786992e+00
    endloop
  endfacet
  facet normal 4.496636e-01 6.114350e-01 -6.511143e-01
    outer loop
      vertex   1.318101e+02 -3.188273e+01 2.477643e+00
      vertex   1.310633e+02 -3.135264e+01 2.459668e+00
      vertex   1.318101e+02 -3.158305e+01 2.759062e+00
    endloop
  endfacet
  facet normal 4.449597e-01 6.044805e-01 -6.607679e-01
    outer loop
      vertex   1.318101e+02 -3.188273e+01 2.477643e+00
      vertex   1.310633e+02 -3.167146e+01 2.168006e+00
      vertex   1.310633e+02 -3.135264e+01 2.459668e+00
    endloop
  endfacet
  facet normal 4.484303e-01 5.253738e-01 -7.231132e-01
    outer loop
      vertex   1.318101e+02 -3.221532e+01 2.236003e+00
      vertex   1.310633e+02 -3.167146e+01 2.168006e+00
      vertex   1.318101e+02 -3.188273e+01 2.477643e+00
    endloop
  endfacet
  facet normal 4.461507e-01 5.217397e-01 -7.271432e-01
    outer loop
      vertex   1.318101e+02 -3.221532e+01 2.236003e+00
      vertex   1.310633e+02 -3.202254e+01 1.916100e+00
      vertex   1.310633e+02 -3.167146e+01 2.168006e+00
    endloop
  endfacet
  facet normal 4.470326e-01 4.318677e-01 -7.833596e-01
    outer loop
      vertex   1.318101e+02 -3.221532e+01 2.236003e+00
      vertex   1.310633e+02 -3.240095e+01 1.707484e+00
      vertex   1.310633e+02 -3.202254e+01 1.916100e+00
    endloop
  endfacet
  facet normal 4.475083e-01 4.308211e-01 -7.836642e-01
    outer loop
      vertex   1.318101e+02 -3.257557e+01 2.037953e+00
      vertex   1.310633e+02 -3.240095e+01 1.707484e+00
      vertex   1.318101e+02 -3.221532e+01 2.236003e+00
    endloop
  endfacet
  facet normal 4.457368e-01 3.364263e-01 -8.295396e-01
    outer loop
      vertex   1.318101e+02 -3.257557e+01 2.037953e+00
      vertex   1.310633e+02 -3.280137e+01 1.545088e+00
      vertex   1.310633e+02 -3.240095e+01 1.707484e+00
    endloop
  endfacet
  facet normal 4.488601e-01 3.289570e-01 -8.308501e-01
    outer loop
      vertex   1.318101e+02 -3.295780e+01 1.886616e+00
      vertex   1.310633e+02 -3.280137e+01 1.545088e+00
      vertex   1.318101e+02 -3.257557e+01 2.037953e+00
    endloop
  endfacet
  facet normal 4.445955e-01 2.361030e-01 -8.640545e-01
    outer loop
      vertex   1.318101e+02 -3.295780e+01 1.886616e+00
      vertex   1.310633e+02 -3.321820e+01 1.431191e+00
      vertex   1.310633e+02 -3.280137e+01 1.545088e+00
    endloop
  endfacet
  facet normal 4.500337e-01 2.220830e-01 -8.649560e-01
    outer loop
      vertex   1.318101e+02 -3.335599e+01 1.784379e+00
      vertex   1.310633e+02 -3.321820e+01 1.431191e+00
      vertex   1.318101e+02 -3.295780e+01 1.886616e+00
    endloop
  endfacet
  facet normal 4.436122e-01 1.323253e-01 -8.863962e-01
    outer loop
      vertex   1.318101e+02 -3.335599e+01 1.784379e+00
      vertex   1.310633e+02 -3.364556e+01 1.367392e+00
      vertex   1.310633e+02 -3.321820e+01 1.431191e+00
    endloop
  endfacet
  facet normal 4.510300e-01 1.118620e-01 -8.854710e-01
    outer loop
      vertex   1.318101e+02 -3.376385e+01 1.732853e+00
      vertex   1.310633e+02 -3.364556e+01 1.367392e+00
      vertex   1.318101e+02 -3.335599e+01 1.784379e+00
    endloop
  endfacet
  facet normal 4.427868e-01 2.656863e-02 -8.962332e-01
    outer loop
      vertex   1.318101e+02 -3.376385e+01 1.732853e+00
      vertex   1.310633e+02 -3.407748e+01 1.354588e+00
      vertex   1.310633e+02 -3.364556e+01 1.367392e+00
    endloop
  endfacet
  facet normal 4.518482e-01 0.000000e+00 -8.920949e-01
    outer loop
      vertex   1.318101e+02 -3.417495e+01 1.732853e+00
      vertex   1.310633e+02 -3.407748e+01 1.354588e+00
      vertex   1.318101e+02 -3.376385e+01 1.732853e+00
    endloop
  endfacet
  facet normal 4.421203e-01 -7.964428e-02 -8.934128e-01
    outer loop
      vertex   1.318101e+02 -3.417495e+01 1.732853e+00
      vertex   1.310633e+02 -3.450787e+01 1.392956e+00
      vertex   1.310633e+02 -3.407748e+01 1.354588e+00
    endloop
  endfacet
  facet normal 4.524919e-01 -1.117681e-01 -8.847367e-01
    outer loop
      vertex   1.318101e+02 -3.458282e+01 1.784379e+00
      vertex   1.310633e+02 -3.450787e+01 1.392956e+00
      vertex   1.318101e+02 -3.417495e+01 1.732853e+00
    endloop
  endfacet
  facet normal 4.416137e-01 -1.848065e-01 -8.779658e-01
    outer loop
      vertex   1.318101e+02 -3.458282e+01 1.784379e+00
      vertex   1.310633e+02 -3.493071e+01 1.481961e+00
      vertex   1.310633e+02 -3.450787e+01 1.392956e+00
    endloop
  endfacet
  facet normal 4.529588e-01 -2.217169e-01 -8.635218e-01
    outer loop
      vertex   1.318101e+02 -3.498100e+01 1.886616e+00
      vertex   1.310633e+02 -3.493071e+01 1.481961e+00
      vertex   1.318101e+02 -3.458282e+01 1.784379e+00
    endloop
  endfacet
  facet normal 4.412665e-01 -2.874054e-01 -8.501071e-01
    outer loop
      vertex   1.318101e+02 -3.498100e+01 1.886616e+00
      vertex   1.310633e+02 -3.534005e+01 1.620352e+00
      vertex   1.310633e+02 -3.493071e+01 1.481961e+00
    endloop
  endfacet
  facet normal 4.532497e-01 -3.281403e-01 -8.287875e-01
    outer loop
      vertex   1.318101e+02 -3.536324e+01 2.037953e+00
      vertex   1.310633e+02 -3.534005e+01 1.620352e+00
      vertex   1.318101e+02 -3.498100e+01 1.886616e+00
    endloop
  endfacet
  facet normal 4.410798e-01 -3.859666e-01 -8.102335e-01
    outer loop
      vertex   1.318101e+02 -3.536324e+01 2.037953e+00
      vertex   1.310633e+02 -3.573015e+01 1.806181e+00
      vertex   1.310633e+02 -3.534005e+01 1.620352e+00
    endloop
  endfacet
  facet normal 4.533678e-01 -4.293969e-01 -7.810736e-01
    outer loop
      vertex   1.318101e+02 -3.572349e+01 2.236003e+00
      vertex   1.310633e+02 -3.573015e+01 1.806181e+00
      vertex   1.318101e+02 -3.536324e+01 2.037953e+00
    endloop
  endfacet
  facet normal 4.410537e-01 -4.790946e-01 -7.589071e-01
    outer loop
      vertex   1.318101e+02 -3.572349e+01 2.236003e+00
      vertex   1.310633e+02 -3.609554e+01 2.036849e+00
      vertex   1.310633e+02 -3.573015e+01 1.806181e+00
    endloop
  endfacet
  facet normal 4.533094e-01 -5.239212e-01 -7.211221e-01
    outer loop
      vertex   1.318101e+02 -3.605608e+01 2.477643e+00
      vertex   1.310633e+02 -3.609554e+01 2.036849e+00
      vertex   1.318101e+02 -3.572349e+01 2.236003e+00
    endloop
  endfacet
  facet normal 4.411858e-01 -5.654518e-01 -6.968640e-01
    outer loop
      vertex   1.318101e+02 -3.605608e+01 2.477643e+00
      vertex   1.310633e+02 -3.643108e+01 2.309111e+00
      vertex   1.310633e+02 -3.609554e+01 2.036849e+00
    endloop
  endfacet
  facet normal 4.530752e-01 -6.102578e-01 -6.498525e-01
    outer loop
      vertex   1.318101e+02 -3.635576e+01 2.759062e+00
      vertex   1.310633e+02 -3.643108e+01 2.309111e+00
      vertex   1.318101e+02 -3.605608e+01 2.477643e+00
    endloop
  endfacet
  facet normal 4.414816e-01 -6.437968e-01 -6.249957e-01
    outer loop
      vertex   1.318101e+02 -3.635576e+01 2.759062e+00
      vertex   1.310633e+02 -3.673206e+01 2.619149e+00
      vertex   1.310633e+02 -3.643108e+01 2.309111e+00
    endloop
  endfacet
  facet normal 4.526688e-01 -6.870510e-01 -5.683765e-01
    outer loop
      vertex   1.318101e+02 -3.661781e+01 3.075823e+00
      vertex   1.310633e+02 -3.673206e+01 2.619149e+00
      vertex   1.318101e+02 -3.635576e+01 2.759062e+00
    endloop
  endfacet
  facet normal 4.419363e-01 -7.130215e-01 -5.443277e-01
    outer loop
      vertex   1.318101e+02 -3.661781e+01 3.075823e+00
      vertex   1.310633e+02 -3.699426e+01 2.962607e+00
      vertex   1.310633e+02 -3.673206e+01 2.619149e+00
    endloop
  endfacet
  facet normal 4.520847e-01 -7.531181e-01 -4.779462e-01
    outer loop
      vertex   1.318101e+02 -3.683809e+01 3.422927e+00
      vertex   1.310633e+02 -3.699426e+01 2.962607e+00
      vertex   1.318101e+02 -3.661781e+01 3.075823e+00
    endloop
  endfacet
  facet normal 4.425482e-01 -7.721368e-01 -4.560218e-01
    outer loop
      vertex   1.318101e+02 -3.683809e+01 3.422927e+00
      vertex   1.310633e+02 -3.721400e+01 3.334668e+00
      vertex   1.310633e+02 -3.699426e+01 2.962607e+00
    endloop
  endfacet
  facet normal 4.513234e-01 -8.074308e-01 -3.799509e-01
    outer loop
      vertex   1.318101e+02 -3.701313e+01 3.794905e+00
      vertex   1.310633e+02 -3.721400e+01 3.334668e+00
      vertex   1.318101e+02 -3.683809e+01 3.422927e+00
    endloop
  endfacet
  facet normal 4.433194e-01 -8.203036e-01 -3.613446e-01
    outer loop
      vertex   1.318101e+02 -3.701313e+01 3.794905e+00
      vertex   1.310633e+02 -3.738819e+01 3.730105e+00
      vertex   1.310633e+02 -3.721400e+01 3.334668e+00
    endloop
  endfacet
  facet normal 4.503855e-01 -8.491362e-01 -2.758998e-01
    outer loop
      vertex   1.318101e+02 -3.714016e+01 4.185887e+00
      vertex   1.310633e+02 -3.738819e+01 3.730105e+00
      vertex   1.318101e+02 -3.701313e+01 3.794905e+00
    endloop
  endfacet
  facet normal 4.442503e-01 -8.568426e-01 -2.616532e-01
    outer loop
      vertex   1.318101e+02 -3.714016e+01 4.185887e+00
      vertex   1.310633e+02 -3.751439e+01 4.143368e+00
      vertex   1.310633e+02 -3.738819e+01 3.730105e+00
    endloop
  endfacet
  facet normal 4.492711e-01 -8.775706e-01 -1.674074e-01
    outer loop
      vertex   1.318101e+02 -3.721720e+01 4.589709e+00
      vertex   1.310633e+02 -3.751439e+01 4.143368e+00
      vertex   1.318101e+02 -3.714016e+01 4.185887e+00
    endloop
  endfacet
  facet normal 4.453413e-01 -8.812401e-01 -1.583888e-01
    outer loop
      vertex   1.318101e+02 -3.721720e+01 4.589709e+00
      vertex   1.310633e+02 -3.759083e+01 4.568657e+00
      vertex   1.310633e+02 -3.751439e+01 4.143368e+00
    endloop
  endfacet
  facet normal 4.479815e-01 -8.922785e-01 -5.613891e-02
    outer loop
      vertex   1.318101e+02 -3.724301e+01 5.000001e+00
      vertex   1.310633e+02 -3.759083e+01 4.568657e+00
      vertex   1.318101e+02 -3.721720e+01 4.589709e+00
    endloop
  endfacet
  facet normal 4.465815e-01 -8.931722e-01 -5.299443e-02
    outer loop
      vertex   1.318101e+02 -3.724301e+01 5.000001e+00
      vertex   1.310633e+02 -3.761642e+01 5.000001e+00
      vertex   1.310633e+02 -3.759083e+01 4.568657e+00
    endloop
  endfacet
  facet normal 4.465815e-01 -8.931722e-01 5.299420e-02
    outer loop
      vertex   1.310633e+02 -3.759083e+01 5.431346e+00
      vertex   1.310633e+02 -3.761642e+01 5.000001e+00
      vertex   1.318101e+02 -3.724301e+01 5.000001e+00
    endloop
  endfacet
  facet normal 2.376457e-03 -9.842266e-01 1.768966e-01
    outer loop
      vertex   1.310633e+02 -3.759083e+01 5.431346e+00
      vertex   1.214101e+02 -3.753673e+01 5.862033e+00
      vertex   1.214101e+02 -3.761364e+01 5.434064e+00
    endloop
  endfacet
  facet normal 2.376594e-03 -9.842260e-01 1.768996e-01
    outer loop
      vertex   1.310633e+02 -3.751439e+01 5.856633e+00
      vertex   1.214101e+02 -3.753673e+01 5.862033e+00
      vertex   1.310633e+02 -3.759083e+01 5.431346e+00
    endloop
  endfacet
  facet normal 2.376613e-03 -9.564001e-01 2.920500e-01
    outer loop
      vertex   1.310633e+02 -3.751439e+01 5.856633e+00
      vertex   1.214101e+02 -3.740973e+01 6.277901e+00
      vertex   1.214101e+02 -3.753673e+01 5.862033e+00
    endloop
  endfacet
  facet normal 2.376761e-03 -9.563991e-01 2.920531e-01
    outer loop
      vertex   1.310633e+02 -3.738819e+01 6.269898e+00
      vertex   1.214101e+02 -3.740973e+01 6.277901e+00
      vertex   1.310633e+02 -3.751439e+01 5.856633e+00
    endloop
  endfacet
  facet normal 2.376762e-03 -9.151423e-01 4.031240e-01
    outer loop
      vertex   1.310633e+02 -3.738819e+01 6.269898e+00
      vertex   1.214101e+02 -3.723444e+01 6.675830e+00
      vertex   1.214101e+02 -3.740973e+01 6.277901e+00
    endloop
  endfacet
  facet normal 2.376654e-03 -9.151432e-01 4.031218e-01
    outer loop
      vertex   1.310633e+02 -3.721400e+01 6.665335e+00
      vertex   1.214101e+02 -3.723444e+01 6.675830e+00
      vertex   1.310633e+02 -3.738819e+01 6.269898e+00
    endloop
  endfacet
  facet normal 2.376653e-03 -8.610403e-01 5.085312e-01
    outer loop
      vertex   1.310633e+02 -3.721400e+01 6.665335e+00
      vertex   1.214101e+02 -3.701332e+01 7.050233e+00
      vertex   1.214101e+02 -3.723444e+01 6.675830e+00
    endloop
  endfacet
  facet normal 2.376627e-03 -8.610406e-01 5.085307e-01
    outer loop
      vertex   1.310633e+02 -3.699426e+01 7.037394e+00
      vertex   1.214101e+02 -3.701332e+01 7.050233e+00
      vertex   1.310633e+02 -3.721400e+01 6.665335e+00
    endloop
  endfacet
  facet normal 2.376621e-03 -7.948548e-01 6.067951e-01
    outer loop
      vertex   1.310633e+02 -3.699426e+01 7.037394e+00
      vertex   1.214101e+02 -3.674947e+01 7.395857e+00
      vertex   1.214101e+02 -3.701332e+01 7.050233e+00
    endloop
  endfacet
  facet normal 2.376799e-03 -7.948524e-01 6.067982e-01
    outer loop
      vertex   1.310633e+02 -3.673206e+01 7.380852e+00
      vertex   1.214101e+02 -3.674947e+01 7.395857e+00
      vertex   1.310633e+02 -3.699426e+01 7.037394e+00
    endloop
  endfacet
  facet normal 2.376808e-03 -7.175042e-01 6.965501e-01
    outer loop
      vertex   1.310633e+02 -3.673206e+01 7.380852e+00
      vertex   1.214101e+02 -3.644659e+01 7.707848e+00
      vertex   1.214101e+02 -3.674947e+01 7.395857e+00
    endloop
  endfacet
  facet normal 2.376813e-03 -7.175041e-01 6.965502e-01
    outer loop
      vertex   1.310633e+02 -3.643108e+01 7.690890e+00
      vertex   1.214101e+02 -3.644659e+01 7.707848e+00
      vertex   1.310633e+02 -3.673206e+01 7.380852e+00
    endloop
  endfacet
  facet normal 2.376806e-03 -6.300899e-01 7.765186e-01
    outer loop
      vertex   1.310633e+02 -3.643108e+01 7.690890e+00
      vertex   1.214101e+02 -3.610894e+01 7.981828e+00
      vertex   1.214101e+02 -3.644659e+01 7.707848e+00
    endloop
  endfacet
  facet normal 2.376950e-03 -6.300874e-01 7.765206e-01
    outer loop
      vertex   1.310633e+02 -3.609554e+01 7.963153e+00
      vertex   1.214101e+02 -3.610894e+01 7.981828e+00
      vertex   1.310633e+02 -3.643108e+01 7.690890e+00
    endloop
  endfacet
  facet normal 2.376935e-03 -5.338180e-01 8.455961e-01
    outer loop
      vertex   1.310633e+02 -3.609554e+01 7.963153e+00
      vertex   1.214101e+02 -3.574125e+01 8.213948e+00
      vertex   1.214101e+02 -3.610894e+01 7.981828e+00
    endloop
  endfacet
  facet normal 2.376835e-03 -5.338199e-01 8.455949e-01
    outer loop
      vertex   1.310633e+02 -3.573015e+01 8.193820e+00
      vertex   1.214101e+02 -3.574125e+01 8.213948e+00
      vertex   1.310633e+02 -3.609554e+01 7.963153e+00
    endloop
  endfacet
  facet normal 2.376830e-03 -4.300623e-01 9.027961e-01
    outer loop
      vertex   1.310633e+02 -3.573015e+01 8.193820e+00
      vertex   1.214101e+02 -3.534869e+01 8.400950e+00
      vertex   1.214101e+02 -3.574125e+01 8.213948e+00
    endloop
  endfacet
  facet normal 2.376560e-03 -4.300677e-01 9.027935e-01
    outer loop
      vertex   1.310633e+02 -3.534005e+01 8.379653e+00
      vertex   1.214101e+02 -3.534869e+01 8.400950e+00
      vertex   1.310633e+02 -3.573015e+01 8.193820e+00
    endloop
  endfacet
  facet normal 2.376570e-03 -3.202684e-01 9.473239e-01
    outer loop
      vertex   1.310633e+02 -3.534005e+01 8.379653e+00
      vertex   1.214101e+02 -3.493677e+01 8.540212e+00
      vertex   1.214101e+02 -3.534869e+01 8.400950e+00
    endloop
  endfacet
  facet normal 2.376590e-03 -3.202679e-01 9.473240e-01
    outer loop
      vertex   1.310633e+02 -3.493071e+01 8.518042e+00
      vertex   1.214101e+02 -3.493677e+01 8.540212e+00
      vertex   1.310633e+02 -3.534005e+01 8.379653e+00
    endloop
  endfacet
  facet normal 2.376591e-03 -2.059784e-01 9.785537e-01
    outer loop
      vertex   1.310633e+02 -3.493071e+01 8.518042e+00
      vertex   1.214101e+02 -3.451127e+01 8.629777e+00
      vertex   1.214101e+02 -3.493677e+01 8.540212e+00
    endloop
  endfacet
  facet normal 2.376702e-03 -2.059759e-01 9.785542e-01
    outer loop
      vertex   1.310633e+02 -3.450787e+01 8.607045e+00
      vertex   1.214101e+02 -3.451127e+01 8.629777e+00
      vertex   1.310633e+02 -3.493071e+01 8.518042e+00
    endloop
  endfacet
  facet normal 2.376728e-03 -8.879463e-02 9.960471e-01
    outer loop
      vertex   1.310633e+02 -3.450787e+01 8.607045e+00
      vertex   1.214101e+02 -3.407816e+01 8.668387e+00
      vertex   1.214101e+02 -3.451127e+01 8.629777e+00
    endloop
  endfacet
  facet normal 2.376595e-03 -8.879757e-02 9.960469e-01
    outer loop
      vertex   1.310633e+02 -3.407748e+01 8.645415e+00
      vertex   1.214101e+02 -3.407816e+01 8.668387e+00
      vertex   1.310633e+02 -3.450787e+01 8.607045e+00
    endloop
  endfacet
  facet normal 2.376621e-03 2.963048e-02 9.995581e-01
    outer loop
      vertex   1.310633e+02 -3.407748e+01 8.645415e+00
      vertex   1.214101e+02 -3.364352e+01 8.655503e+00
      vertex   1.214101e+02 -3.407816e+01 8.668387e+00
    endloop
  endfacet
  facet normal 2.376854e-03 2.963567e-02 9.995579e-01
    outer loop
      vertex   1.310633e+02 -3.364556e+01 8.632609e+00
      vertex   1.214101e+02 -3.364352e+01 8.655503e+00
      vertex   1.310633e+02 -3.407748e+01 8.645415e+00
    endloop
  endfacet
  facet normal 2.376852e-03 1.476489e-01 9.890370e-01
    outer loop
      vertex   1.310633e+02 -3.364556e+01 8.632609e+00
      vertex   1.214101e+02 -3.321346e+01 8.591302e+00
      vertex   1.214101e+02 -3.364352e+01 8.655503e+00
    endloop
  endfacet
  facet normal 2.376824e-03 1.476483e-01 9.890371e-01
    outer loop
      vertex   1.310633e+02 -3.321820e+01 8.568810e+00
      vertex   1.214101e+02 -3.321346e+01 8.591302e+00
      vertex   1.310633e+02 -3.364556e+01 8.632609e+00
    endloop
  endfacet
  facet normal 2.376821e-03 2.635859e-01 9.646330e-01
    outer loop
      vertex   1.310633e+02 -3.321820e+01 8.568810e+00
      vertex   1.214101e+02 -3.279402e+01 8.476687e+00
      vertex   1.214101e+02 -3.321346e+01 8.591302e+00
    endloop
  endfacet
  facet normal 2.376622e-03 2.635816e-01 9.646342e-01
    outer loop
      vertex   1.310633e+02 -3.280137e+01 8.454915e+00
      vertex   1.214101e+02 -3.279402e+01 8.476687e+00
      vertex   1.310633e+02 -3.321820e+01 8.568810e+00
    endloop
  endfacet
  facet normal 2.376597e-03 3.758257e-01 9.266873e-01
    outer loop
      vertex   1.310633e+02 -3.280137e+01 8.454915e+00
      vertex   1.214101e+02 -3.239106e+01 8.313268e+00
      vertex   1.214101e+02 -3.279402e+01 8.476687e+00
    endloop
  endfacet
  facet normal 2.376785e-03 3.758296e-01 9.266857e-01
    outer loop
      vertex   1.310633e+02 -3.240095e+01 8.292517e+00
      vertex   1.214101e+02 -3.239106e+01 8.313268e+00
      vertex   1.310633e+02 -3.280137e+01 8.454915e+00
    endloop
  endfacet
  facet normal 2.376774e-03 4.827923e-01 8.757317e-01
    outer loop
      vertex   1.310633e+02 -3.240095e+01 8.292517e+00
      vertex   1.214101e+02 -3.201027e+01 8.103337e+00
      vertex   1.214101e+02 -3.239106e+01 8.313268e+00
    endloop
  endfacet
  facet normal 2.376590e-03 4.827887e-01 8.757336e-01
    outer loop
      vertex   1.310633e+02 -3.202254e+01 8.083903e+00
      vertex   1.214101e+02 -3.201027e+01 8.103337e+00
      vertex   1.310633e+02 -3.240095e+01 8.292517e+00
    endloop
  endfacet
  facet normal 2.376586e-03 5.829768e-01 8.124854e-01
    outer loop
      vertex   1.310633e+02 -3.202254e+01 8.083903e+00
      vertex   1.214101e+02 -3.165698e+01 7.849843e+00
      vertex   1.214101e+02 -3.201027e+01 8.103337e+00
    endloop
  endfacet
  facet normal 2.376669e-03 5.829783e-01 8.124843e-01
    outer loop
      vertex   1.310633e+02 -3.167146e+01 7.831996e+00
      vertex   1.214101e+02 -3.165698e+01 7.849843e+00
      vertex   1.310633e+02 -3.202254e+01 8.083903e+00
    endloop
  endfacet
  facet normal 2.376660e-03 6.749798e-01 7.378324e-01
    outer loop
      vertex   1.310633e+02 -3.167146e+01 7.831996e+00
      vertex   1.214101e+02 -3.133615e+01 7.556342e+00
      vertex   1.214101e+02 -3.165698e+01 7.849843e+00
    endloop
  endfacet
  facet normal 2.376673e-03 6.749800e-01 7.378322e-01
    outer loop
      vertex   1.310633e+02 -3.135264e+01 7.540334e+00
      vertex   1.214101e+02 -3.133615e+01 7.556342e+00
      vertex   1.310633e+02 -3.167146e+01 7.831996e+00
    endloop
  endfacet
  facet normal 2.376682e-03 7.575104e-01 6.528188e-01
    outer loop
      vertex   1.310633e+02 -3.135264e+01 7.540334e+00
      vertex   1.214101e+02 -3.105229e+01 7.226956e+00
      vertex   1.214101e+02 -3.133615e+01 7.556342e+00
    endloop
  endfacet
  facet normal 2.376750e-03 7.575114e-01 6.528177e-01
    outer loop
      vertex   1.310633e+02 -3.107056e+01 7.213009e+00
      vertex   1.214101e+02 -3.105229e+01 7.226956e+00
      vertex   1.310633e+02 -3.135264e+01 7.540334e+00
    endloop
  endfacet
  facet normal 2.376749e-03 8.294013e-01 5.586483e-01
    outer loop
      vertex   1.310633e+02 -3.107056e+01 7.213009e+00
      vertex   1.214101e+02 -3.080937e+01 6.866309e+00
      vertex   1.214101e+02 -3.105229e+01 7.226956e+00
    endloop
  endfacet
  facet normal 2.376833e-03 8.294023e-01 5.586467e-01
    outer loop
      vertex   1.310633e+02 -3.082916e+01 6.854621e+00
      vertex   1.214101e+02 -3.080937e+01 6.866309e+00
      vertex   1.310633e+02 -3.107056e+01 7.213009e+00
    endloop
  endfacet
  facet normal 2.376834e-03 8.896568e-01 4.566236e-01
    outer loop
      vertex   1.310633e+02 -3.082916e+01 6.854621e+00
      vertex   1.214101e+02 -3.061082e+01 6.479464e+00
      vertex   1.214101e+02 -3.080937e+01 6.866309e+00
    endloop
  endfacet
  facet normal 2.376498e-03 8.896534e-01 4.566303e-01
    outer loop
      vertex   1.310633e+02 -3.063185e+01 6.470199e+00
      vertex   1.214101e+02 -3.061082e+01 6.479464e+00
      vertex   1.310633e+02 -3.082916e+01 6.854621e+00
    endloop
  endfacet
  facet normal 2.376480e-03 9.374153e-01 3.482053e-01
    outer loop
      vertex   1.310633e+02 -3.063185e+01 6.470199e+00
      vertex   1.214101e+02 -3.045941e+01 6.071850e+00
      vertex   1.214101e+02 -3.061082e+01 6.479464e+00
    endloop
  endfacet
  facet normal 2.377045e-03 9.374197e-01 3.481935e-01
    outer loop
      vertex   1.310633e+02 -3.048140e+01 6.065137e+00
      vertex   1.214101e+02 -3.045941e+01 6.071850e+00
      vertex   1.310633e+02 -3.063185e+01 6.470199e+00
    endloop
  endfacet
  facet normal 2.377037e-03 9.720203e-01 2.348847e-01
    outer loop
      vertex   1.310633e+02 -3.048140e+01 6.065137e+00
      vertex   1.214101e+02 -3.035728e+01 5.649188e+00
      vertex   1.214101e+02 -3.045941e+01 6.071850e+00
    endloop
  endfacet
  facet normal 2.376720e-03 9.720187e-01 2.348916e-01
    outer loop
      vertex   1.310633e+02 -3.037990e+01 5.645123e+00
      vertex   1.214101e+02 -3.035728e+01 5.649188e+00
      vertex   1.310633e+02 -3.048140e+01 6.065137e+00
    endloop
  endfacet
  facet normal 2.376733e-03 9.929789e-01 1.182675e-01
    outer loop
      vertex   1.310633e+02 -3.037990e+01 5.645123e+00
      vertex   1.214101e+02 -3.030585e+01 5.217414e+00
      vertex   1.214101e+02 -3.035728e+01 5.649188e+00
    endloop
  endfacet
  facet normal 2.376581e-03 9.929785e-01 1.182709e-01
    outer loop
      vertex   1.310633e+02 -3.032879e+01 5.216052e+00
      vertex   1.214101e+02 -3.030585e+01 5.217414e+00
      vertex   1.310633e+02 -3.037990e+01 5.645123e+00
    endloop
  endfacet
  facet normal 2.376576e-03 9.999972e-01 0.000000e+00
    outer loop
      vertex   1.310633e+02 -3.032879e+01 5.216052e+00
      vertex   1.214101e+02 -3.030585e+01 4.782588e+00
      vertex   1.214101e+02 -3.030585e+01 5.217414e+00
    endloop
  endfacet
  facet normal 2.376576e-03 9.999972e-01 -0.000000e+00
    outer loop
      vertex   1.310633e+02 -3.032879e+01 4.783949e+00
      vertex   1.214101e+02 -3.030585e+01 4.782588e+00
      vertex   1.310633e+02 -3.032879e+01 5.216052e+00
    endloop
  endfacet
  facet normal 2.376582e-03 9.929789e-01 -1.182675e-01
    outer loop
      vertex   1.310633e+02 -3.032879e+01 4.783949e+00
      vertex   1.214101e+02 -3.035728e+01 4.350813e+00
      vertex   1.214101e+02 -3.030585e+01 4.782588e+00
    endloop
  endfacet
  facet normal 2.376757e-03 9.929785e-01 -1.182714e-01
    outer loop
      vertex   1.310633e+02 -3.037990e+01 4.354880e+00
      vertex   1.214101e+02 -3.035728e+01 4.350813e+00
      vertex   1.310633e+02 -3.032879e+01 4.783949e+00
    endloop
  endfacet
  facet normal 2.376768e-03 9.720201e-01 -2.348857e-01
    outer loop
      vertex   1.310633e+02 -3.037990e+01 4.354880e+00
      vertex   1.214101e+02 -3.045941e+01 3.928153e+00
      vertex   1.214101e+02 -3.035728e+01 4.350813e+00
    endloop
  endfacet
  facet normal 2.376992e-03 9.720189e-01 -2.348906e-01
    outer loop
      vertex   1.310633e+02 -3.048140e+01 3.934865e+00
      vertex   1.214101e+02 -3.045941e+01 3.928153e+00
      vertex   1.310633e+02 -3.037990e+01 4.354880e+00
    endloop
  endfacet
  facet normal 2.376975e-03 9.374153e-01 -3.482053e-01
    outer loop
      vertex   1.310633e+02 -3.048140e+01 3.934865e+00
      vertex   1.214101e+02 -3.061082e+01 3.520539e+00
      vertex   1.214101e+02 -3.045941e+01 3.928153e+00
    endloop
  endfacet
  facet normal 2.376418e-03 9.374196e-01 -3.481936e-01
    outer loop
      vertex   1.310633e+02 -3.063185e+01 3.529803e+00
      vertex   1.214101e+02 -3.061082e+01 3.520539e+00
      vertex   1.310633e+02 -3.048140e+01 3.934865e+00
    endloop
  endfacet
  facet normal 2.376420e-03 8.896577e-01 -4.566219e-01
    outer loop
      vertex   1.310633e+02 -3.063185e+01 3.529803e+00
      vertex   1.214101e+02 -3.080937e+01 3.133692e+00
      vertex   1.214101e+02 -3.061082e+01 3.520539e+00
    endloop
  endfacet
  facet normal 2.376835e-03 8.896535e-01 -4.566301e-01
    outer loop
      vertex   1.310633e+02 -3.082916e+01 3.145381e+00
      vertex   1.214101e+02 -3.080937e+01 3.133692e+00
      vertex   1.310633e+02 -3.063185e+01 3.529803e+00
    endloop
  endfacet
  facet normal 2.376833e-03 8.294013e-01 -5.586483e-01
    outer loop
      vertex   1.310633e+02 -3.082916e+01 3.145381e+00
      vertex   1.214101e+02 -3.105229e+01 2.773045e+00
      vertex   1.214101e+02 -3.080937e+01 3.133692e+00
    endloop
  endfacet
  facet normal 2.376749e-03 8.294023e-01 -5.586467e-01
    outer loop
      vertex   1.310633e+02 -3.107056e+01 2.786992e+00
      vertex   1.214101e+02 -3.105229e+01 2.773045e+00
      vertex   1.310633e+02 -3.082916e+01 3.145381e+00
    endloop
  endfacet
  facet normal 2.376750e-03 7.575104e-01 -6.528188e-01
    outer loop
      vertex   1.310633e+02 -3.107056e+01 2.786992e+00
      vertex   1.214101e+02 -3.133615e+01 2.443659e+00
      vertex   1.214101e+02 -3.105229e+01 2.773045e+00
    endloop
  endfacet
  facet normal 2.376690e-03 7.575112e-01 -6.528178e-01
    outer loop
      vertex   1.310633e+02 -3.135264e+01 2.459668e+00
      vertex   1.214101e+02 -3.133615e+01 2.443659e+00
      vertex   1.310633e+02 -3.107056e+01 2.786992e+00
    endloop
  endfacet
  facet normal 2.376682e-03 6.749771e-01 -7.378348e-01
    outer loop
      vertex   1.310633e+02 -3.135264e+01 2.459668e+00
      vertex   1.214101e+02 -3.165698e+01 2.150160e+00
      vertex   1.214101e+02 -3.133615e+01 2.443659e+00
    endloop
  endfacet
  facet normal 2.376505e-03 6.749800e-01 -7.378322e-01
    outer loop
      vertex   1.310633e+02 -3.167146e+01 2.168006e+00
      vertex   1.214101e+02 -3.165698e+01 2.150160e+00
      vertex   1.310633e+02 -3.135264e+01 2.459668e+00
    endloop
  endfacet
  facet normal 2.376499e-03 5.829800e-01 -8.124830e-01
    outer loop
      vertex   1.310633e+02 -3.167146e+01 2.168006e+00
      vertex   1.214101e+02 -3.201027e+01 1.896664e+00
      vertex   1.214101e+02 -3.165698e+01 2.150160e+00
    endloop
  endfacet
  facet normal 2.376767e-03 5.829752e-01 -8.124865e-01
    outer loop
      vertex   1.310633e+02 -3.202254e+01 1.916100e+00
      vertex   1.214101e+02 -3.201027e+01 1.896664e+00
      vertex   1.310633e+02 -3.167146e+01 2.168006e+00
    endloop
  endfacet
  facet normal 2.376786e-03 4.827921e-01 -8.757318e-01
    outer loop
      vertex   1.310633e+02 -3.202254e+01 1.916100e+00
      vertex   1.214101e+02 -3.239106e+01 1.686734e+00
      vertex   1.214101e+02 -3.201027e+01 1.896664e+00
    endloop
  endfacet
  facet normal 2.376764e-03 4.827925e-01 -8.757315e-01
    outer loop
      vertex   1.310633e+02 -3.240095e+01 1.707484e+00
      vertex   1.214101e+02 -3.239106e+01 1.686734e+00
      vertex   1.310633e+02 -3.202254e+01 1.916100e+00
    endloop
  endfacet
  facet normal 2.376773e-03 3.758255e-01 -9.266874e-01
    outer loop
      vertex   1.310633e+02 -3.240095e+01 1.707484e+00
      vertex   1.214101e+02 -3.279402e+01 1.523314e+00
      vertex   1.214101e+02 -3.239106e+01 1.686734e+00
    endloop
  endfacet
  facet normal 2.376780e-03 3.758254e-01 -9.266875e-01
    outer loop
      vertex   1.310633e+02 -3.280137e+01 1.545088e+00
      vertex   1.214101e+02 -3.279402e+01 1.523314e+00
      vertex   1.310633e+02 -3.240095e+01 1.707484e+00
    endloop
  endfacet
  facet normal 2.376813e-03 2.635862e-01 -9.646329e-01
    outer loop
      vertex   1.310633e+02 -3.280137e+01 1.545088e+00
      vertex   1.214101e+02 -3.321346e+01 1.408700e+00
      vertex   1.214101e+02 -3.279402e+01 1.523314e+00
    endloop
  endfacet
  facet normal 2.376815e-03 2.635861e-01 -9.646329e-01
    outer loop
      vertex   1.310633e+02 -3.321820e+01 1.431191e+00
      vertex   1.214101e+02 -3.321346e+01 1.408700e+00
      vertex   1.310633e+02 -3.280137e+01 1.545088e+00
    endloop
  endfacet
  facet normal 2.376818e-03 1.476489e-01 -9.890370e-01
    outer loop
      vertex   1.310633e+02 -3.321820e+01 1.431191e+00
      vertex   1.214101e+02 -3.364352e+01 1.344498e+00
      vertex   1.214101e+02 -3.321346e+01 1.408700e+00
    endloop
  endfacet
  facet normal 2.376859e-03 1.476480e-01 -9.890371e-01
    outer loop
      vertex   1.310633e+02 -3.364556e+01 1.367392e+00
      vertex   1.214101e+02 -3.364352e+01 1.344498e+00
      vertex   1.310633e+02 -3.321820e+01 1.431191e+00
    endloop
  endfacet
  facet normal 2.376860e-03 2.963048e-02 -9.995581e-01
    outer loop
      vertex   1.310633e+02 -3.364556e+01 1.367392e+00
      vertex   1.214101e+02 -3.407816e+01 1.331614e+00
      vertex   1.214101e+02 -3.364352e+01 1.344498e+00
    endloop
  endfacet
  facet normal 2.376806e-03 2.963167e-02 -9.995581e-01
    outer loop
      vertex   1.310633e+02 -3.407748e+01 1.354588e+00
      vertex   1.214101e+02 -3.407816e+01 1.331614e+00
      vertex   1.310633e+02 -3.364556e+01 1.367392e+00
    endloop
  endfacet
  facet normal 2.376780e-03 -8.879476e-02 -9.960471e-01
    outer loop
      vertex   1.310633e+02 -3.407748e+01 1.354588e+00
      vertex   1.214101e+02 -3.451127e+01 1.370225e+00
      vertex   1.214101e+02 -3.407816e+01 1.331614e+00
    endloop
  endfacet
  facet normal 2.376734e-03 -8.879374e-02 -9.960472e-01
    outer loop
      vertex   1.310633e+02 -3.450787e+01 1.392956e+00
      vertex   1.214101e+02 -3.451127e+01 1.370225e+00
      vertex   1.310633e+02 -3.407748e+01 1.354588e+00
    endloop
  endfacet
  facet normal 2.376708e-03 -2.059785e-01 -9.785536e-01
    outer loop
      vertex   1.310633e+02 -3.450787e+01 1.392956e+00
      vertex   1.214101e+02 -3.493677e+01 1.459790e+00
      vertex   1.214101e+02 -3.451127e+01 1.370225e+00
    endloop
  endfacet
  facet normal 2.376760e-03 -2.059796e-01 -9.785534e-01
    outer loop
      vertex   1.310633e+02 -3.493071e+01 1.481961e+00
      vertex   1.214101e+02 -3.493677e+01 1.459790e+00
      vertex   1.310633e+02 -3.450787e+01 1.392956e+00
    endloop
  endfacet
  facet normal 2.376754e-03 -3.202679e-01 -9.473240e-01
    outer loop
      vertex   1.310633e+02 -3.493071e+01 1.481961e+00
      vertex   1.214101e+02 -3.534869e+01 1.599051e+00
      vertex   1.214101e+02 -3.493677e+01 1.459790e+00
    endloop
  endfacet
  facet normal 2.376957e-03 -3.202721e-01 -9.473226e-01
    outer loop
      vertex   1.310633e+02 -3.534005e+01 1.620352e+00
      vertex   1.214101e+02 -3.534869e+01 1.599051e+00
      vertex   1.310633e+02 -3.493071e+01 1.481961e+00
    endloop
  endfacet
  facet normal 2.376928e-03 -4.300659e-01 -9.027944e-01
    outer loop
      vertex   1.310633e+02 -3.534005e+01 1.620352e+00
      vertex   1.214101e+02 -3.574125e+01 1.786055e+00
      vertex   1.214101e+02 -3.534869e+01 1.599051e+00
    endloop
  endfacet
  facet normal 2.376663e-03 -4.300605e-01 -9.027969e-01
    outer loop
      vertex   1.310633e+02 -3.573015e+01 1.806181e+00
      vertex   1.214101e+02 -3.574125e+01 1.786055e+00
      vertex   1.310633e+02 -3.534005e+01 1.620352e+00
    endloop
  endfacet
  facet normal 2.376678e-03 -5.338182e-01 -8.455959e-01
    outer loop
      vertex   1.310633e+02 -3.573015e+01 1.806181e+00
      vertex   1.214101e+02 -3.610894e+01 2.018176e+00
      vertex   1.214101e+02 -3.574125e+01 1.786055e+00
    endloop
  endfacet
  facet normal 2.376779e-03 -5.338201e-01 -8.455947e-01
    outer loop
      vertex   1.310633e+02 -3.609554e+01 2.036849e+00
      vertex   1.214101e+02 -3.610894e+01 2.018176e+00
      vertex   1.310633e+02 -3.573015e+01 1.806181e+00
    endloop
  endfacet
  facet normal 2.376806e-03 -6.300870e-01 -7.765209e-01
    outer loop
      vertex   1.310633e+02 -3.609554e+01 2.036849e+00
      vertex   1.214101e+02 -3.644659e+01 2.292153e+00
      vertex   1.214101e+02 -3.610894e+01 2.018176e+00
    endloop
  endfacet
  facet normal 2.376815e-03 -6.300872e-01 -7.765208e-01
    outer loop
      vertex   1.310633e+02 -3.643108e+01 2.309111e+00
      vertex   1.214101e+02 -3.644659e+01 2.292153e+00
      vertex   1.310633e+02 -3.609554e+01 2.036849e+00
    endloop
  endfacet
  facet normal 2.376821e-03 -7.175042e-01 -6.965501e-01
    outer loop
      vertex   1.310633e+02 -3.643108e+01 2.309111e+00
      vertex   1.214101e+02 -3.674947e+01 2.604144e+00
      vertex   1.214101e+02 -3.644659e+01 2.292153e+00
    endloop
  endfacet
  facet normal 2.376808e-03 -7.175040e-01 -6.965504e-01
    outer loop
      vertex   1.310633e+02 -3.673206e+01 2.619149e+00
      vertex   1.214101e+02 -3.674947e+01 2.604144e+00
      vertex   1.310633e+02 -3.643108e+01 2.309111e+00
    endloop
  endfacet
  facet normal 2.376798e-03 -7.948550e-01 -6.067948e-01
    outer loop
      vertex   1.310633e+02 -3.673206e+01 2.619149e+00
      vertex   1.214101e+02 -3.701332e+01 2.949769e+00
      vertex   1.214101e+02 -3.674947e+01 2.604144e+00
    endloop
  endfacet
  facet normal 2.376605e-03 -7.948524e-01 -6.067982e-01
    outer loop
      vertex   1.310633e+02 -3.699426e+01 2.962607e+00
      vertex   1.214101e+02 -3.701332e+01 2.949769e+00
      vertex   1.310633e+02 -3.673206e+01 2.619149e+00
    endloop
  endfacet
  facet normal 2.376615e-03 -8.610403e-01 -5.085312e-01
    outer loop
      vertex   1.310633e+02 -3.699426e+01 2.962607e+00
      vertex   1.214101e+02 -3.723444e+01 3.324172e+00
      vertex   1.214101e+02 -3.701332e+01 2.949769e+00
    endloop
  endfacet
  facet normal 2.376741e-03 -8.610417e-01 -5.085287e-01
    outer loop
      vertex   1.310633e+02 -3.721400e+01 3.334668e+00
      vertex   1.214101e+02 -3.723444e+01 3.324172e+00
      vertex   1.310633e+02 -3.699426e+01 2.962607e+00
    endloop
  endfacet
  facet normal 2.376724e-03 -9.151429e-01 -4.031226e-01
    outer loop
      vertex   1.310633e+02 -3.721400e+01 3.334668e+00
      vertex   1.214101e+02 -3.740973e+01 3.722102e+00
      vertex   1.214101e+02 -3.723444e+01 3.324172e+00
    endloop
  endfacet
  facet normal 2.376772e-03 -9.151433e-01 -4.031216e-01
    outer loop
      vertex   1.310633e+02 -3.738819e+01 3.730105e+00
      vertex   1.214101e+02 -3.740973e+01 3.722102e+00
      vertex   1.310633e+02 -3.721400e+01 3.334668e+00
    endloop
  endfacet
  facet normal 2.376768e-03 -9.563997e-01 -2.920512e-01
    outer loop
      vertex   1.310633e+02 -3.738819e+01 3.730105e+00
      vertex   1.214101e+02 -3.753673e+01 4.137969e+00
      vertex   1.214101e+02 -3.740973e+01 3.722102e+00
    endloop
  endfacet
  facet normal 2.376612e-03 -9.563987e-01 -2.920545e-01
    outer loop
      vertex   1.310633e+02 -3.751439e+01 4.143368e+00
      vertex   1.214101e+02 -3.753673e+01 4.137969e+00
      vertex   1.310633e+02 -3.738819e+01 3.730105e+00
    endloop
  endfacet
  facet normal 2.376594e-03 -9.842266e-01 -1.768966e-01
    outer loop
      vertex   1.310633e+02 -3.751439e+01 4.143368e+00
      vertex   1.214101e+02 -3.761364e+01 4.565938e+00
      vertex   1.214101e+02 -3.753673e+01 4.137969e+00
    endloop
  endfacet
  facet normal 2.376492e-03 -9.842262e-01 -1.768989e-01
    outer loop
      vertex   1.310633e+02 -3.759083e+01 4.568657e+00
      vertex   1.214101e+02 -3.761364e+01 4.565938e+00
      vertex   1.310633e+02 -3.751439e+01 4.143368e+00
    endloop
  endfacet
  facet normal 2.376470e-03 -9.982413e-01 -5.923458e-02
    outer loop
      vertex   1.310633e+02 -3.759083e+01 4.568657e+00
      vertex   1.214101e+02 -3.763940e+01 5.000001e+00
      vertex   1.214101e+02 -3.761364e+01 4.565938e+00
    endloop
  endfacet
  facet normal 2.376743e-03 -9.982416e-01 -5.922850e-02
    outer loop
      vertex   1.310633e+02 -3.761642e+01 5.000001e+00
      vertex   1.214101e+02 -3.763940e+01 5.000001e+00
      vertex   1.310633e+02 -3.759083e+01 4.568657e+00
    endloop
  endfacet
  facet normal 2.376742e-03 -9.982413e-01 5.923458e-02
    outer loop
      vertex   1.310633e+02 -3.761642e+01 5.000001e+00
      vertex   1.214101e+02 -3.761364e+01 5.434064e+00
      vertex   1.214101e+02 -3.763940e+01 5.000001e+00
    endloop
  endfacet
  facet normal 2.376457e-03 -9.982416e-01 5.922824e-02
    outer loop
      vertex   1.310633e+02 -3.759083e+01 5.431346e+00
      vertex   1.214101e+02 -3.761364e+01 5.434064e+00
      vertex   1.310633e+02 -3.761642e+01 5.000001e+00
    endloop
  endfacet
  facet normal 7.884502e-01 3.969678e-02 -6.138162e-01
    outer loop
      vertex   1.183848e+02 -3.346715e+01 5.036593e-07
      vertex   1.184021e+02 -3.368656e+01 8.007553e-03
      vertex   1.184101e+02 -3.396940e+01 5.036593e-07
    endloop
  endfacet
  facet normal 9.954164e-01 8.029295e-02 5.195507e-02
    outer loop
      vertex   1.183848e+02 -3.346715e+01 5.036593e-07
      vertex   1.183781e+02 -3.340462e+01 3.200200e-02
      vertex   1.184021e+02 -3.368656e+01 8.007553e-03
    endloop
  endfacet
  facet normal 9.849621e-01 1.498090e-01 -8.606338e-02
    outer loop
      vertex   1.183092e+02 -3.296997e+01 5.036593e-07
      vertex   1.183781e+02 -3.340462e+01 3.200200e-02
      vertex   1.183848e+02 -3.346715e+01 5.036593e-07
    endloop
  endfacet
  facet normal 9.858229e-01 1.508768e-01 -7.341275e-02
    outer loop
      vertex   1.183092e+02 -3.296997e+01 5.036593e-07
      vertex   1.183382e+02 -3.312449e+01 7.190564e-02
      vertex   1.183781e+02 -3.340462e+01 3.200200e-02
    endloop
  endfacet
  facet normal 9.809966e-01 1.930720e-01 1.920786e-02
    outer loop
      vertex   1.183092e+02 -3.296997e+01 5.036593e-07
      vertex   1.182825e+02 -3.284706e+01 1.275945e-01
      vertex   1.183382e+02 -3.312449e+01 7.190564e-02
    endloop
  endfacet
  facet normal 9.678594e-01 2.487322e-01 -3.715490e-02
    outer loop
      vertex   1.181840e+02 -3.248290e+01 5.036593e-07
      vertex   1.182825e+02 -3.284706e+01 1.275945e-01
      vertex   1.183092e+02 -3.296997e+01 5.036593e-07
    endloop
  endfacet
  facet normal 9.665942e-01 2.558138e-01 -1.596711e-02
    outer loop
      vertex   1.181840e+02 -3.248290e+01 5.036593e-07
      vertex   1.182112e+02 -3.257323e+01 1.988855e-01
      vertex   1.182825e+02 -3.284706e+01 1.275945e-01
    endloop
  endfacet
  facet normal 9.526418e-01 3.039942e-01 7.822711e-03
    outer loop
      vertex   1.181840e+02 -3.248290e+01 5.036593e-07
      vertex   1.181245e+02 -3.230387e+01 2.855554e-01
      vertex   1.182112e+02 -3.257323e+01 1.988855e-01
    endloop
  endfacet
  facet normal 9.384194e-01 3.448733e-01 -2.076903e-02
    outer loop
      vertex   1.180105e+02 -3.201087e+01 5.036593e-07
      vertex   1.181245e+02 -3.230387e+01 2.855554e-01
      vertex   1.181840e+02 -3.248290e+01 5.036593e-07
    endloop
  endfacet
  facet normal 9.327602e-01 3.604890e-01 -2.487003e-03
    outer loop
      vertex   1.180105e+02 -3.201087e+01 5.036593e-07
      vertex   1.180228e+02 -3.203985e+01 3.873220e-01
      vertex   1.181245e+02 -3.230387e+01 2.855554e-01
    endloop
  endfacet
  facet normal 9.115805e-01 4.111170e-01 1.968866e-03
    outer loop
      vertex   1.180105e+02 -3.201087e+01 5.036593e-07
      vertex   1.179062e+02 -3.178200e+01 5.038629e-01
      vertex   1.180228e+02 -3.203985e+01 3.873220e-01
    endloop
  endfacet
  facet normal 8.991613e-01 4.374372e-01 -1.255780e-02
    outer loop
      vertex   1.177905e+02 -3.155866e+01 5.036593e-07
      vertex   1.179062e+02 -3.178200e+01 5.038629e-01
      vertex   1.180105e+02 -3.201087e+01 5.036593e-07
    endloop
  endfacet
  facet normal 8.867607e-01 4.622270e-01 1.277877e-03
    outer loop
      vertex   1.177905e+02 -3.155866e+01 5.036593e-07
      vertex   1.177753e+02 -3.153116e+01 6.348005e-01
      vertex   1.179062e+02 -3.178200e+01 5.038629e-01
    endloop
  endfacet
  facet normal 8.584701e-01 5.128611e-01 -1.594852e-03
    outer loop
      vertex   1.177905e+02 -3.155866e+01 5.036593e-07
      vertex   1.176304e+02 -3.128813e+01 7.797208e-01
      vertex   1.177753e+02 -3.153116e+01 6.348005e-01
    endloop
  endfacet
  facet normal 8.507068e-01 5.255856e-01 -7.604373e-03
    outer loop
      vertex   1.175262e+02 -3.113083e+01 5.036593e-07
      vertex   1.176304e+02 -3.128813e+01 7.797208e-01
      vertex   1.177905e+02 -3.155866e+01 5.036593e-07
    endloop
  endfacet
  facet normal 8.291752e-01 5.589851e-01 2.009696e-03
    outer loop
      vertex   1.175262e+02 -3.113083e+01 5.036593e-07
      vertex   1.174719e+02 -3.105368e+01 9.381566e-01
      vertex   1.176304e+02 -3.128813e+01 7.797208e-01
    endloop
  endfacet
  facet normal 7.936235e-01 6.083953e-01 -4.110590e-03
    outer loop
      vertex   1.172203e+02 -3.073172e+01 5.036593e-07
      vertex   1.174719e+02 -3.105368e+01 9.381566e-01
      vertex   1.175262e+02 -3.113083e+01 5.036593e-07
    endloop
  endfacet
  facet normal 7.939396e-01 6.079812e-01 -4.337538e-03
    outer loop
      vertex   1.172203e+02 -3.073172e+01 5.036593e-07
      vertex   1.173005e+02 -3.082858e+01 1.109601e+00
      vertex   1.174719e+02 -3.105368e+01 9.381566e-01
    endloop
  endfacet
  facet normal 7.606920e-01 6.491108e-01 1.656856e-03
    outer loop
      vertex   1.172203e+02 -3.073172e+01 5.036593e-07
      vertex   1.171166e+02 -3.061353e+01 1.293505e+00
      vertex   1.173005e+02 -3.082858e+01 1.109601e+00
    endloop
  endfacet
  facet normal 7.285024e-01 6.850304e-01 -4.204945e-03
    outer loop
      vertex   1.168758e+02 -3.036535e+01 5.036593e-07
      vertex   1.171166e+02 -3.061353e+01 1.293505e+00
      vertex   1.172203e+02 -3.073172e+01 5.036593e-07
    endloop
  endfacet
  facet normal 7.213312e-01 6.925889e-01 -1.419566e-03
    outer loop
      vertex   1.168758e+02 -3.036535e+01 5.036593e-07
      vertex   1.169208e+02 -3.040923e+01 1.489279e+00
      vertex   1.171166e+02 -3.061353e+01 1.293505e+00
    endloop
  endfacet
  facet normal 6.821943e-01 7.311704e-01 9.012246e-04
    outer loop
      vertex   1.168758e+02 -3.036535e+01 5.036593e-07
      vertex   1.167138e+02 -3.021633e+01 1.696297e+00
      vertex   1.169208e+02 -3.040923e+01 1.489279e+00
    endloop
  endfacet
  facet normal 6.560026e-01 7.547497e-01 -3.670987e-03
    outer loop
      vertex   1.164962e+02 -3.003545e+01 5.036593e-07
      vertex   1.167138e+02 -3.021633e+01 1.696297e+00
      vertex   1.168758e+02 -3.036535e+01 5.036593e-07
    endloop
  endfacet
  facet normal 6.392373e-01 7.690096e-01 2.586569e-07
    outer loop
      vertex   1.164962e+02 -3.003545e+01 1.913895e+00
      vertex   1.167138e+02 -3.021633e+01 1.696297e+00
      vertex   1.164962e+02 -3.003545e+01 5.036593e-07
    endloop
  endfacet
  facet normal -4.143783e-01 -9.101047e-01 -0.000000e+00
    outer loop
      vertex   1.058728e+02 -1.965775e+01 2.000001e+00
      vertex   1.054397e+02 -1.946055e+01 5.036593e-07
      vertex   1.058728e+02 -1.965775e+01 5.036593e-07
    endloop
  endfacet
  facet normal -4.143783e-01 -9.101047e-01 -0.000000e+00
    outer loop
      vertex   1.054397e+02 -1.946055e+01 2.000001e+00
      vertex   1.054397e+02 -1.946055e+01 5.036593e-07
      vertex   1.058728e+02 -1.965775e+01 2.000001e+00
    endloop
  endfacet
  facet normal -5.081744e-01 -8.612542e-01 -0.000000e+00
    outer loop
      vertex   1.054397e+02 -1.946055e+01 2.000001e+00
      vertex   1.050298e+02 -1.921871e+01 5.036593e-07
      vertex   1.054397e+02 -1.946055e+01 5.036593e-07
    endloop
  endfacet
  facet normal -5.081744e-01 -8.612542e-01 -0.000000e+00
    outer loop
      vertex   1.050298e+02 -1.921871e+01 2.000001e+00
      vertex   1.050298e+02 -1.921871e+01 5.036593e-07
      vertex   1.054397e+02 -1.946055e+01 2.000001e+00
    endloop
  endfacet
  facet normal -5.962897e-01 -8.027693e-01 -0.000000e+00
    outer loop
      vertex   1.050298e+02 -1.921871e+01 2.000001e+00
      vertex   1.046477e+02 -1.893493e+01 5.036593e-07
      vertex   1.050298e+02 -1.921871e+01 5.036593e-07
    endloop
  endfacet
  facet normal -5.962897e-01 -8.027693e-01 -0.000000e+00
    outer loop
      vertex   1.046477e+02 -1.893493e+01 2.000001e+00
      vertex   1.046477e+02 -1.893493e+01 5.036593e-07
      vertex   1.050298e+02 -1.921871e+01 2.000001e+00
    endloop
  endfacet
  facet normal -6.777321e-01 -7.353089e-01 -0.000000e+00
    outer loop
      vertex   1.046477e+02 -1.893493e+01 2.000001e+00
      vertex   1.042978e+02 -1.861239e+01 5.036593e-07
      vertex   1.046477e+02 -1.893493e+01 5.036593e-07
    endloop
  endfacet
  facet normal -6.777321e-01 -7.353089e-01 -0.000000e+00
    outer loop
      vertex   1.042978e+02 -1.861239e+01 2.000001e+00
      vertex   1.042978e+02 -1.861239e+01 5.036593e-07
      vertex   1.046477e+02 -1.893493e+01 2.000001e+00
    endloop
  endfacet
  facet normal -7.515981e-01 -6.596213e-01 -0.000000e+00
    outer loop
      vertex   1.042978e+02 -1.861239e+01 2.000001e+00
      vertex   1.039839e+02 -1.825470e+01 5.036593e-07
      vertex   1.042978e+02 -1.861239e+01 5.036593e-07
    endloop
  endfacet
  facet normal -7.515981e-01 -6.596213e-01 -0.000000e+00
    outer loop
      vertex   1.039839e+02 -1.825470e+01 2.000001e+00
      vertex   1.039839e+02 -1.825470e+01 5.036593e-07
      vertex   1.042978e+02 -1.861239e+01 2.000001e+00
    endloop
  endfacet
  facet normal -8.170563e-01 -5.765579e-01 -0.000000e+00
    outer loop
      vertex   1.039839e+02 -1.825470e+01 2.000001e+00
      vertex   1.037095e+02 -1.786586e+01 5.036593e-07
      vertex   1.039839e+02 -1.825470e+01 5.036593e-07
    endloop
  endfacet
  facet normal -8.170563e-01 -5.765579e-01 -0.000000e+00
    outer loop
      vertex   1.037095e+02 -1.786586e+01 2.000001e+00
      vertex   1.037095e+02 -1.786586e+01 5.036593e-07
      vertex   1.039839e+02 -1.825470e+01 2.000001e+00
    endloop
  endfacet
  facet normal -8.733769e-01 -4.870450e-01 -0.000000e+00
    outer loop
      vertex   1.037095e+02 -1.786586e+01 2.000001e+00
      vertex   1.034777e+02 -1.745022e+01 5.036593e-07
      vertex   1.037095e+02 -1.786586e+01 5.036593e-07
    endloop
  endfacet
  facet normal -8.733769e-01 -4.870450e-01 -0.000000e+00
    outer loop
      vertex   1.034777e+02 -1.745022e+01 2.000001e+00
      vertex   1.034777e+02 -1.745022e+01 5.036593e-07
      vertex   1.037095e+02 -1.786586e+01 2.000001e+00
    endloop
  endfacet
  facet normal -9.199274e-01 -3.920887e-01 -0.000000e+00
    outer loop
      vertex   1.034777e+02 -1.745022e+01 2.000001e+00
      vertex   1.032911e+02 -1.701243e+01 5.036593e-07
      vertex   1.034777e+02 -1.745022e+01 5.036593e-07
    endloop
  endfacet
  facet normal -9.199274e-01 -3.920887e-01 -0.000000e+00
    outer loop
      vertex   1.032911e+02 -1.701243e+01 2.000001e+00
      vertex   1.032911e+02 -1.701243e+01 5.036593e-07
      vertex   1.034777e+02 -1.745022e+01 2.000001e+00
    endloop
  endfacet
  facet normal -9.561921e-01 -2.927399e-01 -0.000000e+00
    outer loop
      vertex   1.032911e+02 -1.701243e+01 2.000001e+00
      vertex   1.031518e+02 -1.655737e+01 5.036593e-07
      vertex   1.032911e+02 -1.701243e+01 5.036593e-07
    endloop
  endfacet
  facet normal -9.561921e-01 -2.927399e-01 -0.000000e+00
    outer loop
      vertex   1.031518e+02 -1.655737e+01 2.000001e+00
      vertex   1.031518e+02 -1.655737e+01 5.036593e-07
      vertex   1.032911e+02 -1.701243e+01 2.000001e+00
    endloop
  endfacet
  facet normal -9.817613e-01 -1.901178e-01 -0.000000e+00
    outer loop
      vertex   1.031518e+02 -1.655737e+01 2.000001e+00
      vertex   1.030613e+02 -1.609015e+01 5.036593e-07
      vertex   1.031518e+02 -1.655737e+01 5.036593e-07
    endloop
  endfacet
  facet normal -9.817613e-01 -1.901178e-01 -0.000000e+00
    outer loop
      vertex   1.030613e+02 -1.609015e+01 2.000001e+00
      vertex   1.030613e+02 -1.609015e+01 5.036593e-07
      vertex   1.031518e+02 -1.655737e+01 2.000001e+00
    endloop
  endfacet
  facet normal -9.963483e-01 -8.538230e-02 -0.000000e+00
    outer loop
      vertex   1.030613e+02 -1.609015e+01 2.000001e+00
      vertex   1.030207e+02 -1.561598e+01 5.036593e-07
      vertex   1.030613e+02 -1.609015e+01 5.036593e-07
    endloop
  endfacet
  facet normal -9.963483e-01 -8.538230e-02 -0.000000e+00
    outer loop
      vertex   1.030207e+02 -1.561598e+01 2.000001e+00
      vertex   1.030207e+02 -1.561598e+01 5.036593e-07
      vertex   1.030613e+02 -1.609015e+01 2.000001e+00
    endloop
  endfacet
  facet normal -9.997935e-01 2.032277e-02 0.000000e+00
    outer loop
      vertex   1.030207e+02 -1.561598e+01 2.000001e+00
      vertex   1.030304e+02 -1.514018e+01 5.036593e-07
      vertex   1.030207e+02 -1.561598e+01 5.036593e-07
    endloop
  endfacet
  facet normal -9.997935e-01 2.032277e-02 0.000000e+00
    outer loop
      vertex   1.030304e+02 -1.514018e+01 2.000001e+00
      vertex   1.030304e+02 -1.514018e+01 5.036593e-07
      vertex   1.030207e+02 -1.561598e+01 2.000001e+00
    endloop
  endfacet
  facet normal -9.920559e-01 1.257980e-01 0.000000e+00
    outer loop
      vertex   1.030304e+02 -1.514018e+01 2.000001e+00
      vertex   1.030902e+02 -1.466805e+01 5.036593e-07
      vertex   1.030304e+02 -1.514018e+01 5.036593e-07
    endloop
  endfacet
  facet normal -9.920559e-01 1.257980e-01 0.000000e+00
    outer loop
      vertex   1.030902e+02 -1.466805e+01 2.000001e+00
      vertex   1.030902e+02 -1.466805e+01 5.036593e-07
      vertex   1.030304e+02 -1.514018e+01 2.000001e+00
    endloop
  endfacet
  facet normal -9.732240e-01 2.298589e-01 0.000000e+00
    outer loop
      vertex   1.030902e+02 -1.466805e+01 2.000001e+00
      vertex   1.031996e+02 -1.420489e+01 5.036593e-07
      vertex   1.030902e+02 -1.466805e+01 5.036593e-07
    endloop
  endfacet
  facet normal -9.732240e-01 2.298589e-01 0.000000e+00
    outer loop
      vertex   1.031996e+02 -1.420489e+01 2.000001e+00
      vertex   1.031996e+02 -1.420489e+01 5.036593e-07
      vertex   1.030902e+02 -1.466805e+01 2.000001e+00
    endloop
  endfacet
  facet normal -9.435045e-01 3.313598e-01 0.000000e+00
    outer loop
      vertex   1.031996e+02 -1.420489e+01 2.000001e+00
      vertex   1.033573e+02 -1.375587e+01 5.036593e-07
      vertex   1.031996e+02 -1.420489e+01 5.036593e-07
    endloop
  endfacet
  facet normal -9.435045e-01 3.313598e-01 0.000000e+00
    outer loop
      vertex   1.033573e+02 -1.375587e+01 2.000001e+00
      vertex   1.033573e+02 -1.375587e+01 5.036593e-07
      vertex   1.031996e+02 -1.420489e+01 2.000001e+00
    endloop
  endfacet
  facet normal -9.032351e-01 4.291460e-01 0.000000e+00
    outer loop
      vertex   1.033573e+02 -1.375587e+01 2.000001e+00
      vertex   1.035616e+02 -1.332602e+01 5.036593e-07
      vertex   1.033573e+02 -1.375587e+01 5.036593e-07
    endloop
  endfacet
  facet normal -9.032351e-01 4.291460e-01 0.000000e+00
    outer loop
      vertex   1.035616e+02 -1.332602e+01 2.000001e+00
      vertex   1.035616e+02 -1.332602e+01 5.036593e-07
      vertex   1.033573e+02 -1.375587e+01 2.000001e+00
    endloop
  endfacet
  facet normal -8.528646e-01 5.221321e-01 0.000000e+00
    outer loop
      vertex   1.035616e+02 -1.332602e+01 2.000001e+00
      vertex   1.038100e+02 -1.292014e+01 5.036593e-07
      vertex   1.035616e+02 -1.332602e+01 5.036593e-07
    endloop
  endfacet
  facet normal -8.528646e-01 5.221321e-01 0.000000e+00
    outer loop
      vertex   1.038100e+02 -1.292014e+01 2.000001e+00
      vertex   1.038100e+02 -1.292014e+01 5.036593e-07
      vertex   1.035616e+02 -1.332602e+01 2.000001e+00
    endloop
  endfacet
  facet normal -7.929480e-01 6.092894e-01 0.000000e+00
    outer loop
      vertex   1.038100e+02 -1.292014e+01 2.000001e+00
      vertex   1.041000e+02 -1.254277e+01 5.036593e-07
      vertex   1.038100e+02 -1.292014e+01 5.036593e-07
    endloop
  endfacet
  facet normal -7.929480e-01 6.092894e-01 0.000000e+00
    outer loop
      vertex   1.041000e+02 -1.254277e+01 2.000001e+00
      vertex   1.041000e+02 -1.254277e+01 5.036593e-07
      vertex   1.038100e+02 -1.292014e+01 2.000001e+00
    endloop
  endfacet
  facet normal -7.241735e-01 6.896178e-01 0.000000e+00
    outer loop
      vertex   1.041000e+02 -1.254277e+01 2.000001e+00
      vertex   1.044282e+02 -1.219814e+01 5.036593e-07
      vertex   1.041000e+02 -1.254277e+01 5.036593e-07
    endloop
  endfacet
  facet normal -7.241735e-01 6.896178e-01 0.000000e+00
    outer loop
      vertex   1.044282e+02 -1.219814e+01 2.000001e+00
      vertex   1.044282e+02 -1.219814e+01 5.036593e-07
      vertex   1.041000e+02 -1.254277e+01 2.000001e+00
    endloop
  endfacet
  facet normal -6.472931e-01 7.622412e-01 0.000000e+00
    outer loop
      vertex   1.044282e+02 -1.219814e+01 2.000001e+00
      vertex   1.047909e+02 -1.189009e+01 5.036593e-07
      vertex   1.044282e+02 -1.219814e+01 5.036593e-07
    endloop
  endfacet
  facet normal -6.472931e-01 7.622412e-01 0.000000e+00
    outer loop
      vertex   1.047909e+02 -1.189009e+01 2.000001e+00
      vertex   1.047909e+02 -1.189009e+01 5.036593e-07
      vertex   1.044282e+02 -1.219814e+01 2.000001e+00
    endloop
  endfacet
  facet normal -5.631692e-01 8.263416e-01 0.000000e+00
    outer loop
      vertex   1.047909e+02 -1.189009e+01 2.000001e+00
      vertex   1.051842e+02 -1.162207e+01 5.036593e-07
      vertex   1.047909e+02 -1.189009e+01 5.036593e-07
    endloop
  endfacet
  facet normal -5.631692e-01 8.263416e-01 0.000000e+00
    outer loop
      vertex   1.051842e+02 -1.162207e+01 2.000001e+00
      vertex   1.051842e+02 -1.162207e+01 5.036593e-07
      vertex   1.047909e+02 -1.189009e+01 2.000001e+00
    endloop
  endfacet
  facet normal -4.727581e-01 8.811923e-01 0.000000e+00
    outer loop
      vertex   1.051842e+02 -1.162207e+01 2.000001e+00
      vertex   1.056036e+02 -1.139709e+01 5.036593e-07
      vertex   1.051842e+02 -1.162207e+01 5.036593e-07
    endloop
  endfacet
  facet normal -4.727581e-01 8.811923e-01 0.000000e+00
    outer loop
      vertex   1.056036e+02 -1.139709e+01 2.000001e+00
      vertex   1.056036e+02 -1.139709e+01 5.036593e-07
      vertex   1.051842e+02 -1.162207e+01 2.000001e+00
    endloop
  endfacet
  facet normal -3.770483e-01 9.261936e-01 0.000000e+00
    outer loop
      vertex   1.056036e+02 -1.139709e+01 2.000001e+00
      vertex   1.060443e+02 -1.121765e+01 5.036593e-07
      vertex   1.056036e+02 -1.139709e+01 5.036593e-07
    endloop
  endfacet
  facet normal -3.770483e-01 9.261936e-01 0.000000e+00
    outer loop
      vertex   1.060443e+02 -1.121765e+01 2.000001e+00
      vertex   1.060443e+02 -1.121765e+01 5.036593e-07
      vertex   1.056036e+02 -1.139709e+01 2.000001e+00
    endloop
  endfacet
  facet normal -2.771273e-01 9.608332e-01 0.000000e+00
    outer loop
      vertex   1.060443e+02 -1.121765e+01 2.000001e+00
      vertex   1.065016e+02 -1.108576e+01 5.036593e-07
      vertex   1.060443e+02 -1.121765e+01 5.036593e-07
    endloop
  endfacet
  facet normal -2.771273e-01 9.608332e-01 0.000000e+00
    outer loop
      vertex   1.065016e+02 -1.108576e+01 2.000001e+00
      vertex   1.065016e+02 -1.108576e+01 5.036593e-07
      vertex   1.060443e+02 -1.121765e+01 2.000001e+00
    endloop
  endfacet
  facet normal -1.741057e-01 9.847270e-01 0.000000e+00
    outer loop
      vertex   1.065016e+02 -1.108576e+01 2.000001e+00
      vertex   1.069702e+02 -1.100290e+01 5.036593e-07
      vertex   1.065016e+02 -1.108576e+01 5.036593e-07
    endloop
  endfacet
  facet normal -1.741057e-01 9.847270e-01 0.000000e+00
    outer loop
      vertex   1.069702e+02 -1.100290e+01 2.000001e+00
      vertex   1.069702e+02 -1.100290e+01 5.036593e-07
      vertex   1.065016e+02 -1.108576e+01 2.000001e+00
    endloop
  endfacet
  facet normal -6.913805e-02 9.976071e-01 0.000000e+00
    outer loop
      vertex   1.069702e+02 -1.100290e+01 2.000001e+00
      vertex   1.074450e+02 -1.097000e+01 5.036593e-07
      vertex   1.069702e+02 -1.100290e+01 5.036593e-07
    endloop
  endfacet
  facet normal -6.913805e-02 9.976071e-01 0.000000e+00
    outer loop
      vertex   1.074450e+02 -1.097000e+01 2.000001e+00
      vertex   1.074450e+02 -1.097000e+01 5.036593e-07
      vertex   1.069702e+02 -1.100290e+01 2.000001e+00
    endloop
  endfacet
  facet normal 3.660670e-02 9.993298e-01 0.000000e+00
    outer loop
      vertex   1.074450e+02 -1.097000e+01 2.000001e+00
      vertex   1.079206e+02 -1.098742e+01 5.036593e-07
      vertex   1.074450e+02 -1.097000e+01 5.036593e-07
    endloop
  endfacet
  facet normal 3.660670e-02 9.993298e-01 0.000000e+00
    outer loop
      vertex   1.079206e+02 -1.098742e+01 2.000001e+00
      vertex   1.079206e+02 -1.098742e+01 5.036593e-07
      vertex   1.074450e+02 -1.097000e+01 2.000001e+00
    endloop
  endfacet
  facet normal 1.419375e-01 9.898756e-01 0.000000e+00
    outer loop
      vertex   1.083917e+02 -1.105497e+01 2.000001e+00
      vertex   1.079206e+02 -1.098742e+01 5.036593e-07
      vertex   1.079206e+02 -1.098742e+01 2.000001e+00
    endloop
  endfacet
  facet normal 1.419375e-01 9.898756e-01 0.000000e+00
    outer loop
      vertex   1.083917e+02 -1.105497e+01 2.000001e+00
      vertex   1.083917e+02 -1.105497e+01 5.036593e-07
      vertex   1.079206e+02 -1.098742e+01 5.036593e-07
    endloop
  endfacet
  facet normal 2.456858e-01 9.693495e-01 0.000000e+00
    outer loop
      vertex   1.088530e+02 -1.117189e+01 2.000001e+00
      vertex   1.083917e+02 -1.105497e+01 5.036593e-07
      vertex   1.083917e+02 -1.105497e+01 2.000001e+00
    endloop
  endfacet
  facet normal 2.456858e-01 9.693495e-01 0.000000e+00
    outer loop
      vertex   1.088530e+02 -1.117189e+01 2.000001e+00
      vertex   1.088530e+02 -1.117189e+01 5.036593e-07
      vertex   1.083917e+02 -1.105497e+01 5.036593e-07
    endloop
  endfacet
  facet normal 3.466800e-01 9.379835e-01 0.000000e+00
    outer loop
      vertex   1.092994e+02 -1.133688e+01 2.000001e+00
      vertex   1.088530e+02 -1.117189e+01 5.036593e-07
      vertex   1.088530e+02 -1.117189e+01 2.000001e+00
    endloop
  endfacet
  facet normal 3.466800e-01 9.379835e-01 0.000000e+00
    outer loop
      vertex   1.092994e+02 -1.133688e+01 2.000001e+00
      vertex   1.092994e+02 -1.133688e+01 5.036593e-07
      vertex   1.088530e+02 -1.117189e+01 5.036593e-07
    endloop
  endfacet
  facet normal 4.438032e-01 8.961243e-01 0.000000e+00
    outer loop
      vertex   1.097259e+02 -1.154809e+01 2.000001e+00
      vertex   1.092994e+02 -1.133688e+01 5.036593e-07
      vertex   1.092994e+02 -1.133688e+01 2.000001e+00
    endloop
  endfacet
  facet normal 4.438032e-01 8.961243e-01 0.000000e+00
    outer loop
      vertex   1.097259e+02 -1.154809e+01 2.000001e+00
      vertex   1.097259e+02 -1.154809e+01 5.036593e-07
      vertex   1.092994e+02 -1.133688e+01 5.036593e-07
    endloop
  endfacet
  facet normal 5.359568e-01 8.442454e-01 0.000000e+00
    outer loop
      vertex   1.101276e+02 -1.180315e+01 2.000001e+00
      vertex   1.097259e+02 -1.154809e+01 5.036593e-07
      vertex   1.097259e+02 -1.154809e+01 2.000001e+00
    endloop
  endfacet
  facet normal 5.359568e-01 8.442454e-01 0.000000e+00
    outer loop
      vertex   1.101276e+02 -1.180315e+01 2.000001e+00
      vertex   1.101276e+02 -1.180315e+01 5.036593e-07
      vertex   1.097259e+02 -1.154809e+01 5.036593e-07
    endloop
  endfacet
  facet normal 6.221195e-01 7.829223e-01 0.000000e+00
    outer loop
      vertex   1.105002e+02 -1.209922e+01 2.000001e+00
      vertex   1.101276e+02 -1.180315e+01 5.036593e-07
      vertex   1.101276e+02 -1.180315e+01 2.000001e+00
    endloop
  endfacet
  facet normal 6.221195e-01 7.829223e-01 0.000000e+00
    outer loop
      vertex   1.105002e+02 -1.209922e+01 2.000001e+00
      vertex   1.105002e+02 -1.209922e+01 5.036593e-07
      vertex   1.101276e+02 -1.180315e+01 5.036593e-07
    endloop
  endfacet
  facet normal 7.013239e-01 7.128427e-01 0.000000e+00
    outer loop
      vertex   1.108395e+02 -1.243298e+01 2.000001e+00
      vertex   1.105002e+02 -1.209922e+01 5.036593e-07
      vertex   1.105002e+02 -1.209922e+01 2.000001e+00
    endloop
  endfacet
  facet normal 7.013239e-01 7.128427e-01 0.000000e+00
    outer loop
      vertex   1.108395e+02 -1.243298e+01 2.000001e+00
      vertex   1.108395e+02 -1.243298e+01 5.036593e-07
      vertex   1.105002e+02 -1.209922e+01 5.036593e-07
    endloop
  endfacet
  facet normal 7.726866e-01 6.347877e-01 0.000000e+00
    outer loop
      vertex   1.111416e+02 -1.280071e+01 2.000001e+00
      vertex   1.108395e+02 -1.243298e+01 5.036593e-07
      vertex   1.108395e+02 -1.243298e+01 2.000001e+00
    endloop
  endfacet
  facet normal 7.726866e-01 6.347877e-01 0.000000e+00
    outer loop
      vertex   1.111416e+02 -1.280071e+01 2.000001e+00
      vertex   1.111416e+02 -1.280071e+01 5.036593e-07
      vertex   1.108395e+02 -1.243298e+01 5.036593e-07
    endloop
  endfacet
  facet normal 8.354022e-01 5.496391e-01 0.000000e+00
    outer loop
      vertex   1.114032e+02 -1.319828e+01 2.000001e+00
      vertex   1.111416e+02 -1.280071e+01 5.036593e-07
      vertex   1.111416e+02 -1.280071e+01 2.000001e+00
    endloop
  endfacet
  facet normal 8.354022e-01 5.496391e-01 0.000000e+00
    outer loop
      vertex   1.114032e+02 -1.319828e+01 2.000001e+00
      vertex   1.114032e+02 -1.319828e+01 5.036593e-07
      vertex   1.111416e+02 -1.280071e+01 5.036593e-07
    endloop
  endfacet
  facet normal 8.887765e-01 4.583408e-01 0.000000e+00
    outer loop
      vertex   1.116213e+02 -1.362125e+01 2.000001e+00
      vertex   1.114032e+02 -1.319828e+01 5.036593e-07
      vertex   1.114032e+02 -1.319828e+01 2.000001e+00
    endloop
  endfacet
  facet normal 8.887765e-01 4.583408e-01 0.000000e+00
    outer loop
      vertex   1.116213e+02 -1.362125e+01 2.000001e+00
      vertex   1.116213e+02 -1.362125e+01 5.036593e-07
      vertex   1.114032e+02 -1.319828e+01 5.036593e-07
    endloop
  endfacet
  facet normal 9.322118e-01 3.619132e-01 0.000000e+00
    outer loop
      vertex   1.117935e+02 -1.406489e+01 2.000001e+00
      vertex   1.116213e+02 -1.362125e+01 5.036593e-07
      vertex   1.116213e+02 -1.362125e+01 2.000001e+00
    endloop
  endfacet
  facet normal 9.322118e-01 3.619132e-01 0.000000e+00
    outer loop
      vertex   1.117935e+02 -1.406489e+01 2.000001e+00
      vertex   1.117935e+02 -1.406489e+01 5.036593e-07
      vertex   1.116213e+02 -1.362125e+01 5.036593e-07
    endloop
  endfacet
  facet normal 9.652197e-01 2.614400e-01 0.000000e+00
    outer loop
      vertex   1.119179e+02 -1.452424e+01 2.000001e+00
      vertex   1.117935e+02 -1.406489e+01 5.036593e-07
      vertex   1.117935e+02 -1.406489e+01 2.000001e+00
    endloop
  endfacet
  facet normal 9.652197e-01 2.614400e-01 0.000000e+00
    outer loop
      vertex   1.119179e+02 -1.452424e+01 2.000001e+00
      vertex   1.119179e+02 -1.452424e+01 5.036593e-07
      vertex   1.117935e+02 -1.406489e+01 5.036593e-07
    endloop
  endfacet
  facet normal 9.874318e-01 1.580457e-01 0.000000e+00
    outer loop
      vertex   1.119931e+02 -1.499417e+01 2.000001e+00
      vertex   1.119179e+02 -1.452424e+01 5.036593e-07
      vertex   1.119179e+02 -1.452424e+01 2.000001e+00
    endloop
  endfacet
  facet normal 9.874318e-01 1.580457e-01 0.000000e+00
    outer loop
      vertex   1.119931e+02 -1.499417e+01 2.000001e+00
      vertex   1.119931e+02 -1.499417e+01 5.036593e-07
      vertex   1.119179e+02 -1.452424e+01 5.036593e-07
    endloop
  endfacet
  facet normal 9.986012e-01 5.287466e-02 0.000000e+00
    outer loop
      vertex   1.120183e+02 -1.546940e+01 2.000001e+00
      vertex   1.119931e+02 -1.499417e+01 5.036593e-07
      vertex   1.119931e+02 -1.499417e+01 2.000001e+00
    endloop
  endfacet
  facet normal 9.986012e-01 5.287466e-02 -0.000000e+00
    outer loop
      vertex   1.120183e+02 -1.546940e+01 5.036593e-07
      vertex   1.119931e+02 -1.499417e+01 5.036593e-07
      vertex   1.120183e+02 -1.546940e+01 2.000001e+00
    endloop
  endfacet
  facet normal -4.149782e-01 -9.098313e-01 0.000000e+00
    outer loop
      vertex   1.058728e+02 -1.965775e+01 5.036593e-07
      vertex   1.062625e+02 -1.983549e+01 2.000001e+00
      vertex   1.058728e+02 -1.965775e+01 2.000001e+00
    endloop
  endfacet
  facet normal -4.157261e-01 -9.094899e-01 1.760676e-04
    outer loop
      vertex   1.062683e+02 -1.983853e+01 5.036593e-07
      vertex   1.062625e+02 -1.983549e+01 2.000001e+00
      vertex   1.058728e+02 -1.965775e+01 5.036593e-07
    endloop
  endfacet
  facet normal -5.098871e-01 -8.602413e-01 -1.715805e-04
    outer loop
      vertex   1.062683e+02 -1.983853e+01 5.036593e-07
      vertex   1.066309e+02 -2.005389e+01 2.000001e+00
      vertex   1.062625e+02 -1.983549e+01 2.000001e+00
    endloop
  endfacet
  facet normal -5.119917e-01 -8.589904e-01 3.447454e-04
    outer loop
      vertex   1.066418e+02 -2.006117e+01 5.036593e-07
      vertex   1.066309e+02 -2.005389e+01 2.000001e+00
      vertex   1.062683e+02 -1.983853e+01 5.036593e-07
    endloop
  endfacet
  facet normal -5.989447e-01 -8.007903e-01 -3.399997e-04
    outer loop
      vertex   1.066418e+02 -2.006117e+01 5.036593e-07
      vertex   1.069739e+02 -2.031043e+01 2.000001e+00
      vertex   1.066309e+02 -2.005389e+01 2.000001e+00
    endloop
  endfacet
  facet normal -6.022167e-01 -7.983325e-01 5.096609e-04
    outer loop
      vertex   1.069890e+02 -2.032305e+01 5.036593e-07
      vertex   1.069739e+02 -2.031043e+01 2.000001e+00
      vertex   1.066418e+02 -2.006117e+01 5.036593e-07
    endloop
  endfacet
  facet normal -6.811392e-01 -7.321537e-01 -5.012287e-04
    outer loop
      vertex   1.069890e+02 -2.032305e+01 5.036593e-07
      vertex   1.072875e+02 -2.060218e+01 2.000001e+00
      vertex   1.069739e+02 -2.031043e+01 2.000001e+00
    endloop
  endfacet
  facet normal -6.853173e-01 -7.282443e-01 6.681059e-04
    outer loop
      vertex   1.073057e+02 -2.062106e+01 5.036593e-07
      vertex   1.072875e+02 -2.060218e+01 2.000001e+00
      vertex   1.069890e+02 -2.032305e+01 5.036593e-07
    endloop
  endfacet
  facet normal -7.555203e-01 -6.551249e-01 -6.584139e-04
    outer loop
      vertex   1.073057e+02 -2.062106e+01 5.036593e-07
      vertex   1.075681e+02 -2.092578e+01 2.000001e+00
      vertex   1.072875e+02 -2.060218e+01 2.000001e+00
    endloop
  endfacet
  facet normal -7.603243e-01 -6.495432e-01 8.224821e-04
    outer loop
      vertex   1.075881e+02 -2.095170e+01 5.036593e-07
      vertex   1.075681e+02 -2.092578e+01 2.000001e+00
      vertex   1.073057e+02 -2.062106e+01 5.036593e-07
    endloop
  endfacet
  facet normal -8.038782e-01 -5.947939e-01 -3.218592e-04
    outer loop
      vertex   1.075881e+02 -2.095170e+01 5.036593e-07
      vertex   1.076756e+02 -2.107106e+01 2.005625e+00
      vertex   1.075681e+02 -2.092578e+01 2.000001e+00
    endloop
  endfacet
  facet normal -8.263349e-01 -5.631733e-01 2.539962e-03
    outer loop
      vertex   1.078330e+02 -2.131103e+01 5.036593e-07
      vertex   1.076756e+02 -2.107106e+01 2.005625e+00
      vertex   1.075881e+02 -2.095170e+01 5.036593e-07
    endloop
  endfacet
  facet normal -8.305701e-01 -5.569122e-01 1.458490e-03
    outer loop
      vertex   1.077770e+02 -2.122221e+01 2.022332e+00
      vertex   1.076756e+02 -2.107106e+01 2.005625e+00
      vertex   1.078330e+02 -2.131103e+01 5.036593e-07
    endloop
  endfacet
  facet normal -8.545466e-01 -5.193740e-01 -8.541915e-04
    outer loop
      vertex   1.078330e+02 -2.131103e+01 5.036593e-07
      vertex   1.078718e+02 -2.137818e+01 2.049878e+00
      vertex   1.077770e+02 -2.122221e+01 2.022332e+00
    endloop
  endfacet
  facet normal -8.767423e-01 -4.809598e-01 8.239040e-04
    outer loop
      vertex   1.078330e+02 -2.131103e+01 5.036593e-07
      vertex   1.079594e+02 -2.153792e+01 2.088013e+00
      vertex   1.078718e+02 -2.137818e+01 2.049878e+00
    endloop
  endfacet
  facet normal -8.825874e-01 -4.701424e-01 2.353255e-03
    outer loop
      vertex   1.080375e+02 -2.169483e+01 5.036593e-07
      vertex   1.079594e+02 -2.153792e+01 2.088013e+00
      vertex   1.078330e+02 -2.131103e+01 5.036593e-07
    endloop
  endfacet
  facet normal -9.063211e-01 -4.225845e-01 -2.107414e-03
    outer loop
      vertex   1.080375e+02 -2.169483e+01 5.036593e-07
      vertex   1.081115e+02 -2.186450e+01 2.195075e+00
      vertex   1.079594e+02 -2.153792e+01 2.088013e+00
    endloop
  endfacet
  facet normal -9.284074e-01 -3.715548e-01 2.581610e-03
    outer loop
      vertex   1.081990e+02 -2.209855e+01 5.036593e-07
      vertex   1.081115e+02 -2.186450e+01 2.195075e+00
      vertex   1.080375e+02 -2.169483e+01 5.036593e-07
    endloop
  endfacet
  facet normal -9.409446e-01 -3.385575e-01 -1.436941e-03
    outer loop
      vertex   1.081990e+02 -2.209855e+01 5.036593e-07
      vertex   1.082296e+02 -2.219350e+01 2.341189e+00
      vertex   1.081115e+02 -2.186450e+01 2.195075e+00
    endloop
  endfacet
  facet normal -9.632551e-01 -2.685829e-01 1.692263e-03
    outer loop
      vertex   1.083158e+02 -2.251743e+01 5.036593e-07
      vertex   1.082296e+02 -2.219350e+01 2.341189e+00
      vertex   1.081990e+02 -2.209855e+01 5.036593e-07
    endloop
  endfacet
  facet normal -9.667121e-01 -2.558667e-01 -1.944744e-04
    outer loop
      vertex   1.083158e+02 -2.251743e+01 5.036593e-07
      vertex   1.083150e+02 -2.251622e+01 2.520577e+00
      vertex   1.082296e+02 -2.219350e+01 2.341189e+00
    endloop
  endfacet
  facet normal -9.838583e-01 -1.789490e-01 -2.368793e-04
    outer loop
      vertex   1.083158e+02 -2.251743e+01 5.036593e-07
      vertex   1.083709e+02 -2.282395e+01 2.725602e+00
      vertex   1.083150e+02 -2.251622e+01 2.520577e+00
    endloop
  endfacet
  facet normal -9.867197e-01 -1.624237e-01 1.679401e-03
    outer loop
      vertex   1.083865e+02 -2.294651e+01 5.036593e-07
      vertex   1.083709e+02 -2.282395e+01 2.725602e+00
      vertex   1.083158e+02 -2.251743e+01 5.036593e-07
    endloop
  endfacet
  facet normal -9.944596e-01 -1.051152e-01 -9.416306e-04
    outer loop
      vertex   1.083865e+02 -2.294651e+01 5.036593e-07
      vertex   1.084009e+02 -2.310915e+01 2.949544e+00
      vertex   1.083709e+02 -2.282395e+01 2.725602e+00
    endloop
  endfacet
  facet normal -9.985198e-01 -5.435695e-02 1.877098e-03
    outer loop
      vertex   1.084101e+02 -2.338072e+01 5.036593e-07
      vertex   1.084009e+02 -2.310915e+01 2.949544e+00
      vertex   1.083865e+02 -2.294651e+01 5.036593e-07
    endloop
  endfacet
  facet normal -9.994218e-01 -3.400021e-02 -0.000000e+00
    outer loop
      vertex   1.084101e+02 -2.338072e+01 3.200001e+00
      vertex   1.084009e+02 -2.310915e+01 2.949544e+00
      vertex   1.084101e+02 -2.338072e+01 5.036593e-07
    endloop
  endfacet
  facet normal 6.372084e-01 7.706915e-01 3.875472e-07
    outer loop
      vertex   1.164962e+02 -3.003545e+01 9.400000e+00
      vertex   1.166940e+02 -3.019898e+01 8.283887e+00
      vertex   1.164962e+02 -3.003545e+01 8.086102e+00
    endloop
  endfacet
  facet normal 6.489949e-01 7.607845e-01 3.540501e-03
    outer loop
      vertex   1.168085e+02 -3.030190e+01 9.400000e+00
      vertex   1.166940e+02 -3.019898e+01 8.283887e+00
      vertex   1.164962e+02 -3.003545e+01 9.400000e+00
    endloop
  endfacet
  facet normal 6.767806e-01 7.361831e-01 -1.579858e-03
    outer loop
      vertex   1.168085e+02 -3.030190e+01 9.400000e+00
      vertex   1.168831e+02 -3.037245e+01 8.473021e+00
      vertex   1.166940e+02 -3.019898e+01 8.283887e+00
    endloop
  endfacet
  facet normal 7.092273e-01 7.049716e-01 3.405932e-03
    outer loop
      vertex   1.170980e+02 -3.059306e+01 9.400000e+00
      vertex   1.168831e+02 -3.037245e+01 8.473021e+00
      vertex   1.168085e+02 -3.030190e+01 9.400000e+00
    endloop
  endfacet
  facet normal 7.117316e-01 7.024480e-01 2.224898e-03
    outer loop
      vertex   1.170980e+02 -3.059306e+01 9.400000e+00
      vertex   1.170631e+02 -3.055538e+01 8.653004e+00
      vertex   1.168831e+02 -3.037245e+01 8.473021e+00
    endloop
  endfacet
  facet normal 7.485357e-01 6.630928e-01 -1.478016e-03
    outer loop
      vertex   1.170980e+02 -3.059306e+01 9.400000e+00
      vertex   1.172335e+02 -3.074731e+01 8.823365e+00
      vertex   1.170631e+02 -3.055538e+01 8.653004e+00
    endloop
  endfacet
  facet normal 7.646529e-01 6.444009e-01 7.309302e-03
    outer loop
      vertex   1.173625e+02 -3.090699e+01 9.400000e+00
      vertex   1.172335e+02 -3.074731e+01 8.823365e+00
      vertex   1.170980e+02 -3.059306e+01 9.400000e+00
    endloop
  endfacet
  facet normal 7.818710e-01 6.234358e-01 -2.350061e-03
    outer loop
      vertex   1.173625e+02 -3.090699e+01 9.400000e+00
      vertex   1.173937e+02 -3.094773e+01 8.983653e+00
      vertex   1.172335e+02 -3.074731e+01 8.823365e+00
    endloop
  endfacet
  facet normal 8.107644e-01 5.853619e-01 3.542586e-03
    outer loop
      vertex   1.173625e+02 -3.090699e+01 9.400000e+00
      vertex   1.175435e+02 -3.115611e+01 9.133446e+00
      vertex   1.173937e+02 -3.094773e+01 8.983653e+00
    endloop
  endfacet
  facet normal 8.149043e-01 5.794743e-01 1.185652e-02
    outer loop
      vertex   1.176004e+02 -3.124157e+01 9.400000e+00
      vertex   1.175435e+02 -3.115611e+01 9.133446e+00
      vertex   1.173625e+02 -3.090699e+01 9.400000e+00
    endloop
  endfacet
  facet normal 8.430204e-01 5.378294e-01 -7.496379e-03
    outer loop
      vertex   1.176004e+02 -3.124157e+01 9.400000e+00
      vertex   1.176824e+02 -3.137190e+01 9.272351e+00
      vertex   1.175435e+02 -3.115611e+01 9.133446e+00
    endloop
  endfacet
  facet normal 8.593472e-01 5.104557e-01 3.094174e-02
    outer loop
      vertex   1.178101e+02 -3.159454e+01 9.400000e+00
      vertex   1.176824e+02 -3.137190e+01 9.272351e+00
      vertex   1.176004e+02 -3.124157e+01 9.400000e+00
    endloop
  endfacet
  facet normal -4.149782e-01 -9.098313e-01 0.000000e+00
    outer loop
      vertex   1.062625e+02 -1.983549e+01 8.000001e+00
      vertex   1.058728e+02 -1.965775e+01 9.400000e+00
      vertex   1.058728e+02 -1.965775e+01 8.000001e+00
    endloop
  endfacet
  facet normal -4.157261e-01 -9.094898e-01 -2.515252e-04
    outer loop
      vertex   1.062625e+02 -1.983549e+01 8.000001e+00
      vertex   1.062683e+02 -1.983853e+01 9.400000e+00
      vertex   1.058728e+02 -1.965775e+01 9.400000e+00
    endloop
  endfacet
  facet normal -5.098871e-01 -8.602413e-01 2.451151e-04
    outer loop
      vertex   1.066309e+02 -2.005389e+01 8.000001e+00
      vertex   1.062683e+02 -1.983853e+01 9.400000e+00
      vertex   1.062625e+02 -1.983549e+01 8.000001e+00
    endloop
  endfacet
  facet normal -5.119916e-01 -8.589903e-01 -4.924935e-04
    outer loop
      vertex   1.066309e+02 -2.005389e+01 8.000001e+00
      vertex   1.066418e+02 -2.006117e+01 9.400000e+00
      vertex   1.062683e+02 -1.983853e+01 9.400000e+00
    endloop
  endfacet
  facet normal -5.989447e-01 -8.007902e-01 4.857140e-04
    outer loop
      vertex   1.069739e+02 -2.031043e+01 8.000001e+00
      vertex   1.066418e+02 -2.006117e+01 9.400000e+00
      vertex   1.066309e+02 -2.005389e+01 8.000001e+00
    endloop
  endfacet
  facet normal -6.022166e-01 -7.983324e-01 -7.280871e-04
    outer loop
      vertex   1.069739e+02 -2.031043e+01 8.000001e+00
      vertex   1.069890e+02 -2.032305e+01 9.400000e+00
      vertex   1.066418e+02 -2.006117e+01 9.400000e+00
    endloop
  endfacet
  facet normal -6.811391e-01 -7.321537e-01 7.160412e-04
    outer loop
      vertex   1.072875e+02 -2.060218e+01 8.000001e+00
      vertex   1.069890e+02 -2.032305e+01 9.400000e+00
      vertex   1.069739e+02 -2.031043e+01 8.000001e+00
    endloop
  endfacet
  facet normal -6.853172e-01 -7.282441e-01 -9.544371e-04
    outer loop
      vertex   1.072875e+02 -2.060218e+01 8.000001e+00
      vertex   1.073057e+02 -2.062106e+01 9.400000e+00
      vertex   1.069890e+02 -2.032305e+01 9.400000e+00
    endloop
  endfacet
  facet normal -7.555202e-01 -6.551247e-01 9.405913e-04
    outer loop
      vertex   1.075681e+02 -2.092578e+01 8.000001e+00
      vertex   1.073057e+02 -2.062106e+01 9.400000e+00
      vertex   1.072875e+02 -2.060218e+01 8.000001e+00
    endloop
  endfacet
  facet normal -7.603240e-01 -6.495429e-01 -1.174974e-03
    outer loop
      vertex   1.075681e+02 -2.092578e+01 8.000001e+00
      vertex   1.075881e+02 -2.095170e+01 9.400000e+00
      vertex   1.073057e+02 -2.062106e+01 9.400000e+00
    endloop
  endfacet
  facet normal -8.038802e-01 -5.947910e-01 4.598809e-04
    outer loop
      vertex   1.076756e+02 -2.107108e+01 7.994378e+00
      vertex   1.075881e+02 -2.095170e+01 9.400000e+00
      vertex   1.075681e+02 -2.092578e+01 8.000001e+00
    endloop
  endfacet
  facet normal -8.263322e-01 -5.631714e-01 -3.623648e-03
    outer loop
      vertex   1.076756e+02 -2.107108e+01 7.994378e+00
      vertex   1.078330e+02 -2.131103e+01 9.400000e+00
      vertex   1.075881e+02 -2.095170e+01 9.400000e+00
    endloop
  endfacet
  facet normal -8.306029e-01 -5.568613e-01 -2.068294e-03
    outer loop
      vertex   1.077770e+02 -2.122220e+01 7.977673e+00
      vertex   1.078330e+02 -2.131103e+01 9.400000e+00
      vertex   1.076756e+02 -2.107108e+01 7.994378e+00
    endloop
  endfacet
  facet normal -8.545251e-01 -5.194087e-01 1.213106e-03
    outer loop
      vertex   1.078717e+02 -2.137811e+01 7.950139e+00
      vertex   1.078330e+02 -2.131103e+01 9.400000e+00
      vertex   1.077770e+02 -2.122220e+01 7.977673e+00
    endloop
  endfacet
  facet normal -8.767841e-01 -4.808829e-01 -1.163499e-03
    outer loop
      vertex   1.079593e+02 -2.153777e+01 7.912022e+00
      vertex   1.078330e+02 -2.131103e+01 9.400000e+00
      vertex   1.078717e+02 -2.137811e+01 7.950139e+00
    endloop
  endfacet
  facet normal -8.825851e-01 -4.701412e-01 -3.292793e-03
    outer loop
      vertex   1.079593e+02 -2.153777e+01 7.912022e+00
      vertex   1.080375e+02 -2.169483e+01 9.400000e+00
      vertex   1.078330e+02 -2.131103e+01 9.400000e+00
    endloop
  endfacet
  facet normal -9.061854e-01 -4.228705e-01 2.935768e-03
    outer loop
      vertex   1.081113e+02 -2.186417e+01 7.805043e+00
      vertex   1.080375e+02 -2.169483e+01 9.400000e+00
      vertex   1.079593e+02 -2.153777e+01 7.912022e+00
    endloop
  endfacet
  facet normal -9.284047e-01 -3.715537e-01 -3.541600e-03
    outer loop
      vertex   1.081113e+02 -2.186417e+01 7.805043e+00
      vertex   1.081990e+02 -2.209855e+01 9.400000e+00
      vertex   1.080375e+02 -2.169483e+01 9.400000e+00
    endloop
  endfacet
  facet normal -9.408102e-01 -3.389282e-01 1.935053e-03
    outer loop
      vertex   1.082295e+02 -2.219305e+01 7.659049e+00
      vertex   1.081990e+02 -2.209855e+01 9.400000e+00
      vertex   1.081113e+02 -2.186417e+01 7.805043e+00
    endloop
  endfacet
  facet normal -9.632540e-01 -2.685826e-01 -2.275970e-03
    outer loop
      vertex   1.082295e+02 -2.219305e+01 7.659049e+00
      vertex   1.083158e+02 -2.251743e+01 9.400000e+00
      vertex   1.081990e+02 -2.209855e+01 9.400000e+00
    endloop
  endfacet
  facet normal -9.666929e-01 -2.559390e-01 2.503407e-04
    outer loop
      vertex   1.083149e+02 -2.251583e+01 7.479669e+00
      vertex   1.083158e+02 -2.251743e+01 9.400000e+00
      vertex   1.082295e+02 -2.219305e+01 7.659049e+00
    endloop
  endfacet
  facet normal -9.838476e-01 -1.790076e-01 3.227580e-04
    outer loop
      vertex   1.083709e+02 -2.282386e+01 7.274439e+00
      vertex   1.083158e+02 -2.251743e+01 9.400000e+00
      vertex   1.083149e+02 -2.251583e+01 7.479669e+00
    endloop
  endfacet
  facet normal -9.867188e-01 -1.624235e-01 -2.142486e-03
    outer loop
      vertex   1.083709e+02 -2.282386e+01 7.274439e+00
      vertex   1.083865e+02 -2.294651e+01 9.400000e+00
      vertex   1.083158e+02 -2.251743e+01 9.400000e+00
    endloop
  endfacet
  facet normal -9.944294e-01 -1.053978e-01 1.204435e-03
    outer loop
      vertex   1.084009e+02 -2.310937e+01 7.050276e+00
      vertex   1.083865e+02 -2.294651e+01 9.400000e+00
      vertex   1.083709e+02 -2.282386e+01 7.274439e+00
    endloop
  endfacet
  facet normal -9.985188e-01 -5.435690e-02 -2.358328e-03
    outer loop
      vertex   1.084009e+02 -2.310937e+01 7.050276e+00
      vertex   1.084101e+02 -2.338072e+01 9.400000e+00
      vertex   1.083865e+02 -2.294651e+01 9.400000e+00
    endloop
  endfacet
  facet normal -9.994230e-01 -3.396602e-02 0.000000e+00
    outer loop
      vertex   1.084101e+02 -2.338072e+01 6.800002e+00
      vertex   1.084101e+02 -2.338072e+01 9.400000e+00
      vertex   1.084009e+02 -2.310937e+01 7.050276e+00
    endloop
  endfacet
  facet normal 9.986012e-01 5.287466e-02 0.000000e+00
    outer loop
      vertex   1.119931e+02 -1.499417e+01 8.000001e+00
      vertex   1.120183e+02 -1.546940e+01 9.400000e+00
      vertex   1.120183e+02 -1.546940e+01 8.000001e+00
    endloop
  endfacet
  facet normal 9.986012e-01 5.287466e-02 -0.000000e+00
    outer loop
      vertex   1.119931e+02 -1.499417e+01 8.000001e+00
      vertex   1.119931e+02 -1.499417e+01 9.400000e+00
      vertex   1.120183e+02 -1.546940e+01 9.400000e+00
    endloop
  endfacet
  facet normal 9.874318e-01 1.580457e-01 0.000000e+00
    outer loop
      vertex   1.119179e+02 -1.452424e+01 8.000001e+00
      vertex   1.119931e+02 -1.499417e+01 9.400000e+00
      vertex   1.119931e+02 -1.499417e+01 8.000001e+00
    endloop
  endfacet
  facet normal 9.874318e-01 1.580457e-01 -0.000000e+00
    outer loop
      vertex   1.119179e+02 -1.452424e+01 8.000001e+00
      vertex   1.119179e+02 -1.452424e+01 9.400000e+00
      vertex   1.119931e+02 -1.499417e+01 9.400000e+00
    endloop
  endfacet
  facet normal 9.652197e-01 2.614400e-01 0.000000e+00
    outer loop
      vertex   1.117935e+02 -1.406489e+01 8.000001e+00
      vertex   1.119179e+02 -1.452424e+01 9.400000e+00
      vertex   1.119179e+02 -1.452424e+01 8.000001e+00
    endloop
  endfacet
  facet normal 9.652197e-01 2.614400e-01 -0.000000e+00
    outer loop
      vertex   1.117935e+02 -1.406489e+01 8.000001e+00
      vertex   1.117935e+02 -1.406489e+01 9.400000e+00
      vertex   1.119179e+02 -1.452424e+01 9.400000e+00
    endloop
  endfacet
  facet normal 9.322118e-01 3.619132e-01 0.000000e+00
    outer loop
      vertex   1.116213e+02 -1.362125e+01 8.000001e+00
      vertex   1.117935e+02 -1.406489e+01 9.400000e+00
      vertex   1.117935e+02 -1.406489e+01 8.000001e+00
    endloop
  endfacet
  facet normal 9.322118e-01 3.619132e-01 -0.000000e+00
    outer loop
      vertex   1.116213e+02 -1.362125e+01 8.000001e+00
      vertex   1.116213e+02 -1.362125e+01 9.400000e+00
      vertex   1.117935e+02 -1.406489e+01 9.400000e+00
    endloop
  endfacet
  facet normal 8.887765e-01 4.583408e-01 0.000000e+00
    outer loop
      vertex   1.114032e+02 -1.319828e+01 8.000001e+00
      vertex   1.116213e+02 -1.362125e+01 9.400000e+00
      vertex   1.116213e+02 -1.362125e+01 8.000001e+00
    endloop
  endfacet
  facet normal 8.887765e-01 4.583408e-01 -0.000000e+00
    outer loop
      vertex   1.114032e+02 -1.319828e+01 8.000001e+00
      vertex   1.114032e+02 -1.319828e+01 9.400000e+00
      vertex   1.116213e+02 -1.362125e+01 9.400000e+00
    endloop
  endfacet
  facet normal 8.354022e-01 5.496391e-01 0.000000e+00
    outer loop
      vertex   1.111416e+02 -1.280071e+01 8.000001e+00
      vertex   1.114032e+02 -1.319828e+01 9.400000e+00
      vertex   1.114032e+02 -1.319828e+01 8.000001e+00
    endloop
  endfacet
  facet normal 8.354022e-01 5.496391e-01 -0.000000e+00
    outer loop
      vertex   1.111416e+02 -1.280071e+01 8.000001e+00
      vertex   1.111416e+02 -1.280071e+01 9.400000e+00
      vertex   1.114032e+02 -1.319828e+01 9.400000e+00
    endloop
  endfacet
  facet normal 7.726866e-01 6.347877e-01 0.000000e+00
    outer loop
      vertex   1.108395e+02 -1.243298e+01 8.000001e+00
      vertex   1.111416e+02 -1.280071e+01 9.400000e+00
      vertex   1.111416e+02 -1.280071e+01 8.000001e+00
    endloop
  endfacet
  facet normal 7.726866e-01 6.347877e-01 -0.000000e+00
    outer loop
      vertex   1.108395e+02 -1.243298e+01 8.000001e+00
      vertex   1.108395e+02 -1.243298e+01 9.400000e+00
      vertex   1.111416e+02 -1.280071e+01 9.400000e+00
    endloop
  endfacet
  facet normal 7.013239e-01 7.128427e-01 0.000000e+00
    outer loop
      vertex   1.105002e+02 -1.209922e+01 8.000001e+00
      vertex   1.108395e+02 -1.243298e+01 9.400000e+00
      vertex   1.108395e+02 -1.243298e+01 8.000001e+00
    endloop
  endfacet
  facet normal 7.013239e-01 7.128427e-01 -0.000000e+00
    outer loop
      vertex   1.105002e+02 -1.209922e+01 8.000001e+00
      vertex   1.105002e+02 -1.209922e+01 9.400000e+00
      vertex   1.108395e+02 -1.243298e+01 9.400000e+00
    endloop
  endfacet
  facet normal 6.221195e-01 7.829223e-01 0.000000e+00
    outer loop
      vertex   1.101276e+02 -1.180315e+01 8.000001e+00
      vertex   1.105002e+02 -1.209922e+01 9.400000e+00
      vertex   1.105002e+02 -1.209922e+01 8.000001e+00
    endloop
  endfacet
  facet normal 6.221195e-01 7.829223e-01 -0.000000e+00
    outer loop
      vertex   1.101276e+02 -1.180315e+01 8.000001e+00
      vertex   1.101276e+02 -1.180315e+01 9.400000e+00
      vertex   1.105002e+02 -1.209922e+01 9.400000e+00
    endloop
  endfacet
  facet normal 5.359568e-01 8.442454e-01 0.000000e+00
    outer loop
      vertex   1.097259e+02 -1.154809e+01 8.000001e+00
      vertex   1.101276e+02 -1.180315e+01 9.400000e+00
      vertex   1.101276e+02 -1.180315e+01 8.000001e+00
    endloop
  endfacet
  facet normal 5.359568e-01 8.442454e-01 -0.000000e+00
    outer loop
      vertex   1.097259e+02 -1.154809e+01 8.000001e+00
      vertex   1.097259e+02 -1.154809e+01 9.400000e+00
      vertex   1.101276e+02 -1.180315e+01 9.400000e+00
    endloop
  endfacet
  facet normal 4.438032e-01 8.961243e-01 0.000000e+00
    outer loop
      vertex   1.092994e+02 -1.133688e+01 8.000001e+00
      vertex   1.097259e+02 -1.154809e+01 9.400000e+00
      vertex   1.097259e+02 -1.154809e+01 8.000001e+00
    endloop
  endfacet
  facet normal 4.438032e-01 8.961243e-01 -0.000000e+00
    outer loop
      vertex   1.092994e+02 -1.133688e+01 8.000001e+00
      vertex   1.092994e+02 -1.133688e+01 9.400000e+00
      vertex   1.097259e+02 -1.154809e+01 9.400000e+00
    endloop
  endfacet
  facet normal 3.466800e-01 9.379835e-01 0.000000e+00
    outer loop
      vertex   1.088530e+02 -1.117189e+01 8.000001e+00
      vertex   1.092994e+02 -1.133688e+01 9.400000e+00
      vertex   1.092994e+02 -1.133688e+01 8.000001e+00
    endloop
  endfacet
  facet normal 3.466800e-01 9.379835e-01 -0.000000e+00
    outer loop
      vertex   1.088530e+02 -1.117189e+01 8.000001e+00
      vertex   1.088530e+02 -1.117189e+01 9.400000e+00
      vertex   1.092994e+02 -1.133688e+01 9.400000e+00
    endloop
  endfacet
  facet normal 2.456858e-01 9.693495e-01 0.000000e+00
    outer loop
      vertex   1.083917e+02 -1.105497e+01 8.000001e+00
      vertex   1.088530e+02 -1.117189e+01 9.400000e+00
      vertex   1.088530e+02 -1.117189e+01 8.000001e+00
    endloop
  endfacet
  facet normal 2.456858e-01 9.693495e-01 -0.000000e+00
    outer loop
      vertex   1.083917e+02 -1.105497e+01 8.000001e+00
      vertex   1.083917e+02 -1.105497e+01 9.400000e+00
      vertex   1.088530e+02 -1.117189e+01 9.400000e+00
    endloop
  endfacet
  facet normal 1.419375e-01 9.898756e-01 0.000000e+00
    outer loop
      vertex   1.079206e+02 -1.098742e+01 8.000001e+00
      vertex   1.083917e+02 -1.105497e+01 9.400000e+00
      vertex   1.083917e+02 -1.105497e+01 8.000001e+00
    endloop
  endfacet
  facet normal 1.419375e-01 9.898756e-01 -0.000000e+00
    outer loop
      vertex   1.079206e+02 -1.098742e+01 8.000001e+00
      vertex   1.079206e+02 -1.098742e+01 9.400000e+00
      vertex   1.083917e+02 -1.105497e+01 9.400000e+00
    endloop
  endfacet
  facet normal 3.660670e-02 9.993298e-01 0.000000e+00
    outer loop
      vertex   1.074450e+02 -1.097000e+01 8.000001e+00
      vertex   1.079206e+02 -1.098742e+01 9.400000e+00
      vertex   1.079206e+02 -1.098742e+01 8.000001e+00
    endloop
  endfacet
  facet normal 3.660670e-02 9.993298e-01 -0.000000e+00
    outer loop
      vertex   1.074450e+02 -1.097000e+01 8.000001e+00
      vertex   1.074450e+02 -1.097000e+01 9.400000e+00
      vertex   1.079206e+02 -1.098742e+01 9.400000e+00
    endloop
  endfacet
  facet normal -6.913805e-02 9.976071e-01 0.000000e+00
    outer loop
      vertex   1.074450e+02 -1.097000e+01 8.000001e+00
      vertex   1.069702e+02 -1.100290e+01 9.400000e+00
      vertex   1.074450e+02 -1.097000e+01 9.400000e+00
    endloop
  endfacet
  facet normal -6.913805e-02 9.976071e-01 0.000000e+00
    outer loop
      vertex   1.069702e+02 -1.100290e+01 8.000001e+00
      vertex   1.069702e+02 -1.100290e+01 9.400000e+00
      vertex   1.074450e+02 -1.097000e+01 8.000001e+00
    endloop
  endfacet
  facet normal -1.741057e-01 9.847270e-01 0.000000e+00
    outer loop
      vertex   1.069702e+02 -1.100290e+01 8.000001e+00
      vertex   1.065016e+02 -1.108576e+01 9.400000e+00
      vertex   1.069702e+02 -1.100290e+01 9.400000e+00
    endloop
  endfacet
  facet normal -1.741057e-01 9.847270e-01 0.000000e+00
    outer loop
      vertex   1.065016e+02 -1.108576e+01 8.000001e+00
      vertex   1.065016e+02 -1.108576e+01 9.400000e+00
      vertex   1.069702e+02 -1.100290e+01 8.000001e+00
    endloop
  endfacet
  facet normal -2.771273e-01 9.608332e-01 0.000000e+00
    outer loop
      vertex   1.065016e+02 -1.108576e+01 8.000001e+00
      vertex   1.060443e+02 -1.121765e+01 9.400000e+00
      vertex   1.065016e+02 -1.108576e+01 9.400000e+00
    endloop
  endfacet
  facet normal -2.771273e-01 9.608332e-01 0.000000e+00
    outer loop
      vertex   1.060443e+02 -1.121765e+01 8.000001e+00
      vertex   1.060443e+02 -1.121765e+01 9.400000e+00
      vertex   1.065016e+02 -1.108576e+01 8.000001e+00
    endloop
  endfacet
  facet normal -3.770483e-01 9.261936e-01 0.000000e+00
    outer loop
      vertex   1.060443e+02 -1.121765e+01 8.000001e+00
      vertex   1.056036e+02 -1.139709e+01 9.400000e+00
      vertex   1.060443e+02 -1.121765e+01 9.400000e+00
    endloop
  endfacet
  facet normal -3.770483e-01 9.261936e-01 0.000000e+00
    outer loop
      vertex   1.056036e+02 -1.139709e+01 8.000001e+00
      vertex   1.056036e+02 -1.139709e+01 9.400000e+00
      vertex   1.060443e+02 -1.121765e+01 8.000001e+00
    endloop
  endfacet
  facet normal -4.727581e-01 8.811923e-01 0.000000e+00
    outer loop
      vertex   1.056036e+02 -1.139709e+01 8.000001e+00
      vertex   1.051842e+02 -1.162207e+01 9.400000e+00
      vertex   1.056036e+02 -1.139709e+01 9.400000e+00
    endloop
  endfacet
  facet normal -4.727581e-01 8.811923e-01 0.000000e+00
    outer loop
      vertex   1.051842e+02 -1.162207e+01 8.000001e+00
      vertex   1.051842e+02 -1.162207e+01 9.400000e+00
      vertex   1.056036e+02 -1.139709e+01 8.000001e+00
    endloop
  endfacet
  facet normal -5.631692e-01 8.263416e-01 0.000000e+00
    outer loop
      vertex   1.051842e+02 -1.162207e+01 8.000001e+00
      vertex   1.047909e+02 -1.189009e+01 9.400000e+00
      vertex   1.051842e+02 -1.162207e+01 9.400000e+00
    endloop
  endfacet
  facet normal -5.631692e-01 8.263416e-01 0.000000e+00
    outer loop
      vertex   1.047909e+02 -1.189009e+01 8.000001e+00
      vertex   1.047909e+02 -1.189009e+01 9.400000e+00
      vertex   1.051842e+02 -1.162207e+01 8.000001e+00
    endloop
  endfacet
  facet normal -6.472931e-01 7.622412e-01 0.000000e+00
    outer loop
      vertex   1.047909e+02 -1.189009e+01 8.000001e+00
      vertex   1.044282e+02 -1.219814e+01 9.400000e+00
      vertex   1.047909e+02 -1.189009e+01 9.400000e+00
    endloop
  endfacet
  facet normal -6.472931e-01 7.622412e-01 0.000000e+00
    outer loop
      vertex   1.044282e+02 -1.219814e+01 8.000001e+00
      vertex   1.044282e+02 -1.219814e+01 9.400000e+00
      vertex   1.047909e+02 -1.189009e+01 8.000001e+00
    endloop
  endfacet
  facet normal -7.241735e-01 6.896178e-01 0.000000e+00
    outer loop
      vertex   1.044282e+02 -1.219814e+01 8.000001e+00
      vertex   1.041000e+02 -1.254277e+01 9.400000e+00
      vertex   1.044282e+02 -1.219814e+01 9.400000e+00
    endloop
  endfacet
  facet normal -7.241735e-01 6.896178e-01 0.000000e+00
    outer loop
      vertex   1.041000e+02 -1.254277e+01 8.000001e+00
      vertex   1.041000e+02 -1.254277e+01 9.400000e+00
      vertex   1.044282e+02 -1.219814e+01 8.000001e+00
    endloop
  endfacet
  facet normal -7.929480e-01 6.092894e-01 0.000000e+00
    outer loop
      vertex   1.041000e+02 -1.254277e+01 8.000001e+00
      vertex   1.038100e+02 -1.292014e+01 9.400000e+00
      vertex   1.041000e+02 -1.254277e+01 9.400000e+00
    endloop
  endfacet
  facet normal -7.929480e-01 6.092894e-01 0.000000e+00
    outer loop
      vertex   1.038100e+02 -1.292014e+01 8.000001e+00
      vertex   1.038100e+02 -1.292014e+01 9.400000e+00
      vertex   1.041000e+02 -1.254277e+01 8.000001e+00
    endloop
  endfacet
  facet normal -8.528646e-01 5.221321e-01 0.000000e+00
    outer loop
      vertex   1.038100e+02 -1.292014e+01 8.000001e+00
      vertex   1.035616e+02 -1.332602e+01 9.400000e+00
      vertex   1.038100e+02 -1.292014e+01 9.400000e+00
    endloop
  endfacet
  facet normal -8.528646e-01 5.221321e-01 0.000000e+00
    outer loop
      vertex   1.035616e+02 -1.332602e+01 8.000001e+00
      vertex   1.035616e+02 -1.332602e+01 9.400000e+00
      vertex   1.038100e+02 -1.292014e+01 8.000001e+00
    endloop
  endfacet
  facet normal -9.032351e-01 4.291460e-01 0.000000e+00
    outer loop
      vertex   1.035616e+02 -1.332602e+01 8.000001e+00
      vertex   1.033573e+02 -1.375587e+01 9.400000e+00
      vertex   1.035616e+02 -1.332602e+01 9.400000e+00
    endloop
  endfacet
  facet normal -9.032351e-01 4.291460e-01 0.000000e+00
    outer loop
      vertex   1.033573e+02 -1.375587e+01 8.000001e+00
      vertex   1.033573e+02 -1.375587e+01 9.400000e+00
      vertex   1.035616e+02 -1.332602e+01 8.000001e+00
    endloop
  endfacet
  facet normal -9.435045e-01 3.313598e-01 0.000000e+00
    outer loop
      vertex   1.033573e+02 -1.375587e+01 8.000001e+00
      vertex   1.031996e+02 -1.420489e+01 9.400000e+00
      vertex   1.033573e+02 -1.375587e+01 9.400000e+00
    endloop
  endfacet
  facet normal -9.435045e-01 3.313598e-01 0.000000e+00
    outer loop
      vertex   1.031996e+02 -1.420489e+01 8.000001e+00
      vertex   1.031996e+02 -1.420489e+01 9.400000e+00
      vertex   1.033573e+02 -1.375587e+01 8.000001e+00
    endloop
  endfacet
  facet normal -9.732240e-01 2.298589e-01 0.000000e+00
    outer loop
      vertex   1.031996e+02 -1.420489e+01 8.000001e+00
      vertex   1.030902e+02 -1.466805e+01 9.400000e+00
      vertex   1.031996e+02 -1.420489e+01 9.400000e+00
    endloop
  endfacet
  facet normal -9.732240e-01 2.298589e-01 0.000000e+00
    outer loop
      vertex   1.030902e+02 -1.466805e+01 8.000001e+00
      vertex   1.030902e+02 -1.466805e+01 9.400000e+00
      vertex   1.031996e+02 -1.420489e+01 8.000001e+00
    endloop
  endfacet
  facet normal -9.920559e-01 1.257980e-01 0.000000e+00
    outer loop
      vertex   1.030902e+02 -1.466805e+01 8.000001e+00
      vertex   1.030304e+02 -1.514018e+01 9.400000e+00
      vertex   1.030902e+02 -1.466805e+01 9.400000e+00
    endloop
  endfacet
  facet normal -9.920559e-01 1.257980e-01 0.000000e+00
    outer loop
      vertex   1.030304e+02 -1.514018e+01 8.000001e+00
      vertex   1.030304e+02 -1.514018e+01 9.400000e+00
      vertex   1.030902e+02 -1.466805e+01 8.000001e+00
    endloop
  endfacet
  facet normal -9.997935e-01 2.032277e-02 0.000000e+00
    outer loop
      vertex   1.030304e+02 -1.514018e+01 8.000001e+00
      vertex   1.030207e+02 -1.561598e+01 9.400000e+00
      vertex   1.030304e+02 -1.514018e+01 9.400000e+00
    endloop
  endfacet
  facet normal -9.997935e-01 2.032277e-02 0.000000e+00
    outer loop
      vertex   1.030207e+02 -1.561598e+01 8.000001e+00
      vertex   1.030207e+02 -1.561598e+01 9.400000e+00
      vertex   1.030304e+02 -1.514018e+01 8.000001e+00
    endloop
  endfacet
  facet normal -9.963483e-01 -8.538230e-02 0.000000e+00
    outer loop
      vertex   1.030207e+02 -1.561598e+01 8.000001e+00
      vertex   1.030613e+02 -1.609015e+01 9.400000e+00
      vertex   1.030207e+02 -1.561598e+01 9.400000e+00
    endloop
  endfacet
  facet normal -9.963483e-01 -8.538230e-02 0.000000e+00
    outer loop
      vertex   1.030613e+02 -1.609015e+01 8.000001e+00
      vertex   1.030613e+02 -1.609015e+01 9.400000e+00
      vertex   1.030207e+02 -1.561598e+01 8.000001e+00
    endloop
  endfacet
  facet normal -9.817613e-01 -1.901178e-01 0.000000e+00
    outer loop
      vertex   1.030613e+02 -1.609015e+01 8.000001e+00
      vertex   1.031518e+02 -1.655737e+01 9.400000e+00
      vertex   1.030613e+02 -1.609015e+01 9.400000e+00
    endloop
  endfacet
  facet normal -9.817613e-01 -1.901178e-01 0.000000e+00
    outer loop
      vertex   1.031518e+02 -1.655737e+01 8.000001e+00
      vertex   1.031518e+02 -1.655737e+01 9.400000e+00
      vertex   1.030613e+02 -1.609015e+01 8.000001e+00
    endloop
  endfacet
  facet normal -9.561921e-01 -2.927399e-01 0.000000e+00
    outer loop
      vertex   1.031518e+02 -1.655737e+01 8.000001e+00
      vertex   1.032911e+02 -1.701243e+01 9.400000e+00
      vertex   1.031518e+02 -1.655737e+01 9.400000e+00
    endloop
  endfacet
  facet normal -9.561921e-01 -2.927399e-01 0.000000e+00
    outer loop
      vertex   1.032911e+02 -1.701243e+01 8.000001e+00
      vertex   1.032911e+02 -1.701243e+01 9.400000e+00
      vertex   1.031518e+02 -1.655737e+01 8.000001e+00
    endloop
  endfacet
  facet normal -9.199274e-01 -3.920887e-01 0.000000e+00
    outer loop
      vertex   1.032911e+02 -1.701243e+01 8.000001e+00
      vertex   1.034777e+02 -1.745022e+01 9.400000e+00
      vertex   1.032911e+02 -1.701243e+01 9.400000e+00
    endloop
  endfacet
  facet normal -9.199274e-01 -3.920887e-01 0.000000e+00
    outer loop
      vertex   1.034777e+02 -1.745022e+01 8.000001e+00
      vertex   1.034777e+02 -1.745022e+01 9.400000e+00
      vertex   1.032911e+02 -1.701243e+01 8.000001e+00
    endloop
  endfacet
  facet normal -8.733769e-01 -4.870450e-01 0.000000e+00
    outer loop
      vertex   1.034777e+02 -1.745022e+01 8.000001e+00
      vertex   1.037095e+02 -1.786586e+01 9.400000e+00
      vertex   1.034777e+02 -1.745022e+01 9.400000e+00
    endloop
  endfacet
  facet normal -8.733769e-01 -4.870450e-01 0.000000e+00
    outer loop
      vertex   1.037095e+02 -1.786586e+01 8.000001e+00
      vertex   1.037095e+02 -1.786586e+01 9.400000e+00
      vertex   1.034777e+02 -1.745022e+01 8.000001e+00
    endloop
  endfacet
  facet normal -8.170563e-01 -5.765579e-01 0.000000e+00
    outer loop
      vertex   1.037095e+02 -1.786586e+01 8.000001e+00
      vertex   1.039839e+02 -1.825470e+01 9.400000e+00
      vertex   1.037095e+02 -1.786586e+01 9.400000e+00
    endloop
  endfacet
  facet normal -8.170563e-01 -5.765579e-01 0.000000e+00
    outer loop
      vertex   1.039839e+02 -1.825470e+01 8.000001e+00
      vertex   1.039839e+02 -1.825470e+01 9.400000e+00
      vertex   1.037095e+02 -1.786586e+01 8.000001e+00
    endloop
  endfacet
  facet normal -7.515981e-01 -6.596213e-01 0.000000e+00
    outer loop
      vertex   1.039839e+02 -1.825470e+01 8.000001e+00
      vertex   1.042978e+02 -1.861239e+01 9.400000e+00
      vertex   1.039839e+02 -1.825470e+01 9.400000e+00
    endloop
  endfacet
  facet normal -7.515981e-01 -6.596213e-01 0.000000e+00
    outer loop
      vertex   1.042978e+02 -1.861239e+01 8.000001e+00
      vertex   1.042978e+02 -1.861239e+01 9.400000e+00
      vertex   1.039839e+02 -1.825470e+01 8.000001e+00
    endloop
  endfacet
  facet normal -6.777321e-01 -7.353089e-01 0.000000e+00
    outer loop
      vertex   1.042978e+02 -1.861239e+01 8.000001e+00
      vertex   1.046477e+02 -1.893493e+01 9.400000e+00
      vertex   1.042978e+02 -1.861239e+01 9.400000e+00
    endloop
  endfacet
  facet normal -6.777321e-01 -7.353089e-01 0.000000e+00
    outer loop
      vertex   1.046477e+02 -1.893493e+01 8.000001e+00
      vertex   1.046477e+02 -1.893493e+01 9.400000e+00
      vertex   1.042978e+02 -1.861239e+01 8.000001e+00
    endloop
  endfacet
  facet normal -5.962897e-01 -8.027693e-01 0.000000e+00
    outer loop
      vertex   1.046477e+02 -1.893493e+01 8.000001e+00
      vertex   1.050298e+02 -1.921871e+01 9.400000e+00
      vertex   1.046477e+02 -1.893493e+01 9.400000e+00
    endloop
  endfacet
  facet normal -5.962897e-01 -8.027693e-01 0.000000e+00
    outer loop
      vertex   1.050298e+02 -1.921871e+01 8.000001e+00
      vertex   1.050298e+02 -1.921871e+01 9.400000e+00
      vertex   1.046477e+02 -1.893493e+01 8.000001e+00
    endloop
  endfacet
  facet normal -5.081744e-01 -8.612542e-01 0.000000e+00
    outer loop
      vertex   1.050298e+02 -1.921871e+01 8.000001e+00
      vertex   1.054397e+02 -1.946055e+01 9.400000e+00
      vertex   1.050298e+02 -1.921871e+01 9.400000e+00
    endloop
  endfacet
  facet normal -5.081744e-01 -8.612542e-01 0.000000e+00
    outer loop
      vertex   1.054397e+02 -1.946055e+01 8.000001e+00
      vertex   1.054397e+02 -1.946055e+01 9.400000e+00
      vertex   1.050298e+02 -1.921871e+01 8.000001e+00
    endloop
  endfacet
  facet normal -4.143783e-01 -9.101047e-01 0.000000e+00
    outer loop
      vertex   1.054397e+02 -1.946055e+01 8.000001e+00
      vertex   1.058728e+02 -1.965775e+01 9.400000e+00
      vertex   1.054397e+02 -1.946055e+01 9.400000e+00
    endloop
  endfacet
  facet normal -4.143783e-01 -9.101047e-01 0.000000e+00
    outer loop
      vertex   1.058728e+02 -1.965775e+01 8.000001e+00
      vertex   1.058728e+02 -1.965775e+01 9.400000e+00
      vertex   1.054397e+02 -1.946055e+01 8.000001e+00
    endloop
  endfacet
  facet normal 1.000000e+00 0.000000e+00 0.000000e+00
    outer loop
      vertex   1.120183e+02 -2.083131e+01 5.036593e-07
      vertex   1.120183e+02 -2.072568e+01 3.889237e+00
      vertex   1.120183e+02 -2.083131e+01 4.113873e+00
    endloop
  endfacet
  facet normal 1.000000e+00 0.000000e+00 0.000000e+00
    outer loop
      vertex   1.120183e+02 -2.083131e+01 5.036593e-07
      vertex   1.120183e+02 -2.059666e+01 3.671607e+00
      vertex   1.120183e+02 -2.072568e+01 3.889237e+00
    endloop
  endfacet
  facet normal 1.000000e+00 0.000000e+00 0.000000e+00
    outer loop
      vertex   1.120183e+02 -2.044506e+01 3.462351e+00
      vertex   1.120183e+02 -2.059666e+01 3.671607e+00
      vertex   1.120183e+02 -2.083131e+01 5.036593e-07
    endloop
  endfacet
  facet normal 1.000000e+00 0.000000e+00 0.000000e+00
    outer loop
      vertex   1.120183e+02 -2.083131e+01 5.036593e-07
      vertex   1.120183e+02 -2.027184e+01 3.262795e+00
      vertex   1.120183e+02 -2.044506e+01 3.462351e+00
    endloop
  endfacet
  facet normal 1.000000e+00 0.000000e+00 0.000000e+00
    outer loop
      vertex   1.120183e+02 -2.083131e+01 5.036593e-07
      vertex   1.120183e+02 -2.007809e+01 3.074195e+00
      vertex   1.120183e+02 -2.027184e+01 3.262795e+00
    endloop
  endfacet
  facet normal 1.000000e+00 0.000000e+00 0.000000e+00
    outer loop
      vertex   1.120183e+02 -1.986502e+01 2.897738e+00
      vertex   1.120183e+02 -2.007809e+01 3.074195e+00
      vertex   1.120183e+02 -2.083131e+01 5.036593e-07
    endloop
  endfacet
  facet normal 1.000000e+00 0.000000e+00 0.000000e+00
    outer loop
      vertex   1.120183e+02 -2.083131e+01 5.036593e-07
      vertex   1.120183e+02 -1.963399e+01 2.734540e+00
      vertex   1.120183e+02 -1.986502e+01 2.897738e+00
    endloop
  endfacet
  facet normal 1.000000e+00 0.000000e+00 0.000000e+00
    outer loop
      vertex   1.120183e+02 -2.083131e+01 5.036593e-07
      vertex   1.120183e+02 -1.938645e+01 2.585629e+00
      vertex   1.120183e+02 -1.963399e+01 2.734540e+00
    endloop
  endfacet
  facet normal 1.000000e+00 0.000000e+00 0.000000e+00
    outer loop
      vertex   1.120183e+02 -1.912397e+01 2.451945e+00
      vertex   1.120183e+02 -1.938645e+01 2.585629e+00
      vertex   1.120183e+02 -2.083131e+01 5.036593e-07
    endloop
  endfacet
  facet normal 1.000000e+00 0.000000e+00 0.000000e+00
    outer loop
      vertex   1.120183e+02 -2.083131e+01 5.036593e-07
      vertex   1.120183e+02 -1.884819e+01 2.334328e+00
      vertex   1.120183e+02 -1.912397e+01 2.451945e+00
    endloop
  endfacet
  facet normal 1.000000e+00 0.000000e+00 0.000000e+00
    outer loop
      vertex   1.120183e+02 -2.083131e+01 5.036593e-07
      vertex   1.120183e+02 -1.856085e+01 2.233525e+00
      vertex   1.120183e+02 -1.884819e+01 2.334328e+00
    endloop
  endfacet
  facet normal 1.000000e+00 0.000000e+00 0.000000e+00
    outer loop
      vertex   1.120183e+02 -1.826378e+01 2.150166e+00
      vertex   1.120183e+02 -1.856085e+01 2.233525e+00
      vertex   1.120183e+02 -2.083131e+01 5.036593e-07
    endloop
  endfacet
  facet normal 1.000000e+00 0.000000e+00 0.000000e+00
    outer loop
      vertex   1.120183e+02 -2.083131e+01 5.036593e-07
      vertex   1.120183e+02 -1.795884e+01 2.084780e+00
      vertex   1.120183e+02 -1.826378e+01 2.150166e+00
    endloop
  endfacet
  facet normal 1.000000e+00 0.000000e+00 0.000000e+00
    outer loop
      vertex   1.120183e+02 -2.083131e+01 5.036593e-07
      vertex   1.120183e+02 -1.764795e+01 2.037779e+00
      vertex   1.120183e+02 -1.795884e+01 2.084780e+00
    endloop
  endfacet
  facet normal 1.000000e+00 0.000000e+00 0.000000e+00
    outer loop
      vertex   1.120183e+02 -1.546940e+01 5.036593e-07
      vertex   1.120183e+02 -1.764795e+01 2.037779e+00
      vertex   1.120183e+02 -2.083131e+01 5.036593e-07
    endloop
  endfacet
  facet normal 1.000000e+00 0.000000e+00 0.000000e+00
    outer loop
      vertex   1.120183e+02 -1.546940e+01 5.036593e-07
      vertex   1.120183e+02 -1.733308e+01 2.009461e+00
      vertex   1.120183e+02 -1.764795e+01 2.037779e+00
    endloop
  endfacet
  facet normal 1.000000e+00 0.000000e+00 0.000000e+00
    outer loop
      vertex   1.120183e+02 -1.546940e+01 5.036593e-07
      vertex   1.120183e+02 -1.701621e+01 2.000001e+00
      vertex   1.120183e+02 -1.733308e+01 2.009461e+00
    endloop
  endfacet
  facet normal 1.000000e+00 0.000000e+00 0.000000e+00
    outer loop
      vertex   1.120183e+02 -1.546940e+01 2.000001e+00
      vertex   1.120183e+02 -1.701621e+01 2.000001e+00
      vertex   1.120183e+02 -1.546940e+01 5.036593e-07
    endloop
  endfacet
  facet normal -2.060424e-02 2.345331e-02 9.995126e-01
    outer loop
      vertex   1.076756e+02 -2.107106e+01 2.005625e+00
      vertex   1.120183e+02 -1.701621e+01 2.000001e+00
      vertex   1.075681e+02 -2.092578e+01 2.000001e+00
    endloop
  endfacet
  facet normal -2.656068e-02 2.983213e-02 9.992020e-01
    outer loop
      vertex   1.076756e+02 -2.107106e+01 2.005625e+00
      vertex   1.120183e+02 -1.733308e+01 2.009461e+00
      vertex   1.120183e+02 -1.701621e+01 2.000001e+00
    endloop
  endfacet
  facet normal -6.061758e-02 6.940203e-02 9.957454e-01
    outer loop
      vertex   1.077770e+02 -2.122221e+01 2.022332e+00
      vertex   1.120183e+02 -1.733308e+01 2.009461e+00
      vertex   1.076756e+02 -2.107106e+01 2.005625e+00
    endloop
  endfacet
  facet normal -7.886839e-02 8.929602e-02 9.928776e-01
    outer loop
      vertex   1.077770e+02 -2.122221e+01 2.022332e+00
      vertex   1.120183e+02 -1.764795e+01 2.037779e+00
      vertex   1.120183e+02 -1.733308e+01 2.009461e+00
    endloop
  endfacet
  facet normal -9.967753e-02 1.140077e-01 9.884668e-01
    outer loop
      vertex   1.078718e+02 -2.137818e+01 2.049878e+00
      vertex   1.120183e+02 -1.764795e+01 2.037779e+00
      vertex   1.077770e+02 -2.122221e+01 2.022332e+00
    endloop
  endfacet
  facet normal -1.304672e-01 1.482071e-01 9.803127e-01
    outer loop
      vertex   1.078718e+02 -2.137818e+01 2.049878e+00
      vertex   1.120183e+02 -1.795884e+01 2.084780e+00
      vertex   1.120183e+02 -1.764795e+01 2.037779e+00
    endloop
  endfacet
  facet normal -1.381899e-01 1.575981e-01 9.777865e-01
    outer loop
      vertex   1.079594e+02 -2.153792e+01 2.088013e+00
      vertex   1.120183e+02 -1.795884e+01 2.084780e+00
      vertex   1.078718e+02 -2.137818e+01 2.049878e+00
    endloop
  endfacet
  facet normal -1.810515e-01 2.061908e-01 9.616162e-01
    outer loop
      vertex   1.079594e+02 -2.153792e+01 2.088013e+00
      vertex   1.120183e+02 -1.826378e+01 2.150166e+00
      vertex   1.120183e+02 -1.795884e+01 2.084780e+00
    endloop
  endfacet
  facet normal -1.942988e-01 2.227326e-01 9.553210e-01
    outer loop
      vertex   1.081115e+02 -2.186450e+01 2.195075e+00
      vertex   1.120183e+02 -1.826378e+01 2.150166e+00
      vertex   1.079594e+02 -2.153792e+01 2.088013e+00
    endloop
  endfacet
  facet normal -2.314677e-01 2.628289e-01 9.366663e-01
    outer loop
      vertex   1.081115e+02 -2.186450e+01 2.195075e+00
      vertex   1.120183e+02 -1.856085e+01 2.233525e+00
      vertex   1.120183e+02 -1.826378e+01 2.150166e+00
    endloop
  endfacet
  facet normal -2.696804e-01 3.083027e-01 9.122620e-01
    outer loop
      vertex   1.082296e+02 -2.219350e+01 2.341189e+00
      vertex   1.120183e+02 -1.856085e+01 2.233525e+00
      vertex   1.081115e+02 -2.186450e+01 2.195075e+00
    endloop
  endfacet
  facet normal -2.790503e-01 3.178935e-01 9.061317e-01
    outer loop
      vertex   1.082296e+02 -2.219350e+01 2.341189e+00
      vertex   1.120183e+02 -1.884819e+01 2.334328e+00
      vertex   1.120183e+02 -1.856085e+01 2.233525e+00
    endloop
  endfacet
  facet normal -3.259026e-01 3.708806e-01 8.696178e-01
    outer loop
      vertex   1.082296e+02 -2.219350e+01 2.341189e+00
      vertex   1.120183e+02 -1.912397e+01 2.451945e+00
      vertex   1.120183e+02 -1.884819e+01 2.334328e+00
    endloop
  endfacet
  facet normal -3.386815e-01 3.870875e-01 8.575885e-01
    outer loop
      vertex   1.083150e+02 -2.251622e+01 2.520577e+00
      vertex   1.120183e+02 -1.912397e+01 2.451945e+00
      vertex   1.082296e+02 -2.219350e+01 2.341189e+00
    endloop
  endfacet
  facet normal -3.707473e-01 4.214865e-01 8.275842e-01
    outer loop
      vertex   1.083150e+02 -2.251622e+01 2.520577e+00
      vertex   1.120183e+02 -1.938645e+01 2.585629e+00
      vertex   1.120183e+02 -1.912397e+01 2.451945e+00
    endloop
  endfacet
  facet normal -3.999595e-01 4.567370e-01 7.946217e-01
    outer loop
      vertex   1.083709e+02 -2.282395e+01 2.725602e+00
      vertex   1.120183e+02 -1.938645e+01 2.585629e+00
      vertex   1.083150e+02 -2.251622e+01 2.520577e+00
    endloop
  endfacet
  facet normal -4.125866e-01 4.695628e-01 7.805658e-01
    outer loop
      vertex   1.083709e+02 -2.282395e+01 2.725602e+00
      vertex   1.120183e+02 -1.963399e+01 2.734540e+00
      vertex   1.120183e+02 -1.938645e+01 2.585629e+00
    endloop
  endfacet
  facet normal -4.519202e-01 5.146823e-01 7.286084e-01
    outer loop
      vertex   1.083709e+02 -2.282395e+01 2.725602e+00
      vertex   1.120183e+02 -1.986502e+01 2.897738e+00
      vertex   1.120183e+02 -1.963399e+01 2.734540e+00
    endloop
  endfacet
  facet normal -4.556754e-01 5.196539e-01 7.227170e-01
    outer loop
      vertex   1.084009e+02 -2.310915e+01 2.949544e+00
      vertex   1.120183e+02 -1.986502e+01 2.897738e+00
      vertex   1.083709e+02 -2.282395e+01 2.725602e+00
    endloop
  endfacet
  facet normal -4.892579e-01 5.562862e-01 6.716936e-01
    outer loop
      vertex   1.084009e+02 -2.310915e+01 2.949544e+00
      vertex   1.120183e+02 -2.007809e+01 3.074195e+00
      vertex   1.120183e+02 -1.986502e+01 2.897738e+00
    endloop
  endfacet
  facet normal -5.047276e-01 5.759251e-01 6.430866e-01
    outer loop
      vertex   1.084101e+02 -2.338072e+01 3.200001e+00
      vertex   1.120183e+02 -2.007809e+01 3.074195e+00
      vertex   1.084009e+02 -2.310915e+01 2.949544e+00
    endloop
  endfacet
  facet normal -5.229043e-01 5.945537e-01 6.108003e-01
    outer loop
      vertex   1.084101e+02 -2.338072e+01 3.200001e+00
      vertex   1.120183e+02 -2.027184e+01 3.262795e+00
      vertex   1.120183e+02 -2.007809e+01 3.074195e+00
    endloop
  endfacet
  facet normal -5.430807e-01 6.188447e-01 5.675338e-01
    outer loop
      vertex   1.084101e+02 -2.356291e+01 3.398663e+00
      vertex   1.120183e+02 -2.027184e+01 3.262795e+00
      vertex   1.084101e+02 -2.338072e+01 3.200001e+00
    endloop
  endfacet
  facet normal -5.532274e-01 6.290831e-01 5.460712e-01
    outer loop
      vertex   1.084101e+02 -2.356291e+01 3.398663e+00
      vertex   1.120183e+02 -2.044506e+01 3.462351e+00
      vertex   1.120183e+02 -2.027184e+01 3.262795e+00
    endloop
  endfacet
  facet normal -5.714398e-01 6.511110e-01 4.995109e-01
    outer loop
      vertex   1.084101e+02 -2.372326e+01 3.607680e+00
      vertex   1.120183e+02 -2.044506e+01 3.462351e+00
      vertex   1.084101e+02 -2.356291e+01 3.398663e+00
    endloop
  endfacet
  facet normal -5.800687e-01 6.596502e-01 4.778932e-01
    outer loop
      vertex   1.084101e+02 -2.372326e+01 3.607680e+00
      vertex   1.120183e+02 -2.059666e+01 3.671607e+00
      vertex   1.120183e+02 -2.044506e+01 3.462351e+00
    endloop
  endfacet
  facet normal -5.960972e-01 6.791625e-01 4.282599e-01
    outer loop
      vertex   1.084101e+02 -2.386074e+01 3.825701e+00
      vertex   1.120183e+02 -2.059666e+01 3.671607e+00
      vertex   1.084101e+02 -2.372326e+01 3.607680e+00
    endloop
  endfacet
  facet normal -6.032496e-01 6.860522e-01 4.067214e-01
    outer loop
      vertex   1.084101e+02 -2.386074e+01 3.825701e+00
      vertex   1.120183e+02 -2.072568e+01 3.889237e+00
      vertex   1.120183e+02 -2.059666e+01 3.671607e+00
    endloop
  endfacet
  facet normal -6.168946e-01 7.028202e-01 3.542383e-01
    outer loop
      vertex   1.084101e+02 -2.397446e+01 4.051318e+00
      vertex   1.120183e+02 -2.072568e+01 3.889237e+00
      vertex   1.084101e+02 -2.386074e+01 3.825701e+00
    endloop
  endfacet
  facet normal -6.226359e-01 7.081356e-01 3.329693e-01
    outer loop
      vertex   1.084101e+02 -2.397446e+01 4.051318e+00
      vertex   1.120183e+02 -2.083131e+01 4.113873e+00
      vertex   1.120183e+02 -2.072568e+01 3.889237e+00
    endloop
  endfacet
  facet normal -6.337005e-01 7.219330e-01 2.779143e-01
    outer loop
      vertex   1.084101e+02 -2.406367e+01 4.283068e+00
      vertex   1.120183e+02 -2.083131e+01 4.113873e+00
      vertex   1.084101e+02 -2.397446e+01 4.051318e+00
    endloop
  endfacet
  facet normal -6.376939e-01 7.254060e-01 2.590996e-01
    outer loop
      vertex   1.084101e+02 -2.406367e+01 4.283068e+00
      vertex   1.120186e+02 -2.090896e+01 4.331921e+00
      vertex   1.120183e+02 -2.083131e+01 4.113873e+00
    endloop
  endfacet
  facet normal -6.464444e-01 7.363333e-01 1.998071e-01
    outer loop
      vertex   1.084101e+02 -2.412782e+01 4.519454e+00
      vertex   1.120186e+02 -2.090896e+01 4.331921e+00
      vertex   1.084101e+02 -2.406367e+01 4.283068e+00
    endloop
  endfacet
  facet normal -6.489370e-01 7.382164e-01 1.841666e-01
    outer loop
      vertex   1.084101e+02 -2.412782e+01 4.519454e+00
      vertex   1.120190e+02 -2.096444e+01 4.555943e+00
      vertex   1.120186e+02 -2.090896e+01 4.331921e+00
    endloop
  endfacet
  facet normal -6.550540e-01 7.459307e-01 1.203812e-01
    outer loop
      vertex   1.084101e+02 -2.416647e+01 4.758948e+00
      vertex   1.120190e+02 -2.096444e+01 4.555943e+00
      vertex   1.084101e+02 -2.412782e+01 4.519454e+00
    endloop
  endfacet
  facet normal -6.560921e-01 7.464962e-01 1.108451e-01
    outer loop
      vertex   1.084101e+02 -2.416647e+01 4.758948e+00
      vertex   1.120195e+02 -2.099741e+01 4.780526e+00
      vertex   1.120190e+02 -2.096444e+01 4.555943e+00
    endloop
  endfacet
  facet normal -6.593858e-01 7.507284e-01 4.021515e-02
    outer loop
      vertex   1.084101e+02 -2.417938e+01 5.000001e+00
      vertex   1.120195e+02 -2.099741e+01 4.780526e+00
      vertex   1.084101e+02 -2.416647e+01 4.758948e+00
    endloop
  endfacet
  facet normal -6.595295e-01 7.507265e-01 3.782362e-02
    outer loop
      vertex   1.084101e+02 -2.417938e+01 5.000001e+00
      vertex   1.120197e+02 -2.100831e+01 5.000001e+00
      vertex   1.120195e+02 -2.099741e+01 4.780526e+00
    endloop
  endfacet
  facet normal -6.595295e-01 7.507265e-01 -3.782362e-02
    outer loop
      vertex   1.084101e+02 -2.417938e+01 5.000001e+00
      vertex   1.120195e+02 -2.099741e+01 5.219475e+00
      vertex   1.120197e+02 -2.100831e+01 5.000001e+00
    endloop
  endfacet
  facet normal -6.593858e-01 7.507284e-01 -4.021515e-02
    outer loop
      vertex   1.084101e+02 -2.416647e+01 5.241053e+00
      vertex   1.120195e+02 -2.099741e+01 5.219475e+00
      vertex   1.084101e+02 -2.417938e+01 5.000001e+00
    endloop
  endfacet
  facet normal -6.560921e-01 7.464962e-01 -1.108451e-01
    outer loop
      vertex   1.084101e+02 -2.416647e+01 5.241053e+00
      vertex   1.120190e+02 -2.096444e+01 5.444058e+00
      vertex   1.120195e+02 -2.099741e+01 5.219475e+00
    endloop
  endfacet
  facet normal -6.550540e-01 7.459307e-01 -1.203812e-01
    outer loop
      vertex   1.084101e+02 -2.412782e+01 5.480548e+00
      vertex   1.120190e+02 -2.096444e+01 5.444058e+00
      vertex   1.084101e+02 -2.416647e+01 5.241053e+00
    endloop
  endfacet
  facet normal -6.489370e-01 7.382164e-01 -1.841666e-01
    outer loop
      vertex   1.084101e+02 -2.412782e+01 5.480548e+00
      vertex   1.120186e+02 -2.090896e+01 5.668080e+00
      vertex   1.120190e+02 -2.096444e+01 5.444058e+00
    endloop
  endfacet
  facet normal -6.464447e-01 7.363335e-01 -1.998055e-01
    outer loop
      vertex   1.084101e+02 -2.406367e+01 5.716935e+00
      vertex   1.120186e+02 -2.090896e+01 5.668080e+00
      vertex   1.084101e+02 -2.412782e+01 5.480548e+00
    endloop
  endfacet
  facet normal -2.059479e-02 2.344256e-02 -9.995130e-01
    outer loop
      vertex   1.120183e+02 -1.701621e+01 8.000001e+00
      vertex   1.076756e+02 -2.107108e+01 7.994378e+00
      vertex   1.075681e+02 -2.092578e+01 8.000001e+00
    endloop
  endfacet
  facet normal -2.655500e-02 2.982538e-02 -9.992023e-01
    outer loop
      vertex   1.120183e+02 -1.733308e+01 7.990542e+00
      vertex   1.076756e+02 -2.107108e+01 7.994378e+00
      vertex   1.120183e+02 -1.701621e+01 8.000001e+00
    endloop
  endfacet
  facet normal -6.062282e-02 6.940771e-02 -9.957447e-01
    outer loop
      vertex   1.120183e+02 -1.733308e+01 7.990542e+00
      vertex   1.077770e+02 -2.122220e+01 7.977673e+00
      vertex   1.076756e+02 -2.107108e+01 7.994378e+00
    endloop
  endfacet
  facet normal -7.887441e-02 8.930269e-02 -9.928766e-01
    outer loop
      vertex   1.120183e+02 -1.764795e+01 7.962222e+00
      vertex   1.077770e+02 -2.122220e+01 7.977673e+00
      vertex   1.120183e+02 -1.733308e+01 7.990542e+00
    endloop
  endfacet
  facet normal -9.967722e-02 1.140070e-01 -9.884669e-01
    outer loop
      vertex   1.120183e+02 -1.764795e+01 7.962222e+00
      vertex   1.078717e+02 -2.137811e+01 7.950139e+00
      vertex   1.077770e+02 -2.122220e+01 7.977673e+00
    endloop
  endfacet
  facet normal -1.304658e-01 1.482064e-01 -9.803130e-01
    outer loop
      vertex   1.120183e+02 -1.795884e+01 7.915221e+00
      vertex   1.078717e+02 -2.137811e+01 7.950139e+00
      vertex   1.120183e+02 -1.764795e+01 7.962222e+00
    endloop
  endfacet
  facet normal -1.381872e-01 1.575960e-01 -9.777872e-01
    outer loop
      vertex   1.120183e+02 -1.795884e+01 7.915221e+00
      vertex   1.079593e+02 -2.153777e+01 7.912022e+00
      vertex   1.078717e+02 -2.137811e+01 7.950139e+00
    endloop
  endfacet
  facet normal -1.810483e-01 2.061916e-01 -9.616166e-01
    outer loop
      vertex   1.120183e+02 -1.826378e+01 7.849835e+00
      vertex   1.079593e+02 -2.153777e+01 7.912022e+00
      vertex   1.120183e+02 -1.795884e+01 7.915221e+00
    endloop
  endfacet
  facet normal -1.942482e-01 2.226755e-01 -9.553446e-01
    outer loop
      vertex   1.120183e+02 -1.826378e+01 7.849835e+00
      vertex   1.081113e+02 -2.186417e+01 7.805043e+00
      vertex   1.079593e+02 -2.153777e+01 7.912022e+00
    endloop
  endfacet
  facet normal -2.314596e-01 2.628235e-01 -9.366698e-01
    outer loop
      vertex   1.120183e+02 -1.856085e+01 7.766478e+00
      vertex   1.081113e+02 -2.186417e+01 7.805043e+00
      vertex   1.120183e+02 -1.826378e+01 7.849835e+00
    endloop
  endfacet
  facet normal -2.695423e-01 3.081496e-01 -9.123545e-01
    outer loop
      vertex   1.120183e+02 -1.856085e+01 7.766478e+00
      vertex   1.082295e+02 -2.219305e+01 7.659049e+00
      vertex   1.081113e+02 -2.186417e+01 7.805043e+00
    endloop
  endfacet
  facet normal -2.790636e-01 3.178972e-01 -9.061263e-01
    outer loop
      vertex   1.120183e+02 -1.884819e+01 7.665673e+00
      vertex   1.082295e+02 -2.219305e+01 7.659049e+00
      vertex   1.120183e+02 -1.856085e+01 7.766478e+00
    endloop
  endfacet
  facet normal -3.258987e-01 3.708764e-01 -8.696210e-01
    outer loop
      vertex   1.120183e+02 -1.912397e+01 7.548058e+00
      vertex   1.082295e+02 -2.219305e+01 7.659049e+00
      vertex   1.120183e+02 -1.884819e+01 7.665673e+00
    endloop
  endfacet
  facet normal -3.386255e-01 3.870209e-01 -8.576407e-01
    outer loop
      vertex   1.120183e+02 -1.912397e+01 7.548058e+00
      vertex   1.083149e+02 -2.251583e+01 7.479669e+00
      vertex   1.082295e+02 -2.219305e+01 7.659049e+00
    endloop
  endfacet
  facet normal -3.707506e-01 4.214907e-01 -8.275806e-01
    outer loop
      vertex   1.120183e+02 -1.938645e+01 7.414372e+00
      vertex   1.083149e+02 -2.251583e+01 7.479669e+00
      vertex   1.120183e+02 -1.912397e+01 7.548058e+00
    endloop
  endfacet
  facet normal -3.999519e-01 4.567360e-01 -7.946261e-01
    outer loop
      vertex   1.120183e+02 -1.938645e+01 7.414372e+00
      vertex   1.083709e+02 -2.282386e+01 7.274439e+00
      vertex   1.083149e+02 -2.251583e+01 7.479669e+00
    endloop
  endfacet
  facet normal -4.125810e-01 4.695644e-01 -7.805678e-01
    outer loop
      vertex   1.120183e+02 -1.963399e+01 7.265462e+00
      vertex   1.083709e+02 -2.282386e+01 7.274439e+00
      vertex   1.120183e+02 -1.938645e+01 7.414372e+00
    endloop
  endfacet
  facet normal -4.519130e-01 5.146844e-01 -7.286114e-01
    outer loop
      vertex   1.120183e+02 -1.986502e+01 7.102263e+00
      vertex   1.083709e+02 -2.282386e+01 7.274439e+00
      vertex   1.120183e+02 -1.963399e+01 7.265462e+00
    endloop
  endfacet
  facet normal -4.556373e-01 5.196155e-01 -7.227686e-01
    outer loop
      vertex   1.120183e+02 -1.986502e+01 7.102263e+00
      vertex   1.084009e+02 -2.310937e+01 7.050276e+00
      vertex   1.083709e+02 -2.282386e+01 7.274439e+00
    endloop
  endfacet
  facet normal -4.892592e-01 5.562853e-01 -6.716935e-01
    outer loop
      vertex   1.120183e+02 -2.007809e+01 6.925807e+00
      vertex   1.084009e+02 -2.310937e+01 7.050276e+00
      vertex   1.120183e+02 -1.986502e+01 7.102263e+00
    endloop
  endfacet
  facet normal -5.047501e-01 5.759478e-01 -6.430486e-01
    outer loop
      vertex   1.120183e+02 -2.007809e+01 6.925807e+00
      vertex   1.084101e+02 -2.338072e+01 6.800002e+00
      vertex   1.084009e+02 -2.310937e+01 7.050276e+00
    endloop
  endfacet
  facet normal -5.229047e-01 5.945539e-01 -6.107997e-01
    outer loop
      vertex   1.120183e+02 -2.027184e+01 6.737206e+00
      vertex   1.084101e+02 -2.338072e+01 6.800002e+00
      vertex   1.120183e+02 -2.007809e+01 6.925807e+00
    endloop
  endfacet
  facet normal -5.430824e-01 6.188463e-01 -5.675305e-01
    outer loop
      vertex   1.120183e+02 -2.027184e+01 6.737206e+00
      vertex   1.084101e+02 -2.356291e+01 6.601338e+00
      vertex   1.084101e+02 -2.338072e+01 6.800002e+00
    endloop
  endfacet
  facet normal -5.532275e-01 6.290831e-01 -5.460712e-01
    outer loop
      vertex   1.120183e+02 -2.044506e+01 6.537650e+00
      vertex   1.084101e+02 -2.356291e+01 6.601338e+00
      vertex   1.120183e+02 -2.027184e+01 6.737206e+00
    endloop
  endfacet
  facet normal -5.714398e-01 6.511109e-01 -4.995109e-01
    outer loop
      vertex   1.120183e+02 -2.044506e+01 6.537650e+00
      vertex   1.084101e+02 -2.372326e+01 6.392321e+00
      vertex   1.084101e+02 -2.356291e+01 6.601338e+00
    endloop
  endfacet
  facet normal -5.800687e-01 6.596502e-01 -4.778932e-01
    outer loop
      vertex   1.120183e+02 -2.059666e+01 6.328395e+00
      vertex   1.084101e+02 -2.372326e+01 6.392321e+00
      vertex   1.120183e+02 -2.044506e+01 6.537650e+00
    endloop
  endfacet
  facet normal -5.960973e-01 6.791626e-01 -4.282595e-01
    outer loop
      vertex   1.120183e+02 -2.059666e+01 6.328395e+00
      vertex   1.084101e+02 -2.386074e+01 6.174300e+00
      vertex   1.084101e+02 -2.372326e+01 6.392321e+00
    endloop
  endfacet
  facet normal -6.032496e-01 6.860522e-01 -4.067214e-01
    outer loop
      vertex   1.120183e+02 -2.072568e+01 6.110764e+00
      vertex   1.084101e+02 -2.386074e+01 6.174300e+00
      vertex   1.120183e+02 -2.059666e+01 6.328395e+00
    endloop
  endfacet
  facet normal -6.168946e-01 7.028202e-01 -3.542383e-01
    outer loop
      vertex   1.120183e+02 -2.072568e+01 6.110764e+00
      vertex   1.084101e+02 -2.397446e+01 5.948683e+00
      vertex   1.084101e+02 -2.386074e+01 6.174300e+00
    endloop
  endfacet
  facet normal -6.226359e-01 7.081356e-01 -3.329693e-01
    outer loop
      vertex   1.120183e+02 -2.083131e+01 5.886128e+00
      vertex   1.084101e+02 -2.397446e+01 5.948683e+00
      vertex   1.120183e+02 -2.072568e+01 6.110764e+00
    endloop
  endfacet
  facet normal -6.337001e-01 7.219326e-01 -2.779164e-01
    outer loop
      vertex   1.120183e+02 -2.083131e+01 5.886128e+00
      vertex   1.084101e+02 -2.406367e+01 5.716935e+00
      vertex   1.084101e+02 -2.397446e+01 5.948683e+00
    endloop
  endfacet
  facet normal -6.376940e-01 7.254059e-01 -2.590996e-01
    outer loop
      vertex   1.120186e+02 -2.090896e+01 5.668080e+00
      vertex   1.084101e+02 -2.406367e+01 5.716935e+00
      vertex   1.120183e+02 -2.083131e+01 5.886128e+00
    endloop
  endfacet
  facet normal 0.000000e+00 -0.000000e+00 1.000000e+00
    outer loop
      vertex   1.072875e+02 -2.060218e+01 2.000001e+00
      vertex   1.080071e+02 -1.797422e+01 2.000001e+00
      vertex   1.069739e+02 -2.031043e+01 2.000001e+00
    endloop
  endfacet
  facet normal 0.000000e+00 0.000000e+00 1.000000e+00
    outer loop
      vertex   1.072875e+02 -2.060218e+01 2.000001e+00
      vertex   1.083557e+02 -1.789842e+01 2.000001e+00
      vertex   1.080071e+02 -1.797422e+01 2.000001e+00
    endloop
  endfacet
  facet normal 0.000000e+00 -0.000000e+00 1.000000e+00
    outer loop
      vertex   1.075681e+02 -2.092578e+01 2.000001e+00
      vertex   1.083557e+02 -1.789842e+01 2.000001e+00
      vertex   1.072875e+02 -2.060218e+01 2.000001e+00
    endloop
  endfacet
  facet normal 0.000000e+00 0.000000e+00 1.000000e+00
    outer loop
      vertex   1.075681e+02 -2.092578e+01 2.000001e+00
      vertex   1.086899e+02 -1.777379e+01 2.000001e+00
      vertex   1.083557e+02 -1.789842e+01 2.000001e+00
    endloop
  endfacet
  facet normal 0.000000e+00 0.000000e+00 1.000000e+00
    outer loop
      vertex   1.075681e+02 -2.092578e+01 2.000001e+00
      vertex   1.090030e+02 -1.760286e+01 2.000001e+00
      vertex   1.086899e+02 -1.777379e+01 2.000001e+00
    endloop
  endfacet
  facet normal 0.000000e+00 0.000000e+00 1.000000e+00
    outer loop
      vertex   1.120183e+02 -1.701621e+01 2.000001e+00
      vertex   1.090030e+02 -1.760286e+01 2.000001e+00
      vertex   1.075681e+02 -2.092578e+01 2.000001e+00
    endloop
  endfacet
  facet normal -0.000000e+00 0.000000e+00 1.000000e+00
    outer loop
      vertex   1.092885e+02 -1.738912e+01 2.000001e+00
      vertex   1.090030e+02 -1.760286e+01 2.000001e+00
      vertex   1.120183e+02 -1.701621e+01 2.000001e+00
    endloop
  endfacet
  facet normal 0.000000e+00 0.000000e+00 1.000000e+00
    outer loop
      vertex   1.120183e+02 -1.701621e+01 2.000001e+00
      vertex   1.095408e+02 -1.713691e+01 2.000001e+00
      vertex   1.092885e+02 -1.738912e+01 2.000001e+00
    endloop
  endfacet
  facet normal 0.000000e+00 0.000000e+00 1.000000e+00
    outer loop
      vertex   1.120183e+02 -1.701621e+01 2.000001e+00
      vertex   1.097546e+02 -1.685137e+01 2.000001e+00
      vertex   1.095408e+02 -1.713691e+01 2.000001e+00
    endloop
  endfacet
  facet normal 0.000000e+00 0.000000e+00 1.000000e+00
    outer loop
      vertex   1.099255e+02 -1.653832e+01 2.000001e+00
      vertex   1.097546e+02 -1.685137e+01 2.000001e+00
      vertex   1.120183e+02 -1.701621e+01 2.000001e+00
    endloop
  endfacet
  facet normal 0.000000e+00 0.000000e+00 1.000000e+00
    outer loop
      vertex   1.120183e+02 -1.701621e+01 2.000001e+00
      vertex   1.100502e+02 -1.620412e+01 2.000001e+00
      vertex   1.099255e+02 -1.653832e+01 2.000001e+00
    endloop
  endfacet
  facet normal 0.000000e+00 0.000000e+00 1.000000e+00
    outer loop
      vertex   1.120183e+02 -1.701621e+01 2.000001e+00
      vertex   1.101260e+02 -1.585558e+01 2.000001e+00
      vertex   1.100502e+02 -1.620412e+01 2.000001e+00
    endloop
  endfacet
  facet normal 0.000000e+00 0.000000e+00 1.000000e+00
    outer loop
      vertex   1.120183e+02 -1.546940e+01 2.000001e+00
      vertex   1.101260e+02 -1.585558e+01 2.000001e+00
      vertex   1.120183e+02 -1.701621e+01 2.000001e+00
    endloop
  endfacet
  facet normal 0.000000e+00 0.000000e+00 1.000000e+00
    outer loop
      vertex   1.120183e+02 -1.546940e+01 2.000001e+00
      vertex   1.101515e+02 -1.549980e+01 2.000001e+00
      vertex   1.101260e+02 -1.585558e+01 2.000001e+00
    endloop
  endfacet
  facet normal 0.000000e+00 0.000000e+00 1.000000e+00
    outer loop
      vertex   1.119931e+02 -1.499417e+01 2.000001e+00
      vertex   1.101515e+02 -1.549980e+01 2.000001e+00
      vertex   1.120183e+02 -1.546940e+01 2.000001e+00
    endloop
  endfacet
  facet normal 0.000000e+00 0.000000e+00 1.000000e+00
    outer loop
      vertex   1.119931e+02 -1.499417e+01 2.000001e+00
      vertex   1.101261e+02 -1.514401e+01 2.000001e+00
      vertex   1.101515e+02 -1.549980e+01 2.000001e+00
    endloop
  endfacet
  facet normal 0.000000e+00 0.000000e+00 1.000000e+00
    outer loop
      vertex   1.119179e+02 -1.452424e+01 2.000001e+00
      vertex   1.101261e+02 -1.514401e+01 2.000001e+00
      vertex   1.119931e+02 -1.499417e+01 2.000001e+00
    endloop
  endfacet
  facet normal 0.000000e+00 0.000000e+00 1.000000e+00
    outer loop
      vertex   1.119179e+02 -1.452424e+01 2.000001e+00
      vertex   1.100503e+02 -1.479546e+01 2.000001e+00
      vertex   1.101261e+02 -1.514401e+01 2.000001e+00
    endloop
  endfacet
  facet normal 0.000000e+00 0.000000e+00 1.000000e+00
    outer loop
      vertex   1.117935e+02 -1.406489e+01 2.000001e+00
      vertex   1.100503e+02 -1.479546e+01 2.000001e+00
      vertex   1.119179e+02 -1.452424e+01 2.000001e+00
    endloop
  endfacet
  facet normal 0.000000e+00 0.000000e+00 1.000000e+00
    outer loop
      vertex   1.116213e+02 -1.362125e+01 2.000001e+00
      vertex   1.100503e+02 -1.479546e+01 2.000001e+00
      vertex   1.117935e+02 -1.406489e+01 2.000001e+00
    endloop
  endfacet
  facet normal 0.000000e+00 0.000000e+00 1.000000e+00
    outer loop
      vertex   1.116213e+02 -1.362125e+01 2.000001e+00
      vertex   1.099256e+02 -1.446125e+01 2.000001e+00
      vertex   1.100503e+02 -1.479546e+01 2.000001e+00
    endloop
  endfacet
  facet normal 0.000000e+00 0.000000e+00 1.000000e+00
    outer loop
      vertex   1.114032e+02 -1.319828e+01 2.000001e+00
      vertex   1.099256e+02 -1.446125e+01 2.000001e+00
      vertex   1.116213e+02 -1.362125e+01 2.000001e+00
    endloop
  endfacet
  facet normal 0.000000e+00 0.000000e+00 1.000000e+00
    outer loop
      vertex   1.114032e+02 -1.319828e+01 2.000001e+00
      vertex   1.097547e+02 -1.414817e+01 2.000001e+00
      vertex   1.099256e+02 -1.446125e+01 2.000001e+00
    endloop
  endfacet
  facet normal 0.000000e+00 0.000000e+00 1.000000e+00
    outer loop
      vertex   1.111416e+02 -1.280071e+01 2.000001e+00
      vertex   1.097547e+02 -1.414817e+01 2.000001e+00
      vertex   1.114032e+02 -1.319828e+01 2.000001e+00
    endloop
  endfacet
  facet normal 0.000000e+00 0.000000e+00 1.000000e+00
    outer loop
      vertex   1.111416e+02 -1.280071e+01 2.000001e+00
      vertex   1.095410e+02 -1.386261e+01 2.000001e+00
      vertex   1.097547e+02 -1.414817e+01 2.000001e+00
    endloop
  endfacet
  facet normal 0.000000e+00 0.000000e+00 1.000000e+00
    outer loop
      vertex   1.108395e+02 -1.243298e+01 2.000001e+00
      vertex   1.095410e+02 -1.386261e+01 2.000001e+00
      vertex   1.111416e+02 -1.280071e+01 2.000001e+00
    endloop
  endfacet
  facet normal 0.000000e+00 0.000000e+00 1.000000e+00
    outer loop
      vertex   1.105002e+02 -1.209922e+01 2.000001e+00
      vertex   1.095410e+02 -1.386261e+01 2.000001e+00
      vertex   1.108395e+02 -1.243298e+01 2.000001e+00
    endloop
  endfacet
  facet normal 0.000000e+00 0.000000e+00 1.000000e+00
    outer loop
      vertex   1.105002e+02 -1.209922e+01 2.000001e+00
      vertex   1.092888e+02 -1.361037e+01 2.000001e+00
      vertex   1.095410e+02 -1.386261e+01 2.000001e+00
    endloop
  endfacet
  facet normal 0.000000e+00 0.000000e+00 1.000000e+00
    outer loop
      vertex   1.101276e+02 -1.180315e+01 2.000001e+00
      vertex   1.092888e+02 -1.361037e+01 2.000001e+00
      vertex   1.105002e+02 -1.209922e+01 2.000001e+00
    endloop
  endfacet
  facet normal 0.000000e+00 0.000000e+00 1.000000e+00
    outer loop
      vertex   1.101276e+02 -1.180315e+01 2.000001e+00
      vertex   1.090032e+02 -1.339659e+01 2.000001e+00
      vertex   1.092888e+02 -1.361037e+01 2.000001e+00
    endloop
  endfacet
  facet normal 0.000000e+00 0.000000e+00 1.000000e+00
    outer loop
      vertex   1.097259e+02 -1.154809e+01 2.000001e+00
      vertex   1.090032e+02 -1.339659e+01 2.000001e+00
      vertex   1.101276e+02 -1.180315e+01 2.000001e+00
    endloop
  endfacet
  facet normal 0.000000e+00 0.000000e+00 1.000000e+00
    outer loop
      vertex   1.097259e+02 -1.154809e+01 2.000001e+00
      vertex   1.086902e+02 -1.322563e+01 2.000001e+00
      vertex   1.090032e+02 -1.339659e+01 2.000001e+00
    endloop
  endfacet
  facet normal 0.000000e+00 0.000000e+00 1.000000e+00
    outer loop
      vertex   1.092994e+02 -1.133688e+01 2.000001e+00
      vertex   1.086902e+02 -1.322563e+01 2.000001e+00
      vertex   1.097259e+02 -1.154809e+01 2.000001e+00
    endloop
  endfacet
  facet normal 0.000000e+00 0.000000e+00 1.000000e+00
    outer loop
      vertex   1.092994e+02 -1.133688e+01 2.000001e+00
      vertex   1.083560e+02 -1.310096e+01 2.000001e+00
      vertex   1.086902e+02 -1.322563e+01 2.000001e+00
    endloop
  endfacet
  facet normal 0.000000e+00 0.000000e+00 1.000000e+00
    outer loop
      vertex   1.088530e+02 -1.117189e+01 2.000001e+00
      vertex   1.083560e+02 -1.310096e+01 2.000001e+00
      vertex   1.092994e+02 -1.133688e+01 2.000001e+00
    endloop
  endfacet
  facet normal 0.000000e+00 0.000000e+00 1.000000e+00
    outer loop
      vertex   1.083917e+02 -1.105497e+01 2.000001e+00
      vertex   1.083560e+02 -1.310096e+01 2.000001e+00
      vertex   1.088530e+02 -1.117189e+01 2.000001e+00
    endloop
  endfacet
  facet normal 0.000000e+00 0.000000e+00 1.000000e+00
    outer loop
      vertex   1.083917e+02 -1.105497e+01 2.000001e+00
      vertex   1.080074e+02 -1.302511e+01 2.000001e+00
      vertex   1.083560e+02 -1.310096e+01 2.000001e+00
    endloop
  endfacet
  facet normal 0.000000e+00 0.000000e+00 1.000000e+00
    outer loop
      vertex   1.079206e+02 -1.098742e+01 2.000001e+00
      vertex   1.080074e+02 -1.302511e+01 2.000001e+00
      vertex   1.083917e+02 -1.105497e+01 2.000001e+00
    endloop
  endfacet
  facet normal 0.000000e+00 0.000000e+00 1.000000e+00
    outer loop
      vertex   1.079206e+02 -1.098742e+01 2.000001e+00
      vertex   1.076516e+02 -1.299965e+01 2.000001e+00
      vertex   1.080074e+02 -1.302511e+01 2.000001e+00
    endloop
  endfacet
  facet normal 0.000000e+00 0.000000e+00 1.000000e+00
    outer loop
      vertex   1.074450e+02 -1.097000e+01 2.000001e+00
      vertex   1.076516e+02 -1.299965e+01 2.000001e+00
      vertex   1.079206e+02 -1.098742e+01 2.000001e+00
    endloop
  endfacet
  facet normal 0.000000e+00 0.000000e+00 1.000000e+00
    outer loop
      vertex   1.074450e+02 -1.097000e+01 2.000001e+00
      vertex   1.072959e+02 -1.302507e+01 2.000001e+00
      vertex   1.076516e+02 -1.299965e+01 2.000001e+00
    endloop
  endfacet
  facet normal -0.000000e+00 0.000000e+00 1.000000e+00
    outer loop
      vertex   1.069702e+02 -1.100290e+01 2.000001e+00
      vertex   1.072959e+02 -1.302507e+01 2.000001e+00
      vertex   1.074450e+02 -1.097000e+01 2.000001e+00
    endloop
  endfacet
  facet normal 0.000000e+00 0.000000e+00 1.000000e+00
    outer loop
      vertex   1.069702e+02 -1.100290e+01 2.000001e+00
      vertex   1.069473e+02 -1.310087e+01 2.000001e+00
      vertex   1.072959e+02 -1.302507e+01 2.000001e+00
    endloop
  endfacet
  facet normal -0.000000e+00 0.000000e+00 1.000000e+00
    outer loop
      vertex   1.065016e+02 -1.108576e+01 2.000001e+00
      vertex   1.069473e+02 -1.310087e+01 2.000001e+00
      vertex   1.069702e+02 -1.100290e+01 2.000001e+00
    endloop
  endfacet
  facet normal -0.000000e+00 0.000000e+00 1.000000e+00
    outer loop
      vertex   1.060443e+02 -1.121765e+01 2.000001e+00
      vertex   1.069473e+02 -1.310087e+01 2.000001e+00
      vertex   1.065016e+02 -1.108576e+01 2.000001e+00
    endloop
  endfacet
  facet normal 0.000000e+00 0.000000e+00 1.000000e+00
    outer loop
      vertex   1.060443e+02 -1.121765e+01 2.000001e+00
      vertex   1.066131e+02 -1.322551e+01 2.000001e+00
      vertex   1.069473e+02 -1.310087e+01 2.000001e+00
    endloop
  endfacet
  facet normal -0.000000e+00 0.000000e+00 1.000000e+00
    outer loop
      vertex   1.056036e+02 -1.139709e+01 2.000001e+00
      vertex   1.066131e+02 -1.322551e+01 2.000001e+00
      vertex   1.060443e+02 -1.121765e+01 2.000001e+00
    endloop
  endfacet
  facet normal 0.000000e+00 0.000000e+00 1.000000e+00
    outer loop
      vertex   1.056036e+02 -1.139709e+01 2.000001e+00
      vertex   1.063000e+02 -1.339643e+01 2.000001e+00
      vertex   1.066131e+02 -1.322551e+01 2.000001e+00
    endloop
  endfacet
  facet normal -0.000000e+00 0.000000e+00 1.000000e+00
    outer loop
      vertex   1.051842e+02 -1.162207e+01 2.000001e+00
      vertex   1.063000e+02 -1.339643e+01 2.000001e+00
      vertex   1.056036e+02 -1.139709e+01 2.000001e+00
    endloop
  endfacet
  facet normal 0.000000e+00 0.000000e+00 1.000000e+00
    outer loop
      vertex   1.051842e+02 -1.162207e+01 2.000001e+00
      vertex   1.060145e+02 -1.361018e+01 2.000001e+00
      vertex   1.063000e+02 -1.339643e+01 2.000001e+00
    endloop
  endfacet
  facet normal -0.000000e+00 0.000000e+00 1.000000e+00
    outer loop
      vertex   1.047909e+02 -1.189009e+01 2.000001e+00
      vertex   1.060145e+02 -1.361018e+01 2.000001e+00
      vertex   1.051842e+02 -1.162207e+01 2.000001e+00
    endloop
  endfacet
  facet normal 0.000000e+00 0.000000e+00 1.000000e+00
    outer loop
      vertex   1.047909e+02 -1.189009e+01 2.000001e+00
      vertex   1.057622e+02 -1.386238e+01 2.000001e+00
      vertex   1.060145e+02 -1.361018e+01 2.000001e+00
    endloop
  endfacet
  facet normal -0.000000e+00 0.000000e+00 1.000000e+00
    outer loop
      vertex   1.044282e+02 -1.219814e+01 2.000001e+00
      vertex   1.057622e+02 -1.386238e+01 2.000001e+00
      vertex   1.047909e+02 -1.189009e+01 2.000001e+00
    endloop
  endfacet
  facet normal -0.000000e+00 0.000000e+00 1.000000e+00
    outer loop
      vertex   1.041000e+02 -1.254277e+01 2.000001e+00
      vertex   1.057622e+02 -1.386238e+01 2.000001e+00
      vertex   1.044282e+02 -1.219814e+01 2.000001e+00
    endloop
  endfacet
  facet normal 0.000000e+00 0.000000e+00 1.000000e+00
    outer loop
      vertex   1.041000e+02 -1.254277e+01 2.000001e+00
      vertex   1.055484e+02 -1.414792e+01 2.000001e+00
      vertex   1.057622e+02 -1.386238e+01 2.000001e+00
    endloop
  endfacet
  facet normal -0.000000e+00 0.000000e+00 1.000000e+00
    outer loop
      vertex   1.038100e+02 -1.292014e+01 2.000001e+00
      vertex   1.055484e+02 -1.414792e+01 2.000001e+00
      vertex   1.041000e+02 -1.254277e+01 2.000001e+00
    endloop
  endfacet
  facet normal 0.000000e+00 0.000000e+00 1.000000e+00
    outer loop
      vertex   1.038100e+02 -1.292014e+01 2.000001e+00
      vertex   1.053775e+02 -1.446097e+01 2.000001e+00
      vertex   1.055484e+02 -1.414792e+01 2.000001e+00
    endloop
  endfacet
  facet normal -0.000000e+00 0.000000e+00 1.000000e+00
    outer loop
      vertex   1.035616e+02 -1.332602e+01 2.000001e+00
      vertex   1.053775e+02 -1.446097e+01 2.000001e+00
      vertex   1.038100e+02 -1.292014e+01 2.000001e+00
    endloop
  endfacet
  facet normal -0.000000e+00 0.000000e+00 1.000000e+00
    outer loop
      vertex   1.033573e+02 -1.375587e+01 2.000001e+00
      vertex   1.053775e+02 -1.446097e+01 2.000001e+00
      vertex   1.035616e+02 -1.332602e+01 2.000001e+00
    endloop
  endfacet
  facet normal 0.000000e+00 0.000000e+00 1.000000e+00
    outer loop
      vertex   1.033573e+02 -1.375587e+01 2.000001e+00
      vertex   1.052528e+02 -1.479517e+01 2.000001e+00
      vertex   1.053775e+02 -1.446097e+01 2.000001e+00
    endloop
  endfacet
  facet normal -0.000000e+00 0.000000e+00 1.000000e+00
    outer loop
      vertex   1.031996e+02 -1.420489e+01 2.000001e+00
      vertex   1.052528e+02 -1.479517e+01 2.000001e+00
      vertex   1.033573e+02 -1.375587e+01 2.000001e+00
    endloop
  endfacet
  facet normal 0.000000e+00 0.000000e+00 1.000000e+00
    outer loop
      vertex   1.031996e+02 -1.420489e+01 2.000001e+00
      vertex   1.051770e+02 -1.514371e+01 2.000001e+00
      vertex   1.052528e+02 -1.479517e+01 2.000001e+00
    endloop
  endfacet
  facet normal -0.000000e+00 0.000000e+00 1.000000e+00
    outer loop
      vertex   1.030902e+02 -1.466805e+01 2.000001e+00
      vertex   1.051770e+02 -1.514371e+01 2.000001e+00
      vertex   1.031996e+02 -1.420489e+01 2.000001e+00
    endloop
  endfacet
  facet normal -0.000000e+00 0.000000e+00 1.000000e+00
    outer loop
      vertex   1.030304e+02 -1.514018e+01 2.000001e+00
      vertex   1.051770e+02 -1.514371e+01 2.000001e+00
      vertex   1.030902e+02 -1.466805e+01 2.000001e+00
    endloop
  endfacet
  facet normal 0.000000e+00 0.000000e+00 1.000000e+00
    outer loop
      vertex   1.030304e+02 -1.514018e+01 2.000001e+00
      vertex   1.051515e+02 -1.549950e+01 2.000001e+00
      vertex   1.051770e+02 -1.514371e+01 2.000001e+00
    endloop
  endfacet
  facet normal 0.000000e+00 0.000000e+00 1.000000e+00
    outer loop
      vertex   1.030207e+02 -1.561598e+01 2.000001e+00
      vertex   1.051515e+02 -1.549950e+01 2.000001e+00
      vertex   1.030304e+02 -1.514018e+01 2.000001e+00
    endloop
  endfacet
  facet normal 0.000000e+00 -0.000000e+00 1.000000e+00
    outer loop
      vertex   1.030613e+02 -1.609015e+01 2.000001e+00
      vertex   1.051515e+02 -1.549950e+01 2.000001e+00
      vertex   1.030207e+02 -1.561598e+01 2.000001e+00
    endloop
  endfacet
  facet normal 0.000000e+00 0.000000e+00 1.000000e+00
    outer loop
      vertex   1.030613e+02 -1.609015e+01 2.000001e+00
      vertex   1.051769e+02 -1.585529e+01 2.000001e+00
      vertex   1.051515e+02 -1.549950e+01 2.000001e+00
    endloop
  endfacet
  facet normal 0.000000e+00 -0.000000e+00 1.000000e+00
    outer loop
      vertex   1.031518e+02 -1.655737e+01 2.000001e+00
      vertex   1.051769e+02 -1.585529e+01 2.000001e+00
      vertex   1.030613e+02 -1.609015e+01 2.000001e+00
    endloop
  endfacet
  facet normal 0.000000e+00 0.000000e+00 1.000000e+00
    outer loop
      vertex   1.031518e+02 -1.655737e+01 2.000001e+00
      vertex   1.052527e+02 -1.620384e+01 2.000001e+00
      vertex   1.051769e+02 -1.585529e+01 2.000001e+00
    endloop
  endfacet
  facet normal 0.000000e+00 -0.000000e+00 1.000000e+00
    outer loop
      vertex   1.032911e+02 -1.701243e+01 2.000001e+00
      vertex   1.052527e+02 -1.620384e+01 2.000001e+00
      vertex   1.031518e+02 -1.655737e+01 2.000001e+00
    endloop
  endfacet
  facet normal 0.000000e+00 -0.000000e+00 1.000000e+00
    outer loop
      vertex   1.034777e+02 -1.745022e+01 2.000001e+00
      vertex   1.052527e+02 -1.620384e+01 2.000001e+00
      vertex   1.032911e+02 -1.701243e+01 2.000001e+00
    endloop
  endfacet
  facet normal 0.000000e+00 0.000000e+00 1.000000e+00
    outer loop
      vertex   1.034777e+02 -1.745022e+01 2.000001e+00
      vertex   1.053774e+02 -1.653805e+01 2.000001e+00
      vertex   1.052527e+02 -1.620384e+01 2.000001e+00
    endloop
  endfacet
  facet normal 0.000000e+00 -0.000000e+00 1.000000e+00
    outer loop
      vertex   1.037095e+02 -1.786586e+01 2.000001e+00
      vertex   1.053774e+02 -1.653805e+01 2.000001e+00
      vertex   1.034777e+02 -1.745022e+01 2.000001e+00
    endloop
  endfacet
  facet normal 0.000000e+00 0.000000e+00 1.000000e+00
    outer loop
      vertex   1.037095e+02 -1.786586e+01 2.000001e+00
      vertex   1.055483e+02 -1.685112e+01 2.000001e+00
      vertex   1.053774e+02 -1.653805e+01 2.000001e+00
    endloop
  endfacet
  facet normal 0.000000e+00 -0.000000e+00 1.000000e+00
    outer loop
      vertex   1.039839e+02 -1.825470e+01 2.000001e+00
      vertex   1.055483e+02 -1.685112e+01 2.000001e+00
      vertex   1.037095e+02 -1.786586e+01 2.000001e+00
    endloop
  endfacet
  facet normal 0.000000e+00 -0.000000e+00 1.000000e+00
    outer loop
      vertex   1.042978e+02 -1.861239e+01 2.000001e+00
      vertex   1.055483e+02 -1.685112e+01 2.000001e+00
      vertex   1.039839e+02 -1.825470e+01 2.000001e+00
    endloop
  endfacet
  facet normal 0.000000e+00 0.000000e+00 1.000000e+00
    outer loop
      vertex   1.042978e+02 -1.861239e+01 2.000001e+00
      vertex   1.057620e+02 -1.713669e+01 2.000001e+00
      vertex   1.055483e+02 -1.685112e+01 2.000001e+00
    endloop
  endfacet
  facet normal 0.000000e+00 -0.000000e+00 1.000000e+00
    outer loop
      vertex   1.046477e+02 -1.893493e+01 2.000001e+00
      vertex   1.057620e+02 -1.713669e+01 2.000001e+00
      vertex   1.042978e+02 -1.861239e+01 2.000001e+00
    endloop
  endfacet
  facet normal 0.000000e+00 0.000000e+00 1.000000e+00
    outer loop
      vertex   1.046477e+02 -1.893493e+01 2.000001e+00
      vertex   1.060142e+02 -1.738892e+01 2.000001e+00
      vertex   1.057620e+02 -1.713669e+01 2.000001e+00
    endloop
  endfacet
  facet normal 0.000000e+00 -0.000000e+00 1.000000e+00
    outer loop
      vertex   1.050298e+02 -1.921871e+01 2.000001e+00
      vertex   1.060142e+02 -1.738892e+01 2.000001e+00
      vertex   1.046477e+02 -1.893493e+01 2.000001e+00
    endloop
  endfacet
  facet normal 0.000000e+00 0.000000e+00 1.000000e+00
    outer loop
      vertex   1.050298e+02 -1.921871e+01 2.000001e+00
      vertex   1.062998e+02 -1.760270e+01 2.000001e+00
      vertex   1.060142e+02 -1.738892e+01 2.000001e+00
    endloop
  endfacet
  facet normal 0.000000e+00 -0.000000e+00 1.000000e+00
    outer loop
      vertex   1.054397e+02 -1.946055e+01 2.000001e+00
      vertex   1.062998e+02 -1.760270e+01 2.000001e+00
      vertex   1.050298e+02 -1.921871e+01 2.000001e+00
    endloop
  endfacet
  facet normal 0.000000e+00 -0.000000e+00 1.000000e+00
    outer loop
      vertex   1.058728e+02 -1.965775e+01 2.000001e+00
      vertex   1.062998e+02 -1.760270e+01 2.000001e+00
      vertex   1.054397e+02 -1.946055e+01 2.000001e+00
    endloop
  endfacet
  facet normal 0.000000e+00 0.000000e+00 1.000000e+00
    outer loop
      vertex   1.058728e+02 -1.965775e+01 2.000001e+00
      vertex   1.066128e+02 -1.777367e+01 2.000001e+00
      vertex   1.062998e+02 -1.760270e+01 2.000001e+00
    endloop
  endfacet
  facet normal 0.000000e+00 -0.000000e+00 1.000000e+00
    outer loop
      vertex   1.062625e+02 -1.983549e+01 2.000001e+00
      vertex   1.066128e+02 -1.777367e+01 2.000001e+00
      vertex   1.058728e+02 -1.965775e+01 2.000001e+00
    endloop
  endfacet
  facet normal 0.000000e+00 0.000000e+00 1.000000e+00
    outer loop
      vertex   1.062625e+02 -1.983549e+01 2.000001e+00
      vertex   1.069470e+02 -1.789834e+01 2.000001e+00
      vertex   1.066128e+02 -1.777367e+01 2.000001e+00
    endloop
  endfacet
  facet normal 0.000000e+00 -0.000000e+00 1.000000e+00
    outer loop
      vertex   1.066309e+02 -2.005389e+01 2.000001e+00
      vertex   1.069470e+02 -1.789834e+01 2.000001e+00
      vertex   1.062625e+02 -1.983549e+01 2.000001e+00
    endloop
  endfacet
  facet normal 0.000000e+00 0.000000e+00 1.000000e+00
    outer loop
      vertex   1.066309e+02 -2.005389e+01 2.000001e+00
      vertex   1.072956e+02 -1.797418e+01 2.000001e+00
      vertex   1.069470e+02 -1.789834e+01 2.000001e+00
    endloop
  endfacet
  facet normal 0.000000e+00 -0.000000e+00 1.000000e+00
    outer loop
      vertex   1.069739e+02 -2.031043e+01 2.000001e+00
      vertex   1.072956e+02 -1.797418e+01 2.000001e+00
      vertex   1.066309e+02 -2.005389e+01 2.000001e+00
    endloop
  endfacet
  facet normal 0.000000e+00 0.000000e+00 1.000000e+00
    outer loop
      vertex   1.069739e+02 -2.031043e+01 2.000001e+00
      vertex   1.076514e+02 -1.799965e+01 2.000001e+00
      vertex   1.072956e+02 -1.797418e+01 2.000001e+00
    endloop
  endfacet
  facet normal 0.000000e+00 0.000000e+00 1.000000e+00
    outer loop
      vertex   1.080071e+02 -1.797422e+01 2.000001e+00
      vertex   1.076514e+02 -1.799965e+01 2.000001e+00
      vertex   1.069739e+02 -2.031043e+01 2.000001e+00
    endloop
  endfacet
  facet normal 0.000000e+00 0.000000e+00 -1.000000e+00
    outer loop
      vertex   1.066309e+02 -2.005389e+01 8.000001e+00
      vertex   1.072956e+02 -1.797418e+01 8.000001e+00
      vertex   1.069739e+02 -2.031043e+01 8.000001e+00
    endloop
  endfacet
  facet normal 0.000000e+00 0.000000e+00 -1.000000e+00
    outer loop
      vertex   1.066309e+02 -2.005389e+01 8.000001e+00
      vertex   1.069470e+02 -1.789834e+01 8.000001e+00
      vertex   1.072956e+02 -1.797418e+01 8.000001e+00
    endloop
  endfacet
  facet normal 0.000000e+00 0.000000e+00 -1.000000e+00
    outer loop
      vertex   1.062625e+02 -1.983549e+01 8.000001e+00
      vertex   1.069470e+02 -1.789834e+01 8.000001e+00
      vertex   1.066309e+02 -2.005389e+01 8.000001e+00
    endloop
  endfacet
  facet normal 0.000000e+00 0.000000e+00 -1.000000e+00
    outer loop
      vertex   1.062625e+02 -1.983549e+01 8.000001e+00
      vertex   1.066128e+02 -1.777367e+01 8.000001e+00
      vertex   1.069470e+02 -1.789834e+01 8.000001e+00
    endloop
  endfacet
  facet normal 0.000000e+00 0.000000e+00 -1.000000e+00
    outer loop
      vertex   1.058728e+02 -1.965775e+01 8.000001e+00
      vertex   1.066128e+02 -1.777367e+01 8.000001e+00
      vertex   1.062625e+02 -1.983549e+01 8.000001e+00
    endloop
  endfacet
  facet normal 0.000000e+00 0.000000e+00 -1.000000e+00
    outer loop
      vertex   1.058728e+02 -1.965775e+01 8.000001e+00
      vertex   1.062998e+02 -1.760270e+01 8.000001e+00
      vertex   1.066128e+02 -1.777367e+01 8.000001e+00
    endloop
  endfacet
  facet normal 0.000000e+00 0.000000e+00 -1.000000e+00
    outer loop
      vertex   1.054397e+02 -1.946055e+01 8.000001e+00
      vertex   1.062998e+02 -1.760270e+01 8.000001e+00
      vertex   1.058728e+02 -1.965775e+01 8.000001e+00
    endloop
  endfacet
  facet normal 0.000000e+00 0.000000e+00 -1.000000e+00
    outer loop
      vertex   1.050298e+02 -1.921871e+01 8.000001e+00
      vertex   1.062998e+02 -1.760270e+01 8.000001e+00
      vertex   1.054397e+02 -1.946055e+01 8.000001e+00
    endloop
  endfacet
  facet normal 0.000000e+00 0.000000e+00 -1.000000e+00
    outer loop
      vertex   1.050298e+02 -1.921871e+01 8.000001e+00
      vertex   1.060142e+02 -1.738892e+01 8.000001e+00
      vertex   1.062998e+02 -1.760270e+01 8.000001e+00
    endloop
  endfacet
  facet normal 0.000000e+00 0.000000e+00 -1.000000e+00
    outer loop
      vertex   1.046477e+02 -1.893493e+01 8.000001e+00
      vertex   1.060142e+02 -1.738892e+01 8.000001e+00
      vertex   1.050298e+02 -1.921871e+01 8.000001e+00
    endloop
  endfacet
  facet normal 0.000000e+00 0.000000e+00 -1.000000e+00
    outer loop
      vertex   1.046477e+02 -1.893493e+01 8.000001e+00
      vertex   1.057620e+02 -1.713669e+01 8.000001e+00
      vertex   1.060142e+02 -1.738892e+01 8.000001e+00
    endloop
  endfacet
  facet normal 0.000000e+00 0.000000e+00 -1.000000e+00
    outer loop
      vertex   1.042978e+02 -1.861239e+01 8.000001e+00
      vertex   1.057620e+02 -1.713669e+01 8.000001e+00
      vertex   1.046477e+02 -1.893493e+01 8.000001e+00
    endloop
  endfacet
  facet normal 0.000000e+00 0.000000e+00 -1.000000e+00
    outer loop
      vertex   1.042978e+02 -1.861239e+01 8.000001e+00
      vertex   1.055483e+02 -1.685112e+01 8.000001e+00
      vertex   1.057620e+02 -1.713669e+01 8.000001e+00
    endloop
  endfacet
  facet normal 0.000000e+00 0.000000e+00 -1.000000e+00
    outer loop
      vertex   1.039839e+02 -1.825470e+01 8.000001e+00
      vertex   1.055483e+02 -1.685112e+01 8.000001e+00
      vertex   1.042978e+02 -1.861239e+01 8.000001e+00
    endloop
  endfacet
  facet normal 0.000000e+00 0.000000e+00 -1.000000e+00
    outer loop
      vertex   1.037095e+02 -1.786586e+01 8.000001e+00
      vertex   1.055483e+02 -1.685112e+01 8.000001e+00
      vertex   1.039839e+02 -1.825470e+01 8.000001e+00
    endloop
  endfacet
  facet normal 0.000000e+00 0.000000e+00 -1.000000e+00
    outer loop
      vertex   1.037095e+02 -1.786586e+01 8.000001e+00
      vertex   1.053774e+02 -1.653805e+01 8.000001e+00
      vertex   1.055483e+02 -1.685112e+01 8.000001e+00
    endloop
  endfacet
  facet normal 0.000000e+00 0.000000e+00 -1.000000e+00
    outer loop
      vertex   1.034777e+02 -1.745022e+01 8.000001e+00
      vertex   1.053774e+02 -1.653805e+01 8.000001e+00
      vertex   1.037095e+02 -1.786586e+01 8.000001e+00
    endloop
  endfacet
  facet normal 0.000000e+00 0.000000e+00 -1.000000e+00
    outer loop
      vertex   1.034777e+02 -1.745022e+01 8.000001e+00
      vertex   1.052527e+02 -1.620384e+01 8.000001e+00
      vertex   1.053774e+02 -1.653805e+01 8.000001e+00
    endloop
  endfacet
  facet normal 0.000000e+00 0.000000e+00 -1.000000e+00
    outer loop
      vertex   1.032911e+02 -1.701243e+01 8.000001e+00
      vertex   1.052527e+02 -1.620384e+01 8.000001e+00
      vertex   1.034777e+02 -1.745022e+01 8.000001e+00
    endloop
  endfacet
  facet normal 0.000000e+00 0.000000e+00 -1.000000e+00
    outer loop
      vertex   1.031518e+02 -1.655737e+01 8.000001e+00
      vertex   1.052527e+02 -1.620384e+01 8.000001e+00
      vertex   1.032911e+02 -1.701243e+01 8.000001e+00
    endloop
  endfacet
  facet normal 0.000000e+00 0.000000e+00 -1.000000e+00
    outer loop
      vertex   1.031518e+02 -1.655737e+01 8.000001e+00
      vertex   1.051769e+02 -1.585529e+01 8.000001e+00
      vertex   1.052527e+02 -1.620384e+01 8.000001e+00
    endloop
  endfacet
  facet normal 0.000000e+00 0.000000e+00 -1.000000e+00
    outer loop
      vertex   1.030613e+02 -1.609015e+01 8.000001e+00
      vertex   1.051769e+02 -1.585529e+01 8.000001e+00
      vertex   1.031518e+02 -1.655737e+01 8.000001e+00
    endloop
  endfacet
  facet normal 0.000000e+00 0.000000e+00 -1.000000e+00
    outer loop
      vertex   1.030613e+02 -1.609015e+01 8.000001e+00
      vertex   1.051515e+02 -1.549950e+01 8.000001e+00
      vertex   1.051769e+02 -1.585529e+01 8.000001e+00
    endloop
  endfacet
  facet normal 0.000000e+00 0.000000e+00 -1.000000e+00
    outer loop
      vertex   1.030207e+02 -1.561598e+01 8.000001e+00
      vertex   1.051515e+02 -1.549950e+01 8.000001e+00
      vertex   1.030613e+02 -1.609015e+01 8.000001e+00
    endloop
  endfacet
  facet normal 0.000000e+00 -0.000000e+00 -1.000000e+00
    outer loop
      vertex   1.030304e+02 -1.514018e+01 8.000001e+00
      vertex   1.051515e+02 -1.549950e+01 8.000001e+00
      vertex   1.030207e+02 -1.561598e+01 8.000001e+00
    endloop
  endfacet
  facet normal 0.000000e+00 0.000000e+00 -1.000000e+00
    outer loop
      vertex   1.030304e+02 -1.514018e+01 8.000001e+00
      vertex   1.051770e+02 -1.514371e+01 8.000001e+00
      vertex   1.051515e+02 -1.549950e+01 8.000001e+00
    endloop
  endfacet
  facet normal 0.000000e+00 -0.000000e+00 -1.000000e+00
    outer loop
      vertex   1.030902e+02 -1.466805e+01 8.000001e+00
      vertex   1.051770e+02 -1.514371e+01 8.000001e+00
      vertex   1.030304e+02 -1.514018e+01 8.000001e+00
    endloop
  endfacet
  facet normal 0.000000e+00 -0.000000e+00 -1.000000e+00
    outer loop
      vertex   1.031996e+02 -1.420489e+01 8.000001e+00
      vertex   1.051770e+02 -1.514371e+01 8.000001e+00
      vertex   1.030902e+02 -1.466805e+01 8.000001e+00
    endloop
  endfacet
  facet normal 0.000000e+00 0.000000e+00 -1.000000e+00
    outer loop
      vertex   1.031996e+02 -1.420489e+01 8.000001e+00
      vertex   1.052528e+02 -1.479517e+01 8.000001e+00
      vertex   1.051770e+02 -1.514371e+01 8.000001e+00
    endloop
  endfacet
  facet normal 0.000000e+00 -0.000000e+00 -1.000000e+00
    outer loop
      vertex   1.033573e+02 -1.375587e+01 8.000001e+00
      vertex   1.052528e+02 -1.479517e+01 8.000001e+00
      vertex   1.031996e+02 -1.420489e+01 8.000001e+00
    endloop
  endfacet
  facet normal 0.000000e+00 0.000000e+00 -1.000000e+00
    outer loop
      vertex   1.033573e+02 -1.375587e+01 8.000001e+00
      vertex   1.053775e+02 -1.446097e+01 8.000001e+00
      vertex   1.052528e+02 -1.479517e+01 8.000001e+00
    endloop
  endfacet
  facet normal 0.000000e+00 -0.000000e+00 -1.000000e+00
    outer loop
      vertex   1.035616e+02 -1.332602e+01 8.000001e+00
      vertex   1.053775e+02 -1.446097e+01 8.000001e+00
      vertex   1.033573e+02 -1.375587e+01 8.000001e+00
    endloop
  endfacet
  facet normal 0.000000e+00 -0.000000e+00 -1.000000e+00
    outer loop
      vertex   1.038100e+02 -1.292014e+01 8.000001e+00
      vertex   1.053775e+02 -1.446097e+01 8.000001e+00
      vertex   1.035616e+02 -1.332602e+01 8.000001e+00
    endloop
  endfacet
  facet normal 0.000000e+00 0.000000e+00 -1.000000e+00
    outer loop
      vertex   1.038100e+02 -1.292014e+01 8.000001e+00
      vertex   1.055484e+02 -1.414792e+01 8.000001e+00
      vertex   1.053775e+02 -1.446097e+01 8.000001e+00
    endloop
  endfacet
  facet normal 0.000000e+00 -0.000000e+00 -1.000000e+00
    outer loop
      vertex   1.041000e+02 -1.254277e+01 8.000001e+00
      vertex   1.055484e+02 -1.414792e+01 8.000001e+00
      vertex   1.038100e+02 -1.292014e+01 8.000001e+00
    endloop
  endfacet
  facet normal 0.000000e+00 0.000000e+00 -1.000000e+00
    outer loop
      vertex   1.041000e+02 -1.254277e+01 8.000001e+00
      vertex   1.057622e+02 -1.386238e+01 8.000001e+00
      vertex   1.055484e+02 -1.414792e+01 8.000001e+00
    endloop
  endfacet
  facet normal 0.000000e+00 -0.000000e+00 -1.000000e+00
    outer loop
      vertex   1.044282e+02 -1.219814e+01 8.000001e+00
      vertex   1.057622e+02 -1.386238e+01 8.000001e+00
      vertex   1.041000e+02 -1.254277e+01 8.000001e+00
    endloop
  endfacet
  facet normal 0.000000e+00 -0.000000e+00 -1.000000e+00
    outer loop
      vertex   1.047909e+02 -1.189009e+01 8.000001e+00
      vertex   1.057622e+02 -1.386238e+01 8.000001e+00
      vertex   1.044282e+02 -1.219814e+01 8.000001e+00
    endloop
  endfacet
  facet normal 0.000000e+00 0.000000e+00 -1.000000e+00
    outer loop
      vertex   1.047909e+02 -1.189009e+01 8.000001e+00
      vertex   1.060145e+02 -1.361018e+01 8.000001e+00
      vertex   1.057622e+02 -1.386238e+01 8.000001e+00
    endloop
  endfacet
  facet normal 0.000000e+00 -0.000000e+00 -1.000000e+00
    outer loop
      vertex   1.051842e+02 -1.162207e+01 8.000001e+00
      vertex   1.060145e+02 -1.361018e+01 8.000001e+00
      vertex   1.047909e+02 -1.189009e+01 8.000001e+00
    endloop
  endfacet
  facet normal 0.000000e+00 0.000000e+00 -1.000000e+00
    outer loop
      vertex   1.051842e+02 -1.162207e+01 8.000001e+00
      vertex   1.063000e+02 -1.339643e+01 8.000001e+00
      vertex   1.060145e+02 -1.361018e+01 8.000001e+00
    endloop
  endfacet
  facet normal 0.000000e+00 -0.000000e+00 -1.000000e+00
    outer loop
      vertex   1.056036e+02 -1.139709e+01 8.000001e+00
      vertex   1.063000e+02 -1.339643e+01 8.000001e+00
      vertex   1.051842e+02 -1.162207e+01 8.000001e+00
    endloop
  endfacet
  facet normal 0.000000e+00 0.000000e+00 -1.000000e+00
    outer loop
      vertex   1.056036e+02 -1.139709e+01 8.000001e+00
      vertex   1.066131e+02 -1.322551e+01 8.000001e+00
      vertex   1.063000e+02 -1.339643e+01 8.000001e+00
    endloop
  endfacet
  facet normal 0.000000e+00 -0.000000e+00 -1.000000e+00
    outer loop
      vertex   1.060443e+02 -1.121765e+01 8.000001e+00
      vertex   1.066131e+02 -1.322551e+01 8.000001e+00
      vertex   1.056036e+02 -1.139709e+01 8.000001e+00
    endloop
  endfacet
  facet normal 0.000000e+00 0.000000e+00 -1.000000e+00
    outer loop
      vertex   1.060443e+02 -1.121765e+01 8.000001e+00
      vertex   1.069473e+02 -1.310087e+01 8.000001e+00
      vertex   1.066131e+02 -1.322551e+01 8.000001e+00
    endloop
  endfacet
  facet normal 0.000000e+00 -0.000000e+00 -1.000000e+00
    outer loop
      vertex   1.065016e+02 -1.108576e+01 8.000001e+00
      vertex   1.069473e+02 -1.310087e+01 8.000001e+00
      vertex   1.060443e+02 -1.121765e+01 8.000001e+00
    endloop
  endfacet
  facet normal 0.000000e+00 0.000000e+00 -1.000000e+00
    outer loop
      vertex   1.069702e+02 -1.100290e+01 8.000001e+00
      vertex   1.069473e+02 -1.310087e+01 8.000001e+00
      vertex   1.065016e+02 -1.108576e+01 8.000001e+00
    endloop
  endfacet
  facet normal 0.000000e+00 -0.000000e+00 -1.000000e+00
    outer loop
      vertex   1.069702e+02 -1.100290e+01 8.000001e+00
      vertex   1.072959e+02 -1.302507e+01 8.000001e+00
      vertex   1.069473e+02 -1.310087e+01 8.000001e+00
    endloop
  endfacet
  facet normal 0.000000e+00 0.000000e+00 -1.000000e+00
    outer loop
      vertex   1.074450e+02 -1.097000e+01 8.000001e+00
      vertex   1.072959e+02 -1.302507e+01 8.000001e+00
      vertex   1.069702e+02 -1.100290e+01 8.000001e+00
    endloop
  endfacet
  facet normal 0.000000e+00 -0.000000e+00 -1.000000e+00
    outer loop
      vertex   1.074450e+02 -1.097000e+01 8.000001e+00
      vertex   1.076516e+02 -1.299965e+01 8.000001e+00
      vertex   1.072959e+02 -1.302507e+01 8.000001e+00
    endloop
  endfacet
  facet normal -0.000000e+00 0.000000e+00 -1.000000e+00
    outer loop
      vertex   1.079206e+02 -1.098742e+01 8.000001e+00
      vertex   1.076516e+02 -1.299965e+01 8.000001e+00
      vertex   1.074450e+02 -1.097000e+01 8.000001e+00
    endloop
  endfacet
  facet normal 0.000000e+00 -0.000000e+00 -1.000000e+00
    outer loop
      vertex   1.079206e+02 -1.098742e+01 8.000001e+00
      vertex   1.080074e+02 -1.302511e+01 8.000001e+00
      vertex   1.076516e+02 -1.299965e+01 8.000001e+00
    endloop
  endfacet
  facet normal -0.000000e+00 0.000000e+00 -1.000000e+00
    outer loop
      vertex   1.083917e+02 -1.105497e+01 8.000001e+00
      vertex   1.080074e+02 -1.302511e+01 8.000001e+00
      vertex   1.079206e+02 -1.098742e+01 8.000001e+00
    endloop
  endfacet
  facet normal 0.000000e+00 0.000000e+00 -1.000000e+00
    outer loop
      vertex   1.083917e+02 -1.105497e+01 8.000001e+00
      vertex   1.083560e+02 -1.310096e+01 8.000001e+00
      vertex   1.080074e+02 -1.302511e+01 8.000001e+00
    endloop
  endfacet
  facet normal -0.000000e+00 0.000000e+00 -1.000000e+00
    outer loop
      vertex   1.088530e+02 -1.117189e+01 8.000001e+00
      vertex   1.083560e+02 -1.310096e+01 8.000001e+00
      vertex   1.083917e+02 -1.105497e+01 8.000001e+00
    endloop
  endfacet
  facet normal -0.000000e+00 0.000000e+00 -1.000000e+00
    outer loop
      vertex   1.092994e+02 -1.133688e+01 8.000001e+00
      vertex   1.083560e+02 -1.310096e+01 8.000001e+00
      vertex   1.088530e+02 -1.117189e+01 8.000001e+00
    endloop
  endfacet
  facet normal 0.000000e+00 0.000000e+00 -1.000000e+00
    outer loop
      vertex   1.092994e+02 -1.133688e+01 8.000001e+00
      vertex   1.086902e+02 -1.322563e+01 8.000001e+00
      vertex   1.083560e+02 -1.310096e+01 8.000001e+00
    endloop
  endfacet
  facet normal -0.000000e+00 0.000000e+00 -1.000000e+00
    outer loop
      vertex   1.097259e+02 -1.154809e+01 8.000001e+00
      vertex   1.086902e+02 -1.322563e+01 8.000001e+00
      vertex   1.092994e+02 -1.133688e+01 8.000001e+00
    endloop
  endfacet
  facet normal 0.000000e+00 0.000000e+00 -1.000000e+00
    outer loop
      vertex   1.097259e+02 -1.154809e+01 8.000001e+00
      vertex   1.090032e+02 -1.339659e+01 8.000001e+00
      vertex   1.086902e+02 -1.322563e+01 8.000001e+00
    endloop
  endfacet
  facet normal -0.000000e+00 0.000000e+00 -1.000000e+00
    outer loop
      vertex   1.101276e+02 -1.180315e+01 8.000001e+00
      vertex   1.090032e+02 -1.339659e+01 8.000001e+00
      vertex   1.097259e+02 -1.154809e+01 8.000001e+00
    endloop
  endfacet
  facet normal 0.000000e+00 0.000000e+00 -1.000000e+00
    outer loop
      vertex   1.101276e+02 -1.180315e+01 8.000001e+00
      vertex   1.092888e+02 -1.361037e+01 8.000001e+00
      vertex   1.090032e+02 -1.339659e+01 8.000001e+00
    endloop
  endfacet
  facet normal -0.000000e+00 0.000000e+00 -1.000000e+00
    outer loop
      vertex   1.105002e+02 -1.209922e+01 8.000001e+00
      vertex   1.092888e+02 -1.361037e+01 8.000001e+00
      vertex   1.101276e+02 -1.180315e+01 8.000001e+00
    endloop
  endfacet
  facet normal 0.000000e+00 0.000000e+00 -1.000000e+00
    outer loop
      vertex   1.105002e+02 -1.209922e+01 8.000001e+00
      vertex   1.095410e+02 -1.386261e+01 8.000001e+00
      vertex   1.092888e+02 -1.361037e+01 8.000001e+00
    endloop
  endfacet
  facet normal -0.000000e+00 0.000000e+00 -1.000000e+00
    outer loop
      vertex   1.108395e+02 -1.243298e+01 8.000001e+00
      vertex   1.095410e+02 -1.386261e+01 8.000001e+00
      vertex   1.105002e+02 -1.209922e+01 8.000001e+00
    endloop
  endfacet
  facet normal -0.000000e+00 0.000000e+00 -1.000000e+00
    outer loop
      vertex   1.111416e+02 -1.280071e+01 8.000001e+00
      vertex   1.095410e+02 -1.386261e+01 8.000001e+00
      vertex   1.108395e+02 -1.243298e+01 8.000001e+00
    endloop
  endfacet
  facet normal 0.000000e+00 0.000000e+00 -1.000000e+00
    outer loop
      vertex   1.111416e+02 -1.280071e+01 8.000001e+00
      vertex   1.097547e+02 -1.414817e+01 8.000001e+00
      vertex   1.095410e+02 -1.386261e+01 8.000001e+00
    endloop
  endfacet
  facet normal -0.000000e+00 0.000000e+00 -1.000000e+00
    outer loop
      vertex   1.114032e+02 -1.319828e+01 8.000001e+00
      vertex   1.097547e+02 -1.414817e+01 8.000001e+00
      vertex   1.111416e+02 -1.280071e+01 8.000001e+00
    endloop
  endfacet
  facet normal 0.000000e+00 0.000000e+00 -1.000000e+00
    outer loop
      vertex   1.114032e+02 -1.319828e+01 8.000001e+00
      vertex   1.099256e+02 -1.446125e+01 8.000001e+00
      vertex   1.097547e+02 -1.414817e+01 8.000001e+00
    endloop
  endfacet
  facet normal -0.000000e+00 0.000000e+00 -1.000000e+00
    outer loop
      vertex   1.116213e+02 -1.362125e+01 8.000001e+00
      vertex   1.099256e+02 -1.446125e+01 8.000001e+00
      vertex   1.114032e+02 -1.319828e+01 8.000001e+00
    endloop
  endfacet
  facet normal 0.000000e+00 0.000000e+00 -1.000000e+00
    outer loop
      vertex   1.116213e+02 -1.362125e+01 8.000001e+00
      vertex   1.100503e+02 -1.479546e+01 8.000001e+00
      vertex   1.099256e+02 -1.446125e+01 8.000001e+00
    endloop
  endfacet
  facet normal -0.000000e+00 0.000000e+00 -1.000000e+00
    outer loop
      vertex   1.117935e+02 -1.406489e+01 8.000001e+00
      vertex   1.100503e+02 -1.479546e+01 8.000001e+00
      vertex   1.116213e+02 -1.362125e+01 8.000001e+00
    endloop
  endfacet
  facet normal -0.000000e+00 0.000000e+00 -1.000000e+00
    outer loop
      vertex   1.119179e+02 -1.452424e+01 8.000001e+00
      vertex   1.100503e+02 -1.479546e+01 8.000001e+00
      vertex   1.117935e+02 -1.406489e+01 8.000001e+00
    endloop
  endfacet
  facet normal 0.000000e+00 0.000000e+00 -1.000000e+00
    outer loop
      vertex   1.119179e+02 -1.452424e+01 8.000001e+00
      vertex   1.101261e+02 -1.514401e+01 8.000001e+00
      vertex   1.100503e+02 -1.479546e+01 8.000001e+00
    endloop
  endfacet
  facet normal -0.000000e+00 0.000000e+00 -1.000000e+00
    outer loop
      vertex   1.119931e+02 -1.499417e+01 8.000001e+00
      vertex   1.101261e+02 -1.514401e+01 8.000001e+00
      vertex   1.119179e+02 -1.452424e+01 8.000001e+00
    endloop
  endfacet
  facet normal 0.000000e+00 0.000000e+00 -1.000000e+00
    outer loop
      vertex   1.119931e+02 -1.499417e+01 8.000001e+00
      vertex   1.101515e+02 -1.549980e+01 8.000001e+00
      vertex   1.101261e+02 -1.514401e+01 8.000001e+00
    endloop
  endfacet
  facet normal -0.000000e+00 0.000000e+00 -1.000000e+00
    outer loop
      vertex   1.120183e+02 -1.546940e+01 8.000001e+00
      vertex   1.101515e+02 -1.549980e+01 8.000001e+00
      vertex   1.119931e+02 -1.499417e+01 8.000001e+00
    endloop
  endfacet
  facet normal 0.000000e+00 0.000000e+00 -1.000000e+00
    outer loop
      vertex   1.120183e+02 -1.546940e+01 8.000001e+00
      vertex   1.101260e+02 -1.585558e+01 8.000001e+00
      vertex   1.101515e+02 -1.549980e+01 8.000001e+00
    endloop
  endfacet
  facet normal 0.000000e+00 0.000000e+00 -1.000000e+00
    outer loop
      vertex   1.120183e+02 -1.701621e+01 8.000001e+00
      vertex   1.101260e+02 -1.585558e+01 8.000001e+00
      vertex   1.120183e+02 -1.546940e+01 8.000001e+00
    endloop
  endfacet
  facet normal 0.000000e+00 0.000000e+00 -1.000000e+00
    outer loop
      vertex   1.100502e+02 -1.620412e+01 8.000001e+00
      vertex   1.101260e+02 -1.585558e+01 8.000001e+00
      vertex   1.120183e+02 -1.701621e+01 8.000001e+00
    endloop
  endfacet
  facet normal 0.000000e+00 0.000000e+00 -1.000000e+00
    outer loop
      vertex   1.120183e+02 -1.701621e+01 8.000001e+00
      vertex   1.099255e+02 -1.653832e+01 8.000001e+00
      vertex   1.100502e+02 -1.620412e+01 8.000001e+00
    endloop
  endfacet
  facet normal 0.000000e+00 0.000000e+00 -1.000000e+00
    outer loop
      vertex   1.120183e+02 -1.701621e+01 8.000001e+00
      vertex   1.097546e+02 -1.685137e+01 8.000001e+00
      vertex   1.099255e+02 -1.653832e+01 8.000001e+00
    endloop
  endfacet
  facet normal 0.000000e+00 0.000000e+00 -1.000000e+00
    outer loop
      vertex   1.095408e+02 -1.713691e+01 8.000001e+00
      vertex   1.097546e+02 -1.685137e+01 8.000001e+00
      vertex   1.120183e+02 -1.701621e+01 8.000001e+00
    endloop
  endfacet
  facet normal 0.000000e+00 0.000000e+00 -1.000000e+00
    outer loop
      vertex   1.120183e+02 -1.701621e+01 8.000001e+00
      vertex   1.092885e+02 -1.738912e+01 8.000001e+00
      vertex   1.095408e+02 -1.713691e+01 8.000001e+00
    endloop
  endfacet
  facet normal 0.000000e+00 0.000000e+00 -1.000000e+00
    outer loop
      vertex   1.120183e+02 -1.701621e+01 8.000001e+00
      vertex   1.090030e+02 -1.760286e+01 8.000001e+00
      vertex   1.092885e+02 -1.738912e+01 8.000001e+00
    endloop
  endfacet
  facet normal 0.000000e+00 0.000000e+00 -1.000000e+00
    outer loop
      vertex   1.075681e+02 -2.092578e+01 8.000001e+00
      vertex   1.090030e+02 -1.760286e+01 8.000001e+00
      vertex   1.120183e+02 -1.701621e+01 8.000001e+00
    endloop
  endfacet
  facet normal 0.000000e+00 0.000000e+00 -1.000000e+00
    outer loop
      vertex   1.075681e+02 -2.092578e+01 8.000001e+00
      vertex   1.086899e+02 -1.777379e+01 8.000001e+00
      vertex   1.090030e+02 -1.760286e+01 8.000001e+00
    endloop
  endfacet
  facet normal 0.000000e+00 0.000000e+00 -1.000000e+00
    outer loop
      vertex   1.075681e+02 -2.092578e+01 8.000001e+00
      vertex   1.083557e+02 -1.789842e+01 8.000001e+00
      vertex   1.086899e+02 -1.777379e+01 8.000001e+00
    endloop
  endfacet
  facet normal 0.000000e+00 0.000000e+00 -1.000000e+00
    outer loop
      vertex   1.072875e+02 -2.060218e+01 8.000001e+00
      vertex   1.083557e+02 -1.789842e+01 8.000001e+00
      vertex   1.075681e+02 -2.092578e+01 8.000001e+00
    endloop
  endfacet
  facet normal 0.000000e+00 0.000000e+00 -1.000000e+00
    outer loop
      vertex   1.072875e+02 -2.060218e+01 8.000001e+00
      vertex   1.080071e+02 -1.797422e+01 8.000001e+00
      vertex   1.083557e+02 -1.789842e+01 8.000001e+00
    endloop
  endfacet
  facet normal 0.000000e+00 0.000000e+00 -1.000000e+00
    outer loop
      vertex   1.069739e+02 -2.031043e+01 8.000001e+00
      vertex   1.080071e+02 -1.797422e+01 8.000001e+00
      vertex   1.072875e+02 -2.060218e+01 8.000001e+00
    endloop
  endfacet
  facet normal 0.000000e+00 0.000000e+00 -1.000000e+00
    outer loop
      vertex   1.069739e+02 -2.031043e+01 8.000001e+00
      vertex   1.076514e+02 -1.799965e+01 8.000001e+00
      vertex   1.080071e+02 -1.797422e+01 8.000001e+00
    endloop
  endfacet
  facet normal 0.000000e+00 -0.000000e+00 -1.000000e+00
    outer loop
      vertex   1.072956e+02 -1.797418e+01 8.000001e+00
      vertex   1.076514e+02 -1.799965e+01 8.000001e+00
      vertex   1.069739e+02 -2.031043e+01 8.000001e+00
    endloop
  endfacet
  facet normal -0.000000e+00 -0.000000e+00 -1.000000e+00
    outer loop
      vertex   1.124077e+02 -2.382448e+01 5.036593e-07
      vertex   1.126248e+02 -2.454923e+01 5.036593e-07
      vertex   1.084101e+02 -2.338072e+01 5.036593e-07
    endloop
  endfacet
  facet normal 0.000000e+00 0.000000e+00 -1.000000e+00
    outer loop
      vertex   1.120428e+02 -2.158749e+01 5.036593e-07
      vertex   1.083865e+02 -2.294651e+01 5.036593e-07
      vertex   1.083158e+02 -2.251743e+01 5.036593e-07
    endloop
  endfacet
  facet normal -0.000000e+00 0.000000e+00 -1.000000e+00
    outer loop
      vertex   1.121161e+02 -2.234050e+01 5.036593e-07
      vertex   1.083865e+02 -2.294651e+01 5.036593e-07
      vertex   1.120428e+02 -2.158749e+01 5.036593e-07
    endloop
  endfacet
  facet normal 0.000000e+00 0.000000e+00 -1.000000e+00
    outer loop
      vertex   1.084101e+02 -2.338072e+01 5.036593e-07
      vertex   1.122379e+02 -2.308721e+01 5.036593e-07
      vertex   1.124077e+02 -2.382448e+01 5.036593e-07
    endloop
  endfacet
  facet normal 0.000000e+00 0.000000e+00 -1.000000e+00
    outer loop
      vertex   1.084101e+02 -2.338072e+01 5.036593e-07
      vertex   1.121161e+02 -2.234050e+01 5.036593e-07
      vertex   1.122379e+02 -2.308721e+01 5.036593e-07
    endloop
  endfacet
  facet normal 0.000000e+00 0.000000e+00 -1.000000e+00
    outer loop
      vertex   1.083865e+02 -2.294651e+01 5.036593e-07
      vertex   1.121161e+02 -2.234050e+01 5.036593e-07
      vertex   1.084101e+02 -2.338072e+01 5.036593e-07
    endloop
  endfacet
  facet normal 0.000000e+00 0.000000e+00 -1.000000e+00
    outer loop
      vertex   1.172203e+02 -3.073172e+01 5.036593e-07
      vertex   1.157321e+02 -3.336236e+01 5.036593e-07
      vertex   1.156189e+02 -3.303075e+01 5.036593e-07
    endloop
  endfacet
  facet normal -0.000000e+00 0.000000e+00 -1.000000e+00
    outer loop
      vertex   1.175262e+02 -3.113083e+01 5.036593e-07
      vertex   1.157321e+02 -3.336236e+01 5.036593e-07
      vertex   1.172203e+02 -3.073172e+01 5.036593e-07
    endloop
  endfacet
  facet normal 0.000000e+00 0.000000e+00 -1.000000e+00
    outer loop
      vertex   1.175262e+02 -3.113083e+01 5.036593e-07
      vertex   1.157957e+02 -3.370691e+01 5.036593e-07
      vertex   1.157321e+02 -3.336236e+01 5.036593e-07
    endloop
  endfacet
  facet normal -0.000000e+00 0.000000e+00 -1.000000e+00
    outer loop
      vertex   1.177905e+02 -3.155866e+01 5.036593e-07
      vertex   1.157957e+02 -3.370691e+01 5.036593e-07
      vertex   1.175262e+02 -3.113083e+01 5.036593e-07
    endloop
  endfacet
  facet normal -0.000000e+00 0.000000e+00 -1.000000e+00
    outer loop
      vertex   1.180105e+02 -3.201087e+01 5.036593e-07
      vertex   1.157957e+02 -3.370691e+01 5.036593e-07
      vertex   1.177905e+02 -3.155866e+01 5.036593e-07
    endloop
  endfacet
  facet normal -0.000000e+00 0.000000e+00 -1.000000e+00
    outer loop
      vertex   1.181840e+02 -3.248290e+01 5.036593e-07
      vertex   1.157957e+02 -3.370691e+01 5.036593e-07
      vertex   1.180105e+02 -3.201087e+01 5.036593e-07
    endloop
  endfacet
  facet normal -0.000000e+00 0.000000e+00 -1.000000e+00
    outer loop
      vertex   1.183092e+02 -3.296997e+01 5.036593e-07
      vertex   1.157957e+02 -3.370691e+01 5.036593e-07
      vertex   1.181840e+02 -3.248290e+01 5.036593e-07
    endloop
  endfacet
  facet normal 0.000000e+00 0.000000e+00 -1.000000e+00
    outer loop
      vertex   1.183092e+02 -3.296997e+01 5.036593e-07
      vertex   1.158085e+02 -3.405706e+01 5.036593e-07
      vertex   1.157957e+02 -3.370691e+01 5.036593e-07
    endloop
  endfacet
  facet normal -0.000000e+00 0.000000e+00 -1.000000e+00
    outer loop
      vertex   1.183848e+02 -3.346715e+01 5.036593e-07
      vertex   1.158085e+02 -3.405706e+01 5.036593e-07
      vertex   1.183092e+02 -3.296997e+01 5.036593e-07
    endloop
  endfacet
  facet normal -0.000000e+00 0.000000e+00 -1.000000e+00
    outer loop
      vertex   1.184101e+02 -3.396940e+01 5.036593e-07
      vertex   1.158085e+02 -3.405706e+01 5.036593e-07
      vertex   1.183848e+02 -3.346715e+01 5.036593e-07
    endloop
  endfacet
  facet normal 0.000000e+00 0.000000e+00 -1.000000e+00
    outer loop
      vertex   1.183844e+02 -3.447524e+01 5.036593e-07
      vertex   1.158085e+02 -3.405706e+01 5.036593e-07
      vertex   1.184101e+02 -3.396940e+01 5.036593e-07
    endloop
  endfacet
  facet normal 0.000000e+00 0.000000e+00 -1.000000e+00
    outer loop
      vertex   1.183077e+02 -3.497590e+01 5.036593e-07
      vertex   1.158085e+02 -3.405706e+01 5.036593e-07
      vertex   1.183844e+02 -3.447524e+01 5.036593e-07
    endloop
  endfacet
  facet normal 0.000000e+00 0.000000e+00 -1.000000e+00
    outer loop
      vertex   1.181808e+02 -3.546622e+01 5.036593e-07
      vertex   1.158085e+02 -3.405706e+01 5.036593e-07
      vertex   1.183077e+02 -3.497590e+01 5.036593e-07
    endloop
  endfacet
  facet normal 0.000000e+00 0.000000e+00 -1.000000e+00
    outer loop
      vertex   1.180049e+02 -3.594118e+01 5.036593e-07
      vertex   1.158085e+02 -3.405706e+01 5.036593e-07
      vertex   1.181808e+02 -3.546622e+01 5.036593e-07
    endloop
  endfacet
  facet normal 0.000000e+00 0.000000e+00 -1.000000e+00
    outer loop
      vertex   1.180049e+02 -3.594118e+01 5.036593e-07
      vertex   1.157702e+02 -3.440533e+01 5.036593e-07
      vertex   1.158085e+02 -3.405706e+01 5.036593e-07
    endloop
  endfacet
  facet normal 0.000000e+00 0.000000e+00 -1.000000e+00
    outer loop
      vertex   1.177818e+02 -3.639591e+01 5.036593e-07
      vertex   1.157702e+02 -3.440533e+01 5.036593e-07
      vertex   1.180049e+02 -3.594118e+01 5.036593e-07
    endloop
  endfacet
  facet normal 0.000000e+00 0.000000e+00 -1.000000e+00
    outer loop
      vertex   1.175139e+02 -3.682575e+01 5.036593e-07
      vertex   1.157702e+02 -3.440533e+01 5.036593e-07
      vertex   1.177818e+02 -3.639591e+01 5.036593e-07
    endloop
  endfacet
  facet normal 0.000000e+00 0.000000e+00 -1.000000e+00
    outer loop
      vertex   1.172039e+02 -3.722627e+01 5.036593e-07
      vertex   1.157702e+02 -3.440533e+01 5.036593e-07
      vertex   1.175139e+02 -3.682575e+01 5.036593e-07
    endloop
  endfacet
  facet normal 0.000000e+00 0.000000e+00 -1.000000e+00
    outer loop
      vertex   1.172039e+02 -3.722627e+01 5.036593e-07
      vertex   1.156815e+02 -3.474432e+01 5.036593e-07
      vertex   1.157702e+02 -3.440533e+01 5.036593e-07
    endloop
  endfacet
  facet normal 0.000000e+00 0.000000e+00 -1.000000e+00
    outer loop
      vertex   1.168549e+02 -3.759337e+01 5.036593e-07
      vertex   1.156815e+02 -3.474432e+01 5.036593e-07
      vertex   1.172039e+02 -3.722627e+01 5.036593e-07
    endloop
  endfacet
  facet normal 0.000000e+00 0.000000e+00 -1.000000e+00
    outer loop
      vertex   1.168549e+02 -3.759337e+01 5.036593e-07
      vertex   1.155445e+02 -3.506679e+01 5.036593e-07
      vertex   1.156815e+02 -3.474432e+01 5.036593e-07
    endloop
  endfacet
  facet normal 0.000000e+00 0.000000e+00 -1.000000e+00
    outer loop
      vertex   1.164706e+02 -3.792328e+01 5.036593e-07
      vertex   1.155445e+02 -3.506679e+01 5.036593e-07
      vertex   1.168549e+02 -3.759337e+01 5.036593e-07
    endloop
  endfacet
  facet normal 0.000000e+00 0.000000e+00 -1.000000e+00
    outer loop
      vertex   1.164706e+02 -3.792328e+01 5.036593e-07
      vertex   1.153620e+02 -3.536586e+01 5.036593e-07
      vertex   1.155445e+02 -3.506679e+01 5.036593e-07
    endloop
  endfacet
  facet normal 0.000000e+00 0.000000e+00 -1.000000e+00
    outer loop
      vertex   1.160549e+02 -3.821262e+01 5.036593e-07
      vertex   1.153620e+02 -3.536586e+01 5.036593e-07
      vertex   1.164706e+02 -3.792328e+01 5.036593e-07
    endloop
  endfacet
  facet normal 0.000000e+00 0.000000e+00 -1.000000e+00
    outer loop
      vertex   1.160549e+02 -3.821262e+01 5.036593e-07
      vertex   1.151379e+02 -3.563518e+01 5.036593e-07
      vertex   1.153620e+02 -3.536586e+01 5.036593e-07
    endloop
  endfacet
  facet normal 0.000000e+00 0.000000e+00 -1.000000e+00
    outer loop
      vertex   1.156121e+02 -3.845843e+01 5.036593e-07
      vertex   1.151379e+02 -3.563518e+01 5.036593e-07
      vertex   1.160549e+02 -3.821262e+01 5.036593e-07
    endloop
  endfacet
  facet normal 0.000000e+00 0.000000e+00 -1.000000e+00
    outer loop
      vertex   1.156121e+02 -3.845843e+01 5.036593e-07
      vertex   1.148769e+02 -3.586900e+01 5.036593e-07
      vertex   1.151379e+02 -3.563518e+01 5.036593e-07
    endloop
  endfacet
  facet normal 0.000000e+00 0.000000e+00 -1.000000e+00
    outer loop
      vertex   1.151466e+02 -3.865817e+01 5.036593e-07
      vertex   1.148769e+02 -3.586900e+01 5.036593e-07
      vertex   1.156121e+02 -3.845843e+01 5.036593e-07
    endloop
  endfacet
  facet normal 0.000000e+00 0.000000e+00 -1.000000e+00
    outer loop
      vertex   1.151466e+02 -3.865817e+01 5.036593e-07
      vertex   1.145847e+02 -3.606232e+01 5.036593e-07
      vertex   1.148769e+02 -3.586900e+01 5.036593e-07
    endloop
  endfacet
  facet normal 0.000000e+00 0.000000e+00 -1.000000e+00
    outer loop
      vertex   1.146634e+02 -3.880979e+01 5.036593e-07
      vertex   1.145847e+02 -3.606232e+01 5.036593e-07
      vertex   1.151466e+02 -3.865817e+01 5.036593e-07
    endloop
  endfacet
  facet normal 0.000000e+00 0.000000e+00 -1.000000e+00
    outer loop
      vertex   1.146634e+02 -3.880979e+01 5.036593e-07
      vertex   1.142674e+02 -3.621104e+01 5.036593e-07
      vertex   1.145847e+02 -3.606232e+01 5.036593e-07
    endloop
  endfacet
  facet normal 0.000000e+00 0.000000e+00 -1.000000e+00
    outer loop
      vertex   1.141672e+02 -3.891174e+01 5.036593e-07
      vertex   1.142674e+02 -3.621104e+01 5.036593e-07
      vertex   1.146634e+02 -3.880979e+01 5.036593e-07
    endloop
  endfacet
  facet normal 0.000000e+00 0.000000e+00 -1.000000e+00
    outer loop
      vertex   1.141672e+02 -3.891174e+01 5.036593e-07
      vertex   1.139319e+02 -3.631199e+01 5.036593e-07
      vertex   1.142674e+02 -3.621104e+01 5.036593e-07
    endloop
  endfacet
  facet normal 0.000000e+00 0.000000e+00 -1.000000e+00
    outer loop
      vertex   1.136633e+02 -3.896299e+01 5.036593e-07
      vertex   1.139319e+02 -3.631199e+01 5.036593e-07
      vertex   1.141672e+02 -3.891174e+01 5.036593e-07
    endloop
  endfacet
  facet normal 0.000000e+00 0.000000e+00 -1.000000e+00
    outer loop
      vertex   1.136633e+02 -3.896299e+01 5.036593e-07
      vertex   1.135853e+02 -3.636300e+01 5.036593e-07
      vertex   1.139319e+02 -3.631199e+01 5.036593e-07
    endloop
  endfacet
  facet normal 0.000000e+00 0.000000e+00 -1.000000e+00
    outer loop
      vertex   1.131568e+02 -3.896299e+01 5.036593e-07
      vertex   1.135853e+02 -3.636300e+01 5.036593e-07
      vertex   1.136633e+02 -3.896299e+01 5.036593e-07
    endloop
  endfacet
  facet normal 0.000000e+00 0.000000e+00 -1.000000e+00
    outer loop
      vertex   1.131568e+02 -3.896299e+01 5.036593e-07
      vertex   1.132349e+02 -3.636300e+01 5.036593e-07
      vertex   1.135853e+02 -3.636300e+01 5.036593e-07
    endloop
  endfacet
  facet normal 0.000000e+00 0.000000e+00 -1.000000e+00
    outer loop
      vertex   1.131568e+02 -3.896299e+01 5.036593e-07
      vertex   1.128883e+02 -3.631199e+01 5.036593e-07
      vertex   1.132349e+02 -3.636300e+01 5.036593e-07
    endloop
  endfacet
  facet normal 0.000000e+00 0.000000e+00 -1.000000e+00
    outer loop
      vertex   1.126530e+02 -3.891174e+01 5.036593e-07
      vertex   1.128883e+02 -3.631199e+01 5.036593e-07
      vertex   1.131568e+02 -3.896299e+01 5.036593e-07
    endloop
  endfacet
  facet normal 0.000000e+00 0.000000e+00 -1.000000e+00
    outer loop
      vertex   1.126530e+02 -3.891174e+01 5.036593e-07
      vertex   1.125527e+02 -3.621104e+01 5.036593e-07
      vertex   1.128883e+02 -3.631199e+01 5.036593e-07
    endloop
  endfacet
  facet normal 0.000000e+00 0.000000e+00 -1.000000e+00
    outer loop
      vertex   1.121568e+02 -3.880979e+01 5.036593e-07
      vertex   1.125527e+02 -3.621104e+01 5.036593e-07
      vertex   1.126530e+02 -3.891174e+01 5.036593e-07
    endloop
  endfacet
  facet normal 0.000000e+00 0.000000e+00 -1.000000e+00
    outer loop
      vertex   1.121568e+02 -3.880979e+01 5.036593e-07
      vertex   1.122355e+02 -3.606232e+01 5.036593e-07
      vertex   1.125527e+02 -3.621104e+01 5.036593e-07
    endloop
  endfacet
  facet normal 0.000000e+00 0.000000e+00 -1.000000e+00
    outer loop
      vertex   1.116736e+02 -3.865817e+01 5.036593e-07
      vertex   1.122355e+02 -3.606232e+01 5.036593e-07
      vertex   1.121568e+02 -3.880979e+01 5.036593e-07
    endloop
  endfacet
  facet normal 0.000000e+00 0.000000e+00 -1.000000e+00
    outer loop
      vertex   1.116736e+02 -3.865817e+01 5.036593e-07
      vertex   1.119433e+02 -3.586900e+01 5.036593e-07
      vertex   1.122355e+02 -3.606232e+01 5.036593e-07
    endloop
  endfacet
  facet normal 0.000000e+00 0.000000e+00 -1.000000e+00
    outer loop
      vertex   1.112081e+02 -3.845843e+01 5.036593e-07
      vertex   1.119433e+02 -3.586900e+01 5.036593e-07
      vertex   1.116736e+02 -3.865817e+01 5.036593e-07
    endloop
  endfacet
  facet normal 0.000000e+00 0.000000e+00 -1.000000e+00
    outer loop
      vertex   1.112081e+02 -3.845843e+01 5.036593e-07
      vertex   1.116823e+02 -3.563518e+01 5.036593e-07
      vertex   1.119433e+02 -3.586900e+01 5.036593e-07
    endloop
  endfacet
  facet normal 0.000000e+00 0.000000e+00 -1.000000e+00
    outer loop
      vertex   1.107653e+02 -3.821262e+01 5.036593e-07
      vertex   1.116823e+02 -3.563518e+01 5.036593e-07
      vertex   1.112081e+02 -3.845843e+01 5.036593e-07
    endloop
  endfacet
  facet normal 0.000000e+00 0.000000e+00 -1.000000e+00
    outer loop
      vertex   1.107653e+02 -3.821262e+01 5.036593e-07
      vertex   1.114582e+02 -3.536586e+01 5.036593e-07
      vertex   1.116823e+02 -3.563518e+01 5.036593e-07
    endloop
  endfacet
  facet normal 0.000000e+00 0.000000e+00 -1.000000e+00
    outer loop
      vertex   1.103496e+02 -3.792328e+01 5.036593e-07
      vertex   1.114582e+02 -3.536586e+01 5.036593e-07
      vertex   1.107653e+02 -3.821262e+01 5.036593e-07
    endloop
  endfacet
  facet normal 0.000000e+00 0.000000e+00 -1.000000e+00
    outer loop
      vertex   1.103496e+02 -3.792328e+01 5.036593e-07
      vertex   1.112757e+02 -3.506679e+01 5.036593e-07
      vertex   1.114582e+02 -3.536586e+01 5.036593e-07
    endloop
  endfacet
  facet normal 0.000000e+00 0.000000e+00 -1.000000e+00
    outer loop
      vertex   1.099653e+02 -3.759337e+01 5.036593e-07
      vertex   1.112757e+02 -3.506679e+01 5.036593e-07
      vertex   1.103496e+02 -3.792328e+01 5.036593e-07
    endloop
  endfacet
  facet normal 0.000000e+00 0.000000e+00 -1.000000e+00
    outer loop
      vertex   1.099653e+02 -3.759337e+01 5.036593e-07
      vertex   1.111386e+02 -3.474432e+01 5.036593e-07
      vertex   1.112757e+02 -3.506679e+01 5.036593e-07
    endloop
  endfacet
  facet normal 0.000000e+00 0.000000e+00 -1.000000e+00
    outer loop
      vertex   1.096163e+02 -3.722627e+01 5.036593e-07
      vertex   1.111386e+02 -3.474432e+01 5.036593e-07
      vertex   1.099653e+02 -3.759337e+01 5.036593e-07
    endloop
  endfacet
  facet normal 0.000000e+00 0.000000e+00 -1.000000e+00
    outer loop
      vertex   1.096163e+02 -3.722627e+01 5.036593e-07
      vertex   1.110500e+02 -3.440533e+01 5.036593e-07
      vertex   1.111386e+02 -3.474432e+01 5.036593e-07
    endloop
  endfacet
  facet normal 0.000000e+00 0.000000e+00 -1.000000e+00
    outer loop
      vertex   1.093063e+02 -3.682575e+01 5.036593e-07
      vertex   1.110500e+02 -3.440533e+01 5.036593e-07
      vertex   1.096163e+02 -3.722627e+01 5.036593e-07
    endloop
  endfacet
  facet normal 0.000000e+00 0.000000e+00 -1.000000e+00
    outer loop
      vertex   1.090384e+02 -3.639591e+01 5.036593e-07
      vertex   1.110500e+02 -3.440533e+01 5.036593e-07
      vertex   1.093063e+02 -3.682575e+01 5.036593e-07
    endloop
  endfacet
  facet normal 0.000000e+00 0.000000e+00 -1.000000e+00
    outer loop
      vertex   1.088153e+02 -3.594118e+01 5.036593e-07
      vertex   1.110500e+02 -3.440533e+01 5.036593e-07
      vertex   1.090384e+02 -3.639591e+01 5.036593e-07
    endloop
  endfacet
  facet normal 0.000000e+00 0.000000e+00 -1.000000e+00
    outer loop
      vertex   1.088153e+02 -3.594118e+01 5.036593e-07
      vertex   1.110117e+02 -3.405706e+01 5.036593e-07
      vertex   1.110500e+02 -3.440533e+01 5.036593e-07
    endloop
  endfacet
  facet normal 0.000000e+00 0.000000e+00 -1.000000e+00
    outer loop
      vertex   1.086394e+02 -3.546622e+01 5.036593e-07
      vertex   1.110117e+02 -3.405706e+01 5.036593e-07
      vertex   1.088153e+02 -3.594118e+01 5.036593e-07
    endloop
  endfacet
  facet normal 0.000000e+00 0.000000e+00 -1.000000e+00
    outer loop
      vertex   1.085124e+02 -3.497590e+01 5.036593e-07
      vertex   1.110117e+02 -3.405706e+01 5.036593e-07
      vertex   1.086394e+02 -3.546622e+01 5.036593e-07
    endloop
  endfacet
  facet normal 0.000000e+00 0.000000e+00 -1.000000e+00
    outer loop
      vertex   1.084357e+02 -3.447524e+01 5.036593e-07
      vertex   1.110117e+02 -3.405706e+01 5.036593e-07
      vertex   1.085124e+02 -3.497590e+01 5.036593e-07
    endloop
  endfacet
  facet normal 0.000000e+00 0.000000e+00 -1.000000e+00
    outer loop
      vertex   1.084101e+02 -3.396940e+01 5.036593e-07
      vertex   1.110117e+02 -3.405706e+01 5.036593e-07
      vertex   1.084357e+02 -3.447524e+01 5.036593e-07
    endloop
  endfacet
  facet normal 0.000000e+00 0.000000e+00 -1.000000e+00
    outer loop
      vertex   1.084101e+02 -3.396940e+01 5.036593e-07
      vertex   1.110245e+02 -3.370691e+01 5.036593e-07
      vertex   1.110117e+02 -3.405706e+01 5.036593e-07
    endloop
  endfacet
  facet normal 0.000000e+00 0.000000e+00 -1.000000e+00
    outer loop
      vertex   1.110881e+02 -3.336236e+01 5.036593e-07
      vertex   1.110245e+02 -3.370691e+01 5.036593e-07
      vertex   1.084101e+02 -3.396940e+01 5.036593e-07
    endloop
  endfacet
  facet normal 0.000000e+00 0.000000e+00 -1.000000e+00
    outer loop
      vertex   1.084101e+02 -3.396940e+01 5.036593e-07
      vertex   1.112013e+02 -3.303075e+01 5.036593e-07
      vertex   1.110881e+02 -3.336236e+01 5.036593e-07
    endloop
  endfacet
  facet normal 0.000000e+00 0.000000e+00 -1.000000e+00
    outer loop
      vertex   1.084101e+02 -3.396940e+01 5.036593e-07
      vertex   1.113615e+02 -3.271915e+01 5.036593e-07
      vertex   1.112013e+02 -3.303075e+01 5.036593e-07
    endloop
  endfacet
  facet normal 0.000000e+00 0.000000e+00 -1.000000e+00
    outer loop
      vertex   1.084101e+02 -2.338072e+01 5.036593e-07
      vertex   1.113615e+02 -3.271915e+01 5.036593e-07
      vertex   1.084101e+02 -3.396940e+01 5.036593e-07
    endloop
  endfacet
  facet normal 0.000000e+00 0.000000e+00 -1.000000e+00
    outer loop
      vertex   1.084101e+02 -2.338072e+01 5.036593e-07
      vertex   1.115653e+02 -3.243419e+01 5.036593e-07
      vertex   1.113615e+02 -3.271915e+01 5.036593e-07
    endloop
  endfacet
  facet normal -0.000000e+00 0.000000e+00 -1.000000e+00
    outer loop
      vertex   1.126248e+02 -2.454923e+01 5.036593e-07
      vertex   1.115653e+02 -3.243419e+01 5.036593e-07
      vertex   1.084101e+02 -2.338072e+01 5.036593e-07
    endloop
  endfacet
  facet normal 0.000000e+00 0.000000e+00 -1.000000e+00
    outer loop
      vertex   1.126248e+02 -2.454923e+01 5.036593e-07
      vertex   1.118085e+02 -3.218195e+01 5.036593e-07
      vertex   1.115653e+02 -3.243419e+01 5.036593e-07
    endloop
  endfacet
  facet normal -0.000000e+00 0.000000e+00 -1.000000e+00
    outer loop
      vertex   1.128884e+02 -2.525843e+01 5.036593e-07
      vertex   1.118085e+02 -3.218195e+01 5.036593e-07
      vertex   1.126248e+02 -2.454923e+01 5.036593e-07
    endloop
  endfacet
  facet normal 0.000000e+00 0.000000e+00 -1.000000e+00
    outer loop
      vertex   1.128884e+02 -2.525843e+01 5.036593e-07
      vertex   1.120859e+02 -3.196781e+01 5.036593e-07
      vertex   1.118085e+02 -3.218195e+01 5.036593e-07
    endloop
  endfacet
  facet normal -0.000000e+00 0.000000e+00 -1.000000e+00
    outer loop
      vertex   1.131972e+02 -2.594911e+01 5.036593e-07
      vertex   1.120859e+02 -3.196781e+01 5.036593e-07
      vertex   1.128884e+02 -2.525843e+01 5.036593e-07
    endloop
  endfacet
  facet normal 0.000000e+00 0.000000e+00 -1.000000e+00
    outer loop
      vertex   1.131972e+02 -2.594911e+01 5.036593e-07
      vertex   1.123914e+02 -3.179633e+01 5.036593e-07
      vertex   1.120859e+02 -3.196781e+01 5.036593e-07
    endloop
  endfacet
  facet normal -0.000000e+00 0.000000e+00 -1.000000e+00
    outer loop
      vertex   1.135500e+02 -2.661839e+01 5.036593e-07
      vertex   1.123914e+02 -3.179633e+01 5.036593e-07
      vertex   1.131972e+02 -2.594911e+01 5.036593e-07
    endloop
  endfacet
  facet normal 0.000000e+00 0.000000e+00 -1.000000e+00
    outer loop
      vertex   1.135500e+02 -2.661839e+01 5.036593e-07
      vertex   1.127187e+02 -3.167116e+01 5.036593e-07
      vertex   1.123914e+02 -3.179633e+01 5.036593e-07
    endloop
  endfacet
  facet normal 0.000000e+00 0.000000e+00 -1.000000e+00
    outer loop
      vertex   1.135500e+02 -2.661839e+01 5.036593e-07
      vertex   1.130607e+02 -3.159498e+01 5.036593e-07
      vertex   1.127187e+02 -3.167116e+01 5.036593e-07
    endloop
  endfacet
  facet normal -0.000000e+00 0.000000e+00 -1.000000e+00
    outer loop
      vertex   1.139453e+02 -2.726346e+01 5.036593e-07
      vertex   1.130607e+02 -3.159498e+01 5.036593e-07
      vertex   1.135500e+02 -2.661839e+01 5.036593e-07
    endloop
  endfacet
  facet normal 0.000000e+00 0.000000e+00 -1.000000e+00
    outer loop
      vertex   1.156189e+02 -3.303075e+01 5.036593e-07
      vertex   1.168758e+02 -3.036535e+01 5.036593e-07
      vertex   1.172203e+02 -3.073172e+01 5.036593e-07
    endloop
  endfacet
  facet normal 0.000000e+00 0.000000e+00 -1.000000e+00
    outer loop
      vertex   1.156189e+02 -3.303075e+01 5.036593e-07
      vertex   1.164962e+02 -3.003545e+01 5.036593e-07
      vertex   1.168758e+02 -3.036535e+01 5.036593e-07
    endloop
  endfacet
  facet normal 0.000000e+00 0.000000e+00 -1.000000e+00
    outer loop
      vertex   1.154587e+02 -3.271915e+01 5.036593e-07
      vertex   1.164962e+02 -3.003545e+01 5.036593e-07
      vertex   1.156189e+02 -3.303075e+01 5.036593e-07
    endloop
  endfacet
  facet normal 0.000000e+00 0.000000e+00 -1.000000e+00
    outer loop
      vertex   1.152548e+02 -3.243419e+01 5.036593e-07
      vertex   1.164962e+02 -3.003545e+01 5.036593e-07
      vertex   1.154587e+02 -3.271915e+01 5.036593e-07
    endloop
  endfacet
  facet normal 0.000000e+00 0.000000e+00 -1.000000e+00
    outer loop
      vertex   1.152548e+02 -3.243419e+01 5.036593e-07
      vertex   1.159163e+02 -2.954947e+01 5.036593e-07
      vertex   1.164962e+02 -3.003545e+01 5.036593e-07
    endloop
  endfacet
  facet normal 0.000000e+00 0.000000e+00 -1.000000e+00
    outer loop
      vertex   1.150117e+02 -3.218195e+01 5.036593e-07
      vertex   1.159163e+02 -2.954947e+01 5.036593e-07
      vertex   1.152548e+02 -3.243419e+01 5.036593e-07
    endloop
  endfacet
  facet normal 0.000000e+00 0.000000e+00 -1.000000e+00
    outer loop
      vertex   1.150117e+02 -3.218195e+01 5.036593e-07
      vertex   1.153691e+02 -2.902703e+01 5.036593e-07
      vertex   1.159163e+02 -2.954947e+01 5.036593e-07
    endloop
  endfacet
  facet normal 0.000000e+00 0.000000e+00 -1.000000e+00
    outer loop
      vertex   1.147343e+02 -3.196781e+01 5.036593e-07
      vertex   1.153691e+02 -2.902703e+01 5.036593e-07
      vertex   1.150117e+02 -3.218195e+01 5.036593e-07
    endloop
  endfacet
  facet normal 0.000000e+00 0.000000e+00 -1.000000e+00
    outer loop
      vertex   1.144288e+02 -3.179633e+01 5.036593e-07
      vertex   1.153691e+02 -2.902703e+01 5.036593e-07
      vertex   1.147343e+02 -3.196781e+01 5.036593e-07
    endloop
  endfacet
  facet normal 0.000000e+00 0.000000e+00 -1.000000e+00
    outer loop
      vertex   1.144288e+02 -3.179633e+01 5.036593e-07
      vertex   1.148568e+02 -2.847030e+01 5.036593e-07
      vertex   1.153691e+02 -2.902703e+01 5.036593e-07
    endloop
  endfacet
  facet normal 0.000000e+00 0.000000e+00 -1.000000e+00
    outer loop
      vertex   1.141015e+02 -3.167116e+01 5.036593e-07
      vertex   1.148568e+02 -2.847030e+01 5.036593e-07
      vertex   1.144288e+02 -3.179633e+01 5.036593e-07
    endloop
  endfacet
  facet normal 0.000000e+00 0.000000e+00 -1.000000e+00
    outer loop
      vertex   1.137595e+02 -3.159498e+01 5.036593e-07
      vertex   1.148568e+02 -2.847030e+01 5.036593e-07
      vertex   1.141015e+02 -3.167116e+01 5.036593e-07
    endloop
  endfacet
  facet normal 0.000000e+00 0.000000e+00 -1.000000e+00
    outer loop
      vertex   1.137595e+02 -3.159498e+01 5.036593e-07
      vertex   1.143815e+02 -2.788162e+01 5.036593e-07
      vertex   1.148568e+02 -2.847030e+01 5.036593e-07
    endloop
  endfacet
  facet normal 0.000000e+00 0.000000e+00 -1.000000e+00
    outer loop
      vertex   1.134101e+02 -3.156941e+01 5.036593e-07
      vertex   1.143815e+02 -2.788162e+01 5.036593e-07
      vertex   1.137595e+02 -3.159498e+01 5.036593e-07
    endloop
  endfacet
  facet normal 0.000000e+00 0.000000e+00 -1.000000e+00
    outer loop
      vertex   1.134101e+02 -3.156941e+01 5.036593e-07
      vertex   1.139453e+02 -2.726346e+01 5.036593e-07
      vertex   1.143815e+02 -2.788162e+01 5.036593e-07
    endloop
  endfacet
  facet normal 0.000000e+00 0.000000e+00 -1.000000e+00
    outer loop
      vertex   1.130607e+02 -3.159498e+01 5.036593e-07
      vertex   1.139453e+02 -2.726346e+01 5.036593e-07
      vertex   1.134101e+02 -3.156941e+01 5.036593e-07
    endloop
  endfacet
  facet normal 0.000000e+00 0.000000e+00 -1.000000e+00
    outer loop
      vertex   1.037095e+02 -1.786586e+01 5.036593e-07
      vertex   1.051769e+02 -1.585529e+01 5.036593e-07
      vertex   1.052527e+02 -1.620384e+01 5.036593e-07
    endloop
  endfacet
  facet normal 0.000000e+00 0.000000e+00 -1.000000e+00
    outer loop
      vertex   1.034777e+02 -1.745022e+01 5.036593e-07
      vertex   1.051769e+02 -1.585529e+01 5.036593e-07
      vertex   1.037095e+02 -1.786586e+01 5.036593e-07
    endloop
  endfacet
  facet normal 0.000000e+00 0.000000e+00 -1.000000e+00
    outer loop
      vertex   1.032911e+02 -1.701243e+01 5.036593e-07
      vertex   1.051769e+02 -1.585529e+01 5.036593e-07
      vertex   1.034777e+02 -1.745022e+01 5.036593e-07
    endloop
  endfacet
  facet normal 0.000000e+00 0.000000e+00 -1.000000e+00
    outer loop
      vertex   1.032911e+02 -1.701243e+01 5.036593e-07
      vertex   1.051515e+02 -1.549950e+01 5.036593e-07
      vertex   1.051769e+02 -1.585529e+01 5.036593e-07
    endloop
  endfacet
  facet normal 0.000000e+00 0.000000e+00 -1.000000e+00
    outer loop
      vertex   1.031518e+02 -1.655737e+01 5.036593e-07
      vertex   1.051515e+02 -1.549950e+01 5.036593e-07
      vertex   1.032911e+02 -1.701243e+01 5.036593e-07
    endloop
  endfacet
  facet normal 0.000000e+00 0.000000e+00 -1.000000e+00
    outer loop
      vertex   1.030613e+02 -1.609015e+01 5.036593e-07
      vertex   1.051515e+02 -1.549950e+01 5.036593e-07
      vertex   1.031518e+02 -1.655737e+01 5.036593e-07
    endloop
  endfacet
  facet normal 0.000000e+00 0.000000e+00 -1.000000e+00
    outer loop
      vertex   1.030207e+02 -1.561598e+01 5.036593e-07
      vertex   1.051515e+02 -1.549950e+01 5.036593e-07
      vertex   1.030613e+02 -1.609015e+01 5.036593e-07
    endloop
  endfacet
  facet normal 0.000000e+00 -0.000000e+00 -1.000000e+00
    outer loop
      vertex   1.030304e+02 -1.514018e+01 5.036593e-07
      vertex   1.051515e+02 -1.549950e+01 5.036593e-07
      vertex   1.030207e+02 -1.561598e+01 5.036593e-07
    endloop
  endfacet
  facet normal 0.000000e+00 -0.000000e+00 -1.000000e+00
    outer loop
      vertex   1.030902e+02 -1.466805e+01 5.036593e-07
      vertex   1.051515e+02 -1.549950e+01 5.036593e-07
      vertex   1.030304e+02 -1.514018e+01 5.036593e-07
    endloop
  endfacet
  facet normal 0.000000e+00 -0.000000e+00 -1.000000e+00
    outer loop
      vertex   1.031996e+02 -1.420489e+01 5.036593e-07
      vertex   1.051515e+02 -1.549950e+01 5.036593e-07
      vertex   1.030902e+02 -1.466805e+01 5.036593e-07
    endloop
  endfacet
  facet normal 0.000000e+00 0.000000e+00 -1.000000e+00
    outer loop
      vertex   1.031996e+02 -1.420489e+01 5.036593e-07
      vertex   1.051770e+02 -1.514371e+01 5.036593e-07
      vertex   1.051515e+02 -1.549950e+01 5.036593e-07
    endloop
  endfacet
  facet normal 0.000000e+00 -0.000000e+00 -1.000000e+00
    outer loop
      vertex   1.033573e+02 -1.375587e+01 5.036593e-07
      vertex   1.051770e+02 -1.514371e+01 5.036593e-07
      vertex   1.031996e+02 -1.420489e+01 5.036593e-07
    endloop
  endfacet
  facet normal 0.000000e+00 -0.000000e+00 -1.000000e+00
    outer loop
      vertex   1.035616e+02 -1.332602e+01 5.036593e-07
      vertex   1.051770e+02 -1.514371e+01 5.036593e-07
      vertex   1.033573e+02 -1.375587e+01 5.036593e-07
    endloop
  endfacet
  facet normal 0.000000e+00 -0.000000e+00 -1.000000e+00
    outer loop
      vertex   1.038100e+02 -1.292014e+01 5.036593e-07
      vertex   1.051770e+02 -1.514371e+01 5.036593e-07
      vertex   1.035616e+02 -1.332602e+01 5.036593e-07
    endloop
  endfacet
  facet normal 0.000000e+00 0.000000e+00 -1.000000e+00
    outer loop
      vertex   1.038100e+02 -1.292014e+01 5.036593e-07
      vertex   1.052528e+02 -1.479517e+01 5.036593e-07
      vertex   1.051770e+02 -1.514371e+01 5.036593e-07
    endloop
  endfacet
  facet normal 0.000000e+00 -0.000000e+00 -1.000000e+00
    outer loop
      vertex   1.041000e+02 -1.254277e+01 5.036593e-07
      vertex   1.052528e+02 -1.479517e+01 5.036593e-07
      vertex   1.038100e+02 -1.292014e+01 5.036593e-07
    endloop
  endfacet
  facet normal 0.000000e+00 0.000000e+00 -1.000000e+00
    outer loop
      vertex   1.041000e+02 -1.254277e+01 5.036593e-07
      vertex   1.053775e+02 -1.446097e+01 5.036593e-07
      vertex   1.052528e+02 -1.479517e+01 5.036593e-07
    endloop
  endfacet
  facet normal 0.000000e+00 -0.000000e+00 -1.000000e+00
    outer loop
      vertex   1.044282e+02 -1.219814e+01 5.036593e-07
      vertex   1.053775e+02 -1.446097e+01 5.036593e-07
      vertex   1.041000e+02 -1.254277e+01 5.036593e-07
    endloop
  endfacet
  facet normal 0.000000e+00 0.000000e+00 -1.000000e+00
    outer loop
      vertex   1.044282e+02 -1.219814e+01 5.036593e-07
      vertex   1.055484e+02 -1.414792e+01 5.036593e-07
      vertex   1.053775e+02 -1.446097e+01 5.036593e-07
    endloop
  endfacet
  facet normal 0.000000e+00 -0.000000e+00 -1.000000e+00
    outer loop
      vertex   1.047909e+02 -1.189009e+01 5.036593e-07
      vertex   1.055484e+02 -1.414792e+01 5.036593e-07
      vertex   1.044282e+02 -1.219814e+01 5.036593e-07
    endloop
  endfacet
  facet normal 0.000000e+00 0.000000e+00 -1.000000e+00
    outer loop
      vertex   1.047909e+02 -1.189009e+01 5.036593e-07
      vertex   1.057622e+02 -1.386238e+01 5.036593e-07
      vertex   1.055484e+02 -1.414792e+01 5.036593e-07
    endloop
  endfacet
  facet normal 0.000000e+00 -0.000000e+00 -1.000000e+00
    outer loop
      vertex   1.051842e+02 -1.162207e+01 5.036593e-07
      vertex   1.057622e+02 -1.386238e+01 5.036593e-07
      vertex   1.047909e+02 -1.189009e+01 5.036593e-07
    endloop
  endfacet
  facet normal 0.000000e+00 0.000000e+00 -1.000000e+00
    outer loop
      vertex   1.051842e+02 -1.162207e+01 5.036593e-07
      vertex   1.060145e+02 -1.361018e+01 5.036593e-07
      vertex   1.057622e+02 -1.386238e+01 5.036593e-07
    endloop
  endfacet
  facet normal 0.000000e+00 -0.000000e+00 -1.000000e+00
    outer loop
      vertex   1.056036e+02 -1.139709e+01 5.036593e-07
      vertex   1.060145e+02 -1.361018e+01 5.036593e-07
      vertex   1.051842e+02 -1.162207e+01 5.036593e-07
    endloop
  endfacet
  facet normal 0.000000e+00 0.000000e+00 -1.000000e+00
    outer loop
      vertex   1.056036e+02 -1.139709e+01 5.036593e-07
      vertex   1.063000e+02 -1.339643e+01 5.036593e-07
      vertex   1.060145e+02 -1.361018e+01 5.036593e-07
    endloop
  endfacet
  facet normal 0.000000e+00 -0.000000e+00 -1.000000e+00
    outer loop
      vertex   1.060443e+02 -1.121765e+01 5.036593e-07
      vertex   1.063000e+02 -1.339643e+01 5.036593e-07
      vertex   1.056036e+02 -1.139709e+01 5.036593e-07
    endloop
  endfacet
  facet normal 0.000000e+00 0.000000e+00 -1.000000e+00
    outer loop
      vertex   1.060443e+02 -1.121765e+01 5.036593e-07
      vertex   1.066131e+02 -1.322551e+01 5.036593e-07
      vertex   1.063000e+02 -1.339643e+01 5.036593e-07
    endloop
  endfacet
  facet normal 0.000000e+00 -0.000000e+00 -1.000000e+00
    outer loop
      vertex   1.065016e+02 -1.108576e+01 5.036593e-07
      vertex   1.066131e+02 -1.322551e+01 5.036593e-07
      vertex   1.060443e+02 -1.121765e+01 5.036593e-07
    endloop
  endfacet
  facet normal 0.000000e+00 0.000000e+00 -1.000000e+00
    outer loop
      vertex   1.065016e+02 -1.108576e+01 5.036593e-07
      vertex   1.069473e+02 -1.310087e+01 5.036593e-07
      vertex   1.066131e+02 -1.322551e+01 5.036593e-07
    endloop
  endfacet
  facet normal 0.000000e+00 0.000000e+00 -1.000000e+00
    outer loop
      vertex   1.069702e+02 -1.100290e+01 5.036593e-07
      vertex   1.069473e+02 -1.310087e+01 5.036593e-07
      vertex   1.065016e+02 -1.108576e+01 5.036593e-07
    endloop
  endfacet
  facet normal 0.000000e+00 -0.000000e+00 -1.000000e+00
    outer loop
      vertex   1.069702e+02 -1.100290e+01 5.036593e-07
      vertex   1.072959e+02 -1.302507e+01 5.036593e-07
      vertex   1.069473e+02 -1.310087e+01 5.036593e-07
    endloop
  endfacet
  facet normal 0.000000e+00 0.000000e+00 -1.000000e+00
    outer loop
      vertex   1.074450e+02 -1.097000e+01 5.036593e-07
      vertex   1.072959e+02 -1.302507e+01 5.036593e-07
      vertex   1.069702e+02 -1.100290e+01 5.036593e-07
    endloop
  endfacet
  facet normal 0.000000e+00 -0.000000e+00 -1.000000e+00
    outer loop
      vertex   1.074450e+02 -1.097000e+01 5.036593e-07
      vertex   1.076516e+02 -1.299965e+01 5.036593e-07
      vertex   1.072959e+02 -1.302507e+01 5.036593e-07
    endloop
  endfacet
  facet normal -0.000000e+00 0.000000e+00 -1.000000e+00
    outer loop
      vertex   1.079206e+02 -1.098742e+01 5.036593e-07
      vertex   1.076516e+02 -1.299965e+01 5.036593e-07
      vertex   1.074450e+02 -1.097000e+01 5.036593e-07
    endloop
  endfacet
  facet normal 0.000000e+00 -0.000000e+00 -1.000000e+00
    outer loop
      vertex   1.079206e+02 -1.098742e+01 5.036593e-07
      vertex   1.080074e+02 -1.302511e+01 5.036593e-07
      vertex   1.076516e+02 -1.299965e+01 5.036593e-07
    endloop
  endfacet
  facet normal -0.000000e+00 0.000000e+00 -1.000000e+00
    outer loop
      vertex   1.083917e+02 -1.105497e+01 5.036593e-07
      vertex   1.080074e+02 -1.302511e+01 5.036593e-07
      vertex   1.079206e+02 -1.098742e+01 5.036593e-07
    endloop
  endfacet
  facet normal 0.000000e+00 0.000000e+00 -1.000000e+00
    outer loop
      vertex   1.083917e+02 -1.105497e+01 5.036593e-07
      vertex   1.083560e+02 -1.310096e+01 5.036593e-07
      vertex   1.080074e+02 -1.302511e+01 5.036593e-07
    endloop
  endfacet
  facet normal -0.000000e+00 0.000000e+00 -1.000000e+00
    outer loop
      vertex   1.088530e+02 -1.117189e+01 5.036593e-07
      vertex   1.083560e+02 -1.310096e+01 5.036593e-07
      vertex   1.083917e+02 -1.105497e+01 5.036593e-07
    endloop
  endfacet
  facet normal 0.000000e+00 0.000000e+00 -1.000000e+00
    outer loop
      vertex   1.088530e+02 -1.117189e+01 5.036593e-07
      vertex   1.086902e+02 -1.322563e+01 5.036593e-07
      vertex   1.083560e+02 -1.310096e+01 5.036593e-07
    endloop
  endfacet
  facet normal -0.000000e+00 0.000000e+00 -1.000000e+00
    outer loop
      vertex   1.092994e+02 -1.133688e+01 5.036593e-07
      vertex   1.086902e+02 -1.322563e+01 5.036593e-07
      vertex   1.088530e+02 -1.117189e+01 5.036593e-07
    endloop
  endfacet
  facet normal 0.000000e+00 0.000000e+00 -1.000000e+00
    outer loop
      vertex   1.092994e+02 -1.133688e+01 5.036593e-07
      vertex   1.090032e+02 -1.339659e+01 5.036593e-07
      vertex   1.086902e+02 -1.322563e+01 5.036593e-07
    endloop
  endfacet
  facet normal -0.000000e+00 0.000000e+00 -1.000000e+00
    outer loop
      vertex   1.097259e+02 -1.154809e+01 5.036593e-07
      vertex   1.090032e+02 -1.339659e+01 5.036593e-07
      vertex   1.092994e+02 -1.133688e+01 5.036593e-07
    endloop
  endfacet
  facet normal 0.000000e+00 0.000000e+00 -1.000000e+00
    outer loop
      vertex   1.097259e+02 -1.154809e+01 5.036593e-07
      vertex   1.092888e+02 -1.361037e+01 5.036593e-07
      vertex   1.090032e+02 -1.339659e+01 5.036593e-07
    endloop
  endfacet
  facet normal -0.000000e+00 0.000000e+00 -1.000000e+00
    outer loop
      vertex   1.101276e+02 -1.180315e+01 5.036593e-07
      vertex   1.092888e+02 -1.361037e+01 5.036593e-07
      vertex   1.097259e+02 -1.154809e+01 5.036593e-07
    endloop
  endfacet
  facet normal 0.000000e+00 0.000000e+00 -1.000000e+00
    outer loop
      vertex   1.101276e+02 -1.180315e+01 5.036593e-07
      vertex   1.095410e+02 -1.386261e+01 5.036593e-07
      vertex   1.092888e+02 -1.361037e+01 5.036593e-07
    endloop
  endfacet
  facet normal 0.000000e+00 0.000000e+00 -1.000000e+00
    outer loop
      vertex   1.101276e+02 -1.180315e+01 5.036593e-07
      vertex   1.097547e+02 -1.414817e+01 5.036593e-07
      vertex   1.095410e+02 -1.386261e+01 5.036593e-07
    endloop
  endfacet
  facet normal -0.000000e+00 0.000000e+00 -1.000000e+00
    outer loop
      vertex   1.105002e+02 -1.209922e+01 5.036593e-07
      vertex   1.097547e+02 -1.414817e+01 5.036593e-07
      vertex   1.101276e+02 -1.180315e+01 5.036593e-07
    endloop
  endfacet
  facet normal -0.000000e+00 0.000000e+00 -1.000000e+00
    outer loop
      vertex   1.108395e+02 -1.243298e+01 5.036593e-07
      vertex   1.097547e+02 -1.414817e+01 5.036593e-07
      vertex   1.105002e+02 -1.209922e+01 5.036593e-07
    endloop
  endfacet
  facet normal 0.000000e+00 0.000000e+00 -1.000000e+00
    outer loop
      vertex   1.108395e+02 -1.243298e+01 5.036593e-07
      vertex   1.099256e+02 -1.446125e+01 5.036593e-07
      vertex   1.097547e+02 -1.414817e+01 5.036593e-07
    endloop
  endfacet
  facet normal -0.000000e+00 0.000000e+00 -1.000000e+00
    outer loop
      vertex   1.111416e+02 -1.280071e+01 5.036593e-07
      vertex   1.099256e+02 -1.446125e+01 5.036593e-07
      vertex   1.108395e+02 -1.243298e+01 5.036593e-07
    endloop
  endfacet
  facet normal 0.000000e+00 0.000000e+00 -1.000000e+00
    outer loop
      vertex   1.111416e+02 -1.280071e+01 5.036593e-07
      vertex   1.100503e+02 -1.479546e+01 5.036593e-07
      vertex   1.099256e+02 -1.446125e+01 5.036593e-07
    endloop
  endfacet
  facet normal -0.000000e+00 0.000000e+00 -1.000000e+00
    outer loop
      vertex   1.114032e+02 -1.319828e+01 5.036593e-07
      vertex   1.100503e+02 -1.479546e+01 5.036593e-07
      vertex   1.111416e+02 -1.280071e+01 5.036593e-07
    endloop
  endfacet
  facet normal 0.000000e+00 0.000000e+00 -1.000000e+00
    outer loop
      vertex   1.114032e+02 -1.319828e+01 5.036593e-07
      vertex   1.101261e+02 -1.514401e+01 5.036593e-07
      vertex   1.100503e+02 -1.479546e+01 5.036593e-07
    endloop
  endfacet
  facet normal -0.000000e+00 0.000000e+00 -1.000000e+00
    outer loop
      vertex   1.116213e+02 -1.362125e+01 5.036593e-07
      vertex   1.101261e+02 -1.514401e+01 5.036593e-07
      vertex   1.114032e+02 -1.319828e+01 5.036593e-07
    endloop
  endfacet
  facet normal -0.000000e+00 0.000000e+00 -1.000000e+00
    outer loop
      vertex   1.117935e+02 -1.406489e+01 5.036593e-07
      vertex   1.101261e+02 -1.514401e+01 5.036593e-07
      vertex   1.116213e+02 -1.362125e+01 5.036593e-07
    endloop
  endfacet
  facet normal -0.000000e+00 0.000000e+00 -1.000000e+00
    outer loop
      vertex   1.119179e+02 -1.452424e+01 5.036593e-07
      vertex   1.101261e+02 -1.514401e+01 5.036593e-07
      vertex   1.117935e+02 -1.406489e+01 5.036593e-07
    endloop
  endfacet
  facet normal 0.000000e+00 0.000000e+00 -1.000000e+00
    outer loop
      vertex   1.119179e+02 -1.452424e+01 5.036593e-07
      vertex   1.101515e+02 -1.549980e+01 5.036593e-07
      vertex   1.101261e+02 -1.514401e+01 5.036593e-07
    endloop
  endfacet
  facet normal -0.000000e+00 0.000000e+00 -1.000000e+00
    outer loop
      vertex   1.119931e+02 -1.499417e+01 5.036593e-07
      vertex   1.101515e+02 -1.549980e+01 5.036593e-07
      vertex   1.119179e+02 -1.452424e+01 5.036593e-07
    endloop
  endfacet
  facet normal -0.000000e+00 0.000000e+00 -1.000000e+00
    outer loop
      vertex   1.120183e+02 -1.546940e+01 5.036593e-07
      vertex   1.101515e+02 -1.549980e+01 5.036593e-07
      vertex   1.119931e+02 -1.499417e+01 5.036593e-07
    endloop
  endfacet
  facet normal 0.000000e+00 0.000000e+00 -1.000000e+00
    outer loop
      vertex   1.101260e+02 -1.585558e+01 5.036593e-07
      vertex   1.101515e+02 -1.549980e+01 5.036593e-07
      vertex   1.120183e+02 -1.546940e+01 5.036593e-07
    endloop
  endfacet
  facet normal 0.000000e+00 0.000000e+00 -1.000000e+00
    outer loop
      vertex   1.120183e+02 -1.546940e+01 5.036593e-07
      vertex   1.100502e+02 -1.620412e+01 5.036593e-07
      vertex   1.101260e+02 -1.585558e+01 5.036593e-07
    endloop
  endfacet
  facet normal 0.000000e+00 0.000000e+00 -1.000000e+00
    outer loop
      vertex   1.120183e+02 -1.546940e+01 5.036593e-07
      vertex   1.099255e+02 -1.653832e+01 5.036593e-07
      vertex   1.100502e+02 -1.620412e+01 5.036593e-07
    endloop
  endfacet
  facet normal 0.000000e+00 0.000000e+00 -1.000000e+00
    outer loop
      vertex   1.120183e+02 -2.083131e+01 5.036593e-07
      vertex   1.099255e+02 -1.653832e+01 5.036593e-07
      vertex   1.120183e+02 -1.546940e+01 5.036593e-07
    endloop
  endfacet
  facet normal 0.000000e+00 0.000000e+00 -1.000000e+00
    outer loop
      vertex   1.120183e+02 -2.083131e+01 5.036593e-07
      vertex   1.097546e+02 -1.685137e+01 5.036593e-07
      vertex   1.099255e+02 -1.653832e+01 5.036593e-07
    endloop
  endfacet
  facet normal 0.000000e+00 0.000000e+00 -1.000000e+00
    outer loop
      vertex   1.120183e+02 -2.083131e+01 5.036593e-07
      vertex   1.095408e+02 -1.713691e+01 5.036593e-07
      vertex   1.097546e+02 -1.685137e+01 5.036593e-07
    endloop
  endfacet
  facet normal 0.000000e+00 0.000000e+00 -1.000000e+00
    outer loop
      vertex   1.092885e+02 -1.738912e+01 5.036593e-07
      vertex   1.095408e+02 -1.713691e+01 5.036593e-07
      vertex   1.120183e+02 -2.083131e+01 5.036593e-07
    endloop
  endfacet
  facet normal 0.000000e+00 0.000000e+00 -1.000000e+00
    outer loop
      vertex   1.083158e+02 -2.251743e+01 5.036593e-07
      vertex   1.120183e+02 -2.083131e+01 5.036593e-07
      vertex   1.120428e+02 -2.158749e+01 5.036593e-07
    endloop
  endfacet
  facet normal 0.000000e+00 0.000000e+00 -1.000000e+00
    outer loop
      vertex   1.083158e+02 -2.251743e+01 5.036593e-07
      vertex   1.092885e+02 -1.738912e+01 5.036593e-07
      vertex   1.120183e+02 -2.083131e+01 5.036593e-07
    endloop
  endfacet
  facet normal 0.000000e+00 0.000000e+00 -1.000000e+00
    outer loop
      vertex   1.081990e+02 -2.209855e+01 5.036593e-07
      vertex   1.092885e+02 -1.738912e+01 5.036593e-07
      vertex   1.083158e+02 -2.251743e+01 5.036593e-07
    endloop
  endfacet
  facet normal 0.000000e+00 0.000000e+00 -1.000000e+00
    outer loop
      vertex   1.081990e+02 -2.209855e+01 5.036593e-07
      vertex   1.090030e+02 -1.760286e+01 5.036593e-07
      vertex   1.092885e+02 -1.738912e+01 5.036593e-07
    endloop
  endfacet
  facet normal 0.000000e+00 0.000000e+00 -1.000000e+00
    outer loop
      vertex   1.080375e+02 -2.169483e+01 5.036593e-07
      vertex   1.090030e+02 -1.760286e+01 5.036593e-07
      vertex   1.081990e+02 -2.209855e+01 5.036593e-07
    endloop
  endfacet
  facet normal 0.000000e+00 0.000000e+00 -1.000000e+00
    outer loop
      vertex   1.080375e+02 -2.169483e+01 5.036593e-07
      vertex   1.086899e+02 -1.777379e+01 5.036593e-07
      vertex   1.090030e+02 -1.760286e+01 5.036593e-07
    endloop
  endfacet
  facet normal 0.000000e+00 0.000000e+00 -1.000000e+00
    outer loop
      vertex   1.078330e+02 -2.131103e+01 5.036593e-07
      vertex   1.086899e+02 -1.777379e+01 5.036593e-07
      vertex   1.080375e+02 -2.169483e+01 5.036593e-07
    endloop
  endfacet
  facet normal 0.000000e+00 0.000000e+00 -1.000000e+00
    outer loop
      vertex   1.078330e+02 -2.131103e+01 5.036593e-07
      vertex   1.083557e+02 -1.789842e+01 5.036593e-07
      vertex   1.086899e+02 -1.777379e+01 5.036593e-07
    endloop
  endfacet
  facet normal 0.000000e+00 0.000000e+00 -1.000000e+00
    outer loop
      vertex   1.075881e+02 -2.095170e+01 5.036593e-07
      vertex   1.083557e+02 -1.789842e+01 5.036593e-07
      vertex   1.078330e+02 -2.131103e+01 5.036593e-07
    endloop
  endfacet
  facet normal 0.000000e+00 0.000000e+00 -1.000000e+00
    outer loop
      vertex   1.075881e+02 -2.095170e+01 5.036593e-07
      vertex   1.080071e+02 -1.797422e+01 5.036593e-07
      vertex   1.083557e+02 -1.789842e+01 5.036593e-07
    endloop
  endfacet
  facet normal 0.000000e+00 0.000000e+00 -1.000000e+00
    outer loop
      vertex   1.073057e+02 -2.062106e+01 5.036593e-07
      vertex   1.080071e+02 -1.797422e+01 5.036593e-07
      vertex   1.075881e+02 -2.095170e+01 5.036593e-07
    endloop
  endfacet
  facet normal 0.000000e+00 0.000000e+00 -1.000000e+00
    outer loop
      vertex   1.052527e+02 -1.620384e+01 5.036593e-07
      vertex   1.039839e+02 -1.825470e+01 5.036593e-07
      vertex   1.037095e+02 -1.786586e+01 5.036593e-07
    endloop
  endfacet
  facet normal 0.000000e+00 0.000000e+00 -1.000000e+00
    outer loop
      vertex   1.052527e+02 -1.620384e+01 5.036593e-07
      vertex   1.042978e+02 -1.861239e+01 5.036593e-07
      vertex   1.039839e+02 -1.825470e+01 5.036593e-07
    endloop
  endfacet
  facet normal -0.000000e+00 0.000000e+00 -1.000000e+00
    outer loop
      vertex   1.053774e+02 -1.653805e+01 5.036593e-07
      vertex   1.042978e+02 -1.861239e+01 5.036593e-07
      vertex   1.052527e+02 -1.620384e+01 5.036593e-07
    endloop
  endfacet
  facet normal 0.000000e+00 0.000000e+00 -1.000000e+00
    outer loop
      vertex   1.053774e+02 -1.653805e+01 5.036593e-07
      vertex   1.046477e+02 -1.893493e+01 5.036593e-07
      vertex   1.042978e+02 -1.861239e+01 5.036593e-07
    endloop
  endfacet
  facet normal -0.000000e+00 0.000000e+00 -1.000000e+00
    outer loop
      vertex   1.055483e+02 -1.685112e+01 5.036593e-07
      vertex   1.046477e+02 -1.893493e+01 5.036593e-07
      vertex   1.053774e+02 -1.653805e+01 5.036593e-07
    endloop
  endfacet
  facet normal 0.000000e+00 0.000000e+00 -1.000000e+00
    outer loop
      vertex   1.055483e+02 -1.685112e+01 5.036593e-07
      vertex   1.050298e+02 -1.921871e+01 5.036593e-07
      vertex   1.046477e+02 -1.893493e+01 5.036593e-07
    endloop
  endfacet
  facet normal -0.000000e+00 0.000000e+00 -1.000000e+00
    outer loop
      vertex   1.057620e+02 -1.713669e+01 5.036593e-07
      vertex   1.050298e+02 -1.921871e+01 5.036593e-07
      vertex   1.055483e+02 -1.685112e+01 5.036593e-07
    endloop
  endfacet
  facet normal 0.000000e+00 0.000000e+00 -1.000000e+00
    outer loop
      vertex   1.057620e+02 -1.713669e+01 5.036593e-07
      vertex   1.054397e+02 -1.946055e+01 5.036593e-07
      vertex   1.050298e+02 -1.921871e+01 5.036593e-07
    endloop
  endfacet
  facet normal -0.000000e+00 0.000000e+00 -1.000000e+00
    outer loop
      vertex   1.060142e+02 -1.738892e+01 5.036593e-07
      vertex   1.054397e+02 -1.946055e+01 5.036593e-07
      vertex   1.057620e+02 -1.713669e+01 5.036593e-07
    endloop
  endfacet
  facet normal 0.000000e+00 0.000000e+00 -1.000000e+00
    outer loop
      vertex   1.060142e+02 -1.738892e+01 5.036593e-07
      vertex   1.058728e+02 -1.965775e+01 5.036593e-07
      vertex   1.054397e+02 -1.946055e+01 5.036593e-07
    endloop
  endfacet
  facet normal -0.000000e+00 0.000000e+00 -1.000000e+00
    outer loop
      vertex   1.062998e+02 -1.760270e+01 5.036593e-07
      vertex   1.058728e+02 -1.965775e+01 5.036593e-07
      vertex   1.060142e+02 -1.738892e+01 5.036593e-07
    endloop
  endfacet
  facet normal 0.000000e+00 0.000000e+00 -1.000000e+00
    outer loop
      vertex   1.062998e+02 -1.760270e+01 5.036593e-07
      vertex   1.062683e+02 -1.983853e+01 5.036593e-07
      vertex   1.058728e+02 -1.965775e+01 5.036593e-07
    endloop
  endfacet
  facet normal -0.000000e+00 0.000000e+00 -1.000000e+00
    outer loop
      vertex   1.066128e+02 -1.777367e+01 5.036593e-07
      vertex   1.062683e+02 -1.983853e+01 5.036593e-07
      vertex   1.062998e+02 -1.760270e+01 5.036593e-07
    endloop
  endfacet
  facet normal 0.000000e+00 -0.000000e+00 -1.000000e+00
    outer loop
      vertex   1.066128e+02 -1.777367e+01 5.036593e-07
      vertex   1.066418e+02 -2.006117e+01 5.036593e-07
      vertex   1.062683e+02 -1.983853e+01 5.036593e-07
    endloop
  endfacet
  facet normal -0.000000e+00 0.000000e+00 -1.000000e+00
    outer loop
      vertex   1.069470e+02 -1.789834e+01 5.036593e-07
      vertex   1.066418e+02 -2.006117e+01 5.036593e-07
      vertex   1.066128e+02 -1.777367e+01 5.036593e-07
    endloop
  endfacet
  facet normal -0.000000e+00 0.000000e+00 -1.000000e+00
    outer loop
      vertex   1.072956e+02 -1.797418e+01 5.036593e-07
      vertex   1.066418e+02 -2.006117e+01 5.036593e-07
      vertex   1.069470e+02 -1.789834e+01 5.036593e-07
    endloop
  endfacet
  facet normal 0.000000e+00 0.000000e+00 -1.000000e+00
    outer loop
      vertex   1.072956e+02 -1.797418e+01 5.036593e-07
      vertex   1.069890e+02 -2.032305e+01 5.036593e-07
      vertex   1.066418e+02 -2.006117e+01 5.036593e-07
    endloop
  endfacet
  facet normal -0.000000e+00 0.000000e+00 -1.000000e+00
    outer loop
      vertex   1.076514e+02 -1.799965e+01 5.036593e-07
      vertex   1.069890e+02 -2.032305e+01 5.036593e-07
      vertex   1.072956e+02 -1.797418e+01 5.036593e-07
    endloop
  endfacet
  facet normal 0.000000e+00 0.000000e+00 -1.000000e+00
    outer loop
      vertex   1.076514e+02 -1.799965e+01 5.036593e-07
      vertex   1.073057e+02 -2.062106e+01 5.036593e-07
      vertex   1.069890e+02 -2.032305e+01 5.036593e-07
    endloop
  endfacet
  facet normal 0.000000e+00 0.000000e+00 -1.000000e+00
    outer loop
      vertex   1.080071e+02 -1.797422e+01 5.036593e-07
      vertex   1.073057e+02 -2.062106e+01 5.036593e-07
      vertex   1.076514e+02 -1.799965e+01 5.036593e-07
    endloop
  endfacet
  facet normal 2.881017e-01 9.575998e-01 -0.000000e+00
    outer loop
      vertex   1.125527e+02 -3.621104e+01 4.700001e+00
      vertex   1.125527e+02 -3.621104e+01 9.400000e+00
      vertex   1.128883e+02 -3.631199e+01 9.400000e+00
    endloop
  endfacet
  facet normal 4.244577e-01 9.054478e-01 0.000000e+00
    outer loop
      vertex   1.122355e+02 -3.606232e+01 4.700001e+00
      vertex   1.125527e+02 -3.621104e+01 9.400000e+00
      vertex   1.125527e+02 -3.621104e+01 4.700001e+00
    endloop
  endfacet
  facet normal 4.244577e-01 9.054478e-01 -0.000000e+00
    outer loop
      vertex   1.122355e+02 -3.606232e+01 4.700001e+00
      vertex   1.122355e+02 -3.606232e+01 9.400000e+00
      vertex   1.125527e+02 -3.621104e+01 9.400000e+00
    endloop
  endfacet
  facet normal 5.517622e-01 8.340015e-01 0.000000e+00
    outer loop
      vertex   1.119433e+02 -3.586900e+01 4.700001e+00
      vertex   1.122355e+02 -3.606232e+01 9.400000e+00
      vertex   1.122355e+02 -3.606232e+01 4.700001e+00
    endloop
  endfacet
  facet normal 5.517622e-01 8.340015e-01 -0.000000e+00
    outer loop
      vertex   1.119433e+02 -3.586900e+01 4.700001e+00
      vertex   1.119433e+02 -3.586900e+01 9.400000e+00
      vertex   1.122355e+02 -3.606232e+01 9.400000e+00
    endloop
  endfacet
  facet normal 6.673192e-01 7.447719e-01 0.000000e+00
    outer loop
      vertex   1.116823e+02 -3.563518e+01 4.700001e+00
      vertex   1.119433e+02 -3.586900e+01 9.400000e+00
      vertex   1.119433e+02 -3.586900e+01 4.700001e+00
    endloop
  endfacet
  facet normal 6.673192e-01 7.447719e-01 -0.000000e+00
    outer loop
      vertex   1.116823e+02 -3.563518e+01 4.700001e+00
      vertex   1.116823e+02 -3.563518e+01 9.400000e+00
      vertex   1.119433e+02 -3.586900e+01 9.400000e+00
    endloop
  endfacet
  facet normal 7.686479e-01 6.396721e-01 0.000000e+00
    outer loop
      vertex   1.114582e+02 -3.536586e+01 4.700001e+00
      vertex   1.116823e+02 -3.563518e+01 9.400000e+00
      vertex   1.116823e+02 -3.563518e+01 4.700001e+00
    endloop
  endfacet
  facet normal 7.686479e-01 6.396721e-01 -0.000000e+00
    outer loop
      vertex   1.114582e+02 -3.536586e+01 4.700001e+00
      vertex   1.114582e+02 -3.536586e+01 9.400000e+00
      vertex   1.116823e+02 -3.563518e+01 9.400000e+00
    endloop
  endfacet
  facet normal 8.535933e-01 5.209399e-01 0.000000e+00
    outer loop
      vertex   1.112757e+02 -3.506679e+01 4.700001e+00
      vertex   1.114582e+02 -3.536586e+01 9.400000e+00
      vertex   1.114582e+02 -3.536586e+01 4.700001e+00
    endloop
  endfacet
  facet normal 8.535933e-01 5.209399e-01 -0.000000e+00
    outer loop
      vertex   1.112757e+02 -3.506679e+01 4.700001e+00
      vertex   1.112757e+02 -3.506679e+01 9.400000e+00
      vertex   1.114582e+02 -3.536586e+01 9.400000e+00
    endloop
  endfacet
  facet normal 9.203450e-01 3.911076e-01 0.000000e+00
    outer loop
      vertex   1.111386e+02 -3.474432e+01 4.700001e+00
      vertex   1.112757e+02 -3.506679e+01 9.400000e+00
      vertex   1.112757e+02 -3.506679e+01 4.700001e+00
    endloop
  endfacet
  facet normal 9.203450e-01 3.911076e-01 -0.000000e+00
    outer loop
      vertex   1.111386e+02 -3.474432e+01 4.700001e+00
      vertex   1.111386e+02 -3.474432e+01 9.400000e+00
      vertex   1.112757e+02 -3.506679e+01 9.400000e+00
    endloop
  endfacet
  facet normal 9.674844e-01 2.529306e-01 0.000000e+00
    outer loop
      vertex   1.110500e+02 -3.440533e+01 4.700001e+00
      vertex   1.111386e+02 -3.474432e+01 9.400000e+00
      vertex   1.111386e+02 -3.474432e+01 4.700001e+00
    endloop
  endfacet
  facet normal 9.674844e-01 2.529306e-01 -0.000000e+00
    outer loop
      vertex   1.110500e+02 -3.440533e+01 4.700001e+00
      vertex   1.110500e+02 -3.440533e+01 9.400000e+00
      vertex   1.111386e+02 -3.474432e+01 9.400000e+00
    endloop
  endfacet
  facet normal 9.940011e-01 1.093697e-01 0.000000e+00
    outer loop
      vertex   1.110117e+02 -3.405706e+01 4.700001e+00
      vertex   1.110500e+02 -3.440533e+01 9.400000e+00
      vertex   1.110500e+02 -3.440533e+01 4.700001e+00
    endloop
  endfacet
  facet normal 9.940011e-01 1.093697e-01 -0.000000e+00
    outer loop
      vertex   1.110117e+02 -3.405706e+01 4.700001e+00
      vertex   1.110117e+02 -3.405706e+01 9.400000e+00
      vertex   1.110500e+02 -3.440533e+01 9.400000e+00
    endloop
  endfacet
  facet normal 9.993328e-01 -3.652247e-02 0.000000e+00
    outer loop
      vertex   1.110245e+02 -3.370691e+01 4.700001e+00
      vertex   1.110117e+02 -3.405706e+01 9.400000e+00
      vertex   1.110117e+02 -3.405706e+01 4.700001e+00
    endloop
  endfacet
  facet normal 9.993328e-01 -3.652247e-02 0.000000e+00
    outer loop
      vertex   1.110245e+02 -3.370691e+01 4.700001e+00
      vertex   1.110245e+02 -3.370691e+01 9.400000e+00
      vertex   1.110117e+02 -3.405706e+01 9.400000e+00
    endloop
  endfacet
  facet normal 9.833664e-01 -1.816328e-01 0.000000e+00
    outer loop
      vertex   1.110881e+02 -3.336236e+01 4.700001e+00
      vertex   1.110245e+02 -3.370691e+01 9.400000e+00
      vertex   1.110245e+02 -3.370691e+01 4.700001e+00
    endloop
  endfacet
  facet normal 9.833664e-01 -1.816328e-01 0.000000e+00
    outer loop
      vertex   1.110881e+02 -3.336236e+01 4.700001e+00
      vertex   1.110881e+02 -3.336236e+01 9.400000e+00
      vertex   1.110245e+02 -3.370691e+01 9.400000e+00
    endloop
  endfacet
  facet normal 9.464390e-01 -3.228826e-01 0.000000e+00
    outer loop
      vertex   1.112013e+02 -3.303075e+01 4.700001e+00
      vertex   1.110881e+02 -3.336236e+01 9.400000e+00
      vertex   1.110881e+02 -3.336236e+01 4.700001e+00
    endloop
  endfacet
  facet normal 9.464390e-01 -3.228826e-01 0.000000e+00
    outer loop
      vertex   1.112013e+02 -3.303075e+01 4.700001e+00
      vertex   1.112013e+02 -3.303075e+01 9.400000e+00
      vertex   1.110881e+02 -3.336236e+01 9.400000e+00
    endloop
  endfacet
  facet normal 8.893406e-01 -4.572453e-01 0.000000e+00
    outer loop
      vertex   1.113615e+02 -3.271915e+01 4.700001e+00
      vertex   1.112013e+02 -3.303075e+01 9.400000e+00
      vertex   1.112013e+02 -3.303075e+01 4.700001e+00
    endloop
  endfacet
  facet normal 8.893406e-01 -4.572453e-01 0.000000e+00
    outer loop
      vertex   1.113615e+02 -3.271915e+01 4.700001e+00
      vertex   1.113615e+02 -3.271915e+01 9.400000e+00
      vertex   1.112013e+02 -3.303075e+01 9.400000e+00
    endloop
  endfacet
  facet normal 8.132914e-01 -5.818565e-01 0.000000e+00
    outer loop
      vertex   1.115653e+02 -3.243419e+01 4.700001e+00
      vertex   1.113615e+02 -3.271915e+01 9.400000e+00
      vertex   1.113615e+02 -3.271915e+01 4.700001e+00
    endloop
  endfacet
  facet normal 8.132914e-01 -5.818565e-01 0.000000e+00
    outer loop
      vertex   1.115653e+02 -3.243419e+01 4.700001e+00
      vertex   1.115653e+02 -3.243419e+01 9.400000e+00
      vertex   1.113615e+02 -3.271915e+01 9.400000e+00
    endloop
  endfacet
  facet normal 7.199043e-01 -6.940734e-01 0.000000e+00
    outer loop
      vertex   1.118085e+02 -3.218195e+01 4.700001e+00
      vertex   1.115653e+02 -3.243419e+01 9.400000e+00
      vertex   1.115653e+02 -3.243419e+01 4.700001e+00
    endloop
  endfacet
  facet normal 7.199043e-01 -6.940734e-01 0.000000e+00
    outer loop
      vertex   1.118085e+02 -3.218195e+01 4.700001e+00
      vertex   1.118085e+02 -3.218195e+01 9.400000e+00
      vertex   1.115653e+02 -3.243419e+01 9.400000e+00
    endloop
  endfacet
  facet normal 6.111734e-01 -7.914968e-01 0.000000e+00
    outer loop
      vertex   1.120859e+02 -3.196781e+01 4.700001e+00
      vertex   1.118085e+02 -3.218195e+01 9.400000e+00
      vertex   1.118085e+02 -3.218195e+01 4.700001e+00
    endloop
  endfacet
  facet normal 6.111734e-01 -7.914968e-01 0.000000e+00
    outer loop
      vertex   1.120859e+02 -3.196781e+01 4.700001e+00
      vertex   1.120859e+02 -3.196781e+01 9.400000e+00
      vertex   1.118085e+02 -3.218195e+01 9.400000e+00
    endloop
  endfacet
  facet normal 4.894216e-01 -8.720473e-01 0.000000e+00
    outer loop
      vertex   1.123914e+02 -3.179633e+01 4.700001e+00
      vertex   1.120859e+02 -3.196781e+01 9.400000e+00
      vertex   1.120859e+02 -3.196781e+01 4.700001e+00
    endloop
  endfacet
  facet normal 3.572258e-01 -9.340181e-01 0.000000e+00
    outer loop
      vertex   1.127187e+02 -3.167116e+01 4.700001e+00
      vertex   1.127187e+02 -3.167116e+01 9.400000e+00
      vertex   1.123914e+02 -3.179633e+01 9.400000e+00
    endloop
  endfacet
  facet normal 2.174317e-01 -9.760755e-01 0.000000e+00
    outer loop
      vertex   1.127187e+02 -3.167116e+01 4.700001e+00
      vertex   1.130607e+02 -3.159498e+01 9.400000e+00
      vertex   1.127187e+02 -3.167116e+01 9.400000e+00
    endloop
  endfacet
  facet normal 2.174317e-01 -9.760755e-01 0.000000e+00
    outer loop
      vertex   1.130607e+02 -3.159498e+01 4.700001e+00
      vertex   1.130607e+02 -3.159498e+01 9.400000e+00
      vertex   1.127187e+02 -3.167116e+01 4.700001e+00
    endloop
  endfacet
  facet normal 2.881017e-01 9.575998e-01 0.000000e+00
    outer loop
      vertex   1.128883e+02 -3.631199e+01 9.400000e+00
      vertex   1.128883e+02 -3.631199e+01 4.700001e+00
      vertex   1.125527e+02 -3.621104e+01 4.700001e+00
    endloop
  endfacet
  facet normal 1.455975e-01 9.893439e-01 0.000000e+00
    outer loop
      vertex   1.128883e+02 -3.631199e+01 9.400000e+00
      vertex   1.132349e+02 -3.636300e+01 4.700001e+00
      vertex   1.128883e+02 -3.631199e+01 4.700001e+00
    endloop
  endfacet
  facet normal 1.455975e-01 9.893439e-01 0.000000e+00
    outer loop
      vertex   1.132349e+02 -3.636300e+01 9.400000e+00
      vertex   1.132349e+02 -3.636300e+01 4.700001e+00
      vertex   1.128883e+02 -3.631199e+01 9.400000e+00
    endloop
  endfacet
  facet normal 0.000000e+00 1.000000e+00 0.000000e+00
    outer loop
      vertex   1.132349e+02 -3.636300e+01 9.400000e+00
      vertex   1.135853e+02 -3.636300e+01 4.700001e+00
      vertex   1.132349e+02 -3.636300e+01 4.700001e+00
    endloop
  endfacet
  facet normal 0.000000e+00 1.000000e+00 0.000000e+00
    outer loop
      vertex   1.135853e+02 -3.636300e+01 9.400000e+00
      vertex   1.135853e+02 -3.636300e+01 4.700001e+00
      vertex   1.132349e+02 -3.636300e+01 9.400000e+00
    endloop
  endfacet
  facet normal -1.455975e-01 9.893439e-01 0.000000e+00
    outer loop
      vertex   1.135853e+02 -3.636300e+01 9.400000e+00
      vertex   1.139319e+02 -3.631199e+01 4.700001e+00
      vertex   1.135853e+02 -3.636300e+01 4.700001e+00
    endloop
  endfacet
  facet normal -1.455975e-01 9.893439e-01 0.000000e+00
    outer loop
      vertex   1.139319e+02 -3.631199e+01 9.400000e+00
      vertex   1.139319e+02 -3.631199e+01 4.700001e+00
      vertex   1.135853e+02 -3.636300e+01 9.400000e+00
    endloop
  endfacet
  facet normal -2.881019e-01 9.575998e-01 0.000000e+00
    outer loop
      vertex   1.139319e+02 -3.631199e+01 9.400000e+00
      vertex   1.142674e+02 -3.621104e+01 4.700001e+00
      vertex   1.139319e+02 -3.631199e+01 4.700001e+00
    endloop
  endfacet
  facet normal -2.881019e-01 9.575998e-01 0.000000e+00
    outer loop
      vertex   1.142674e+02 -3.621104e+01 9.400000e+00
      vertex   1.142674e+02 -3.621104e+01 4.700001e+00
      vertex   1.139319e+02 -3.631199e+01 9.400000e+00
    endloop
  endfacet
  facet normal -4.244569e-01 9.054481e-01 0.000000e+00
    outer loop
      vertex   1.142674e+02 -3.621104e+01 9.400000e+00
      vertex   1.145847e+02 -3.606232e+01 4.700001e+00
      vertex   1.142674e+02 -3.621104e+01 4.700001e+00
    endloop
  endfacet
  facet normal -4.244569e-01 9.054481e-01 0.000000e+00
    outer loop
      vertex   1.145847e+02 -3.606232e+01 9.400000e+00
      vertex   1.145847e+02 -3.606232e+01 4.700001e+00
      vertex   1.142674e+02 -3.621104e+01 9.400000e+00
    endloop
  endfacet
  facet normal -5.517622e-01 8.340015e-01 0.000000e+00
    outer loop
      vertex   1.145847e+02 -3.606232e+01 9.400000e+00
      vertex   1.148769e+02 -3.586900e+01 4.700001e+00
      vertex   1.145847e+02 -3.606232e+01 4.700001e+00
    endloop
  endfacet
  facet normal -5.517622e-01 8.340015e-01 0.000000e+00
    outer loop
      vertex   1.148769e+02 -3.586900e+01 9.400000e+00
      vertex   1.148769e+02 -3.586900e+01 4.700001e+00
      vertex   1.145847e+02 -3.606232e+01 9.400000e+00
    endloop
  endfacet
  facet normal -6.673219e-01 7.447694e-01 0.000000e+00
    outer loop
      vertex   1.148769e+02 -3.586900e+01 9.400000e+00
      vertex   1.151379e+02 -3.563518e+01 4.700001e+00
      vertex   1.148769e+02 -3.586900e+01 4.700001e+00
    endloop
  endfacet
  facet normal -6.673219e-01 7.447694e-01 0.000000e+00
    outer loop
      vertex   1.151379e+02 -3.563518e+01 9.400000e+00
      vertex   1.151379e+02 -3.563518e+01 4.700001e+00
      vertex   1.148769e+02 -3.586900e+01 9.400000e+00
    endloop
  endfacet
  facet normal -7.686459e-01 6.396745e-01 0.000000e+00
    outer loop
      vertex   1.151379e+02 -3.563518e+01 9.400000e+00
      vertex   1.153620e+02 -3.536586e+01 4.700001e+00
      vertex   1.151379e+02 -3.563518e+01 4.700001e+00
    endloop
  endfacet
  facet normal -7.686459e-01 6.396745e-01 0.000000e+00
    outer loop
      vertex   1.153620e+02 -3.536586e+01 9.400000e+00
      vertex   1.153620e+02 -3.536586e+01 4.700001e+00
      vertex   1.151379e+02 -3.563518e+01 9.400000e+00
    endloop
  endfacet
  facet normal -8.535933e-01 5.209399e-01 0.000000e+00
    outer loop
      vertex   1.153620e+02 -3.536586e+01 9.400000e+00
      vertex   1.155445e+02 -3.506679e+01 4.700001e+00
      vertex   1.153620e+02 -3.536586e+01 4.700001e+00
    endloop
  endfacet
  facet normal -8.535933e-01 5.209399e-01 0.000000e+00
    outer loop
      vertex   1.155445e+02 -3.506679e+01 9.400000e+00
      vertex   1.155445e+02 -3.506679e+01 4.700001e+00
      vertex   1.153620e+02 -3.536586e+01 9.400000e+00
    endloop
  endfacet
  facet normal -9.203467e-01 3.911035e-01 0.000000e+00
    outer loop
      vertex   1.155445e+02 -3.506679e+01 9.400000e+00
      vertex   1.156815e+02 -3.474432e+01 4.700001e+00
      vertex   1.155445e+02 -3.506679e+01 4.700001e+00
    endloop
  endfacet
  facet normal -9.203467e-01 3.911035e-01 0.000000e+00
    outer loop
      vertex   1.156815e+02 -3.474432e+01 9.400000e+00
      vertex   1.156815e+02 -3.474432e+01 4.700001e+00
      vertex   1.155445e+02 -3.506679e+01 9.400000e+00
    endloop
  endfacet
  facet normal -9.674846e-01 2.529300e-01 0.000000e+00
    outer loop
      vertex   1.156815e+02 -3.474432e+01 9.400000e+00
      vertex   1.157702e+02 -3.440533e+01 4.700001e+00
      vertex   1.156815e+02 -3.474432e+01 4.700001e+00
    endloop
  endfacet
  facet normal -9.674846e-01 2.529300e-01 0.000000e+00
    outer loop
      vertex   1.157702e+02 -3.440533e+01 9.400000e+00
      vertex   1.157702e+02 -3.440533e+01 4.700001e+00
      vertex   1.156815e+02 -3.474432e+01 9.400000e+00
    endloop
  endfacet
  facet normal -9.940005e-01 1.093751e-01 0.000000e+00
    outer loop
      vertex   1.157702e+02 -3.440533e+01 9.400000e+00
      vertex   1.158085e+02 -3.405706e+01 4.700001e+00
      vertex   1.157702e+02 -3.440533e+01 4.700001e+00
    endloop
  endfacet
  facet normal -9.940005e-01 1.093751e-01 0.000000e+00
    outer loop
      vertex   1.158085e+02 -3.405706e+01 9.400000e+00
      vertex   1.158085e+02 -3.405706e+01 4.700001e+00
      vertex   1.157702e+02 -3.440533e+01 9.400000e+00
    endloop
  endfacet
  facet normal -9.993327e-01 -3.652723e-02 -0.000000e+00
    outer loop
      vertex   1.158085e+02 -3.405706e+01 9.400000e+00
      vertex   1.157957e+02 -3.370691e+01 4.700001e+00
      vertex   1.158085e+02 -3.405706e+01 4.700001e+00
    endloop
  endfacet
  facet normal -9.993327e-01 -3.652723e-02 -0.000000e+00
    outer loop
      vertex   1.157957e+02 -3.370691e+01 9.400000e+00
      vertex   1.157957e+02 -3.370691e+01 4.700001e+00
      vertex   1.158085e+02 -3.405706e+01 9.400000e+00
    endloop
  endfacet
  facet normal -9.833663e-01 -1.816335e-01 -0.000000e+00
    outer loop
      vertex   1.157957e+02 -3.370691e+01 9.400000e+00
      vertex   1.157321e+02 -3.336236e+01 4.700001e+00
      vertex   1.157957e+02 -3.370691e+01 4.700001e+00
    endloop
  endfacet
  facet normal -9.833663e-01 -1.816335e-01 -0.000000e+00
    outer loop
      vertex   1.157321e+02 -3.336236e+01 9.400000e+00
      vertex   1.157321e+02 -3.336236e+01 4.700001e+00
      vertex   1.157957e+02 -3.370691e+01 9.400000e+00
    endloop
  endfacet
  facet normal -9.464411e-01 -3.228765e-01 -0.000000e+00
    outer loop
      vertex   1.157321e+02 -3.336236e+01 9.400000e+00
      vertex   1.156189e+02 -3.303075e+01 4.700001e+00
      vertex   1.157321e+02 -3.336236e+01 4.700001e+00
    endloop
  endfacet
  facet normal -9.464411e-01 -3.228765e-01 -0.000000e+00
    outer loop
      vertex   1.156189e+02 -3.303075e+01 9.400000e+00
      vertex   1.156189e+02 -3.303075e+01 4.700001e+00
      vertex   1.157321e+02 -3.336236e+01 9.400000e+00
    endloop
  endfacet
  facet normal -8.893406e-01 -4.572453e-01 -0.000000e+00
    outer loop
      vertex   1.156189e+02 -3.303075e+01 9.400000e+00
      vertex   1.154587e+02 -3.271915e+01 4.700001e+00
      vertex   1.156189e+02 -3.303075e+01 4.700001e+00
    endloop
  endfacet
  facet normal -8.893406e-01 -4.572453e-01 -0.000000e+00
    outer loop
      vertex   1.154587e+02 -3.271915e+01 9.400000e+00
      vertex   1.154587e+02 -3.271915e+01 4.700001e+00
      vertex   1.156189e+02 -3.303075e+01 9.400000e+00
    endloop
  endfacet
  facet normal -8.132885e-01 -5.818606e-01 -0.000000e+00
    outer loop
      vertex   1.154587e+02 -3.271915e+01 9.400000e+00
      vertex   1.152548e+02 -3.243419e+01 4.700001e+00
      vertex   1.154587e+02 -3.271915e+01 4.700001e+00
    endloop
  endfacet
  facet normal -8.132885e-01 -5.818606e-01 -0.000000e+00
    outer loop
      vertex   1.152548e+02 -3.243419e+01 9.400000e+00
      vertex   1.152548e+02 -3.243419e+01 4.700001e+00
      vertex   1.154587e+02 -3.271915e+01 9.400000e+00
    endloop
  endfacet
  facet normal -7.199067e-01 -6.940709e-01 -0.000000e+00
    outer loop
      vertex   1.152548e+02 -3.243419e+01 9.400000e+00
      vertex   1.150117e+02 -3.218195e+01 4.700001e+00
      vertex   1.152548e+02 -3.243419e+01 4.700001e+00
    endloop
  endfacet
  facet normal -7.199067e-01 -6.940709e-01 -0.000000e+00
    outer loop
      vertex   1.150117e+02 -3.218195e+01 9.400000e+00
      vertex   1.150117e+02 -3.218195e+01 4.700001e+00
      vertex   1.152548e+02 -3.243419e+01 9.400000e+00
    endloop
  endfacet
  facet normal -6.111740e-01 -7.914963e-01 -0.000000e+00
    outer loop
      vertex   1.150117e+02 -3.218195e+01 9.400000e+00
      vertex   1.147343e+02 -3.196781e+01 4.700001e+00
      vertex   1.150117e+02 -3.218195e+01 4.700001e+00
    endloop
  endfacet
  facet normal -6.111740e-01 -7.914963e-01 -0.000000e+00
    outer loop
      vertex   1.147343e+02 -3.196781e+01 9.400000e+00
      vertex   1.147343e+02 -3.196781e+01 4.700001e+00
      vertex   1.150117e+02 -3.218195e+01 9.400000e+00
    endloop
  endfacet
  facet normal -4.894187e-01 -8.720489e-01 -0.000000e+00
    outer loop
      vertex   1.147343e+02 -3.196781e+01 9.400000e+00
      vertex   1.144288e+02 -3.179633e+01 4.700001e+00
      vertex   1.147343e+02 -3.196781e+01 4.700001e+00
    endloop
  endfacet
  facet normal -4.894187e-01 -8.720489e-01 -0.000000e+00
    outer loop
      vertex   1.144288e+02 -3.179633e+01 9.400000e+00
      vertex   1.144288e+02 -3.179633e+01 4.700001e+00
      vertex   1.147343e+02 -3.196781e+01 9.400000e+00
    endloop
  endfacet
  facet normal -3.572278e-01 -9.340173e-01 -0.000000e+00
    outer loop
      vertex   1.144288e+02 -3.179633e+01 9.400000e+00
      vertex   1.141015e+02 -3.167116e+01 4.700001e+00
      vertex   1.144288e+02 -3.179633e+01 4.700001e+00
    endloop
  endfacet
  facet normal -3.572278e-01 -9.340173e-01 -0.000000e+00
    outer loop
      vertex   1.141015e+02 -3.167116e+01 9.400000e+00
      vertex   1.141015e+02 -3.167116e+01 4.700001e+00
      vertex   1.144288e+02 -3.179633e+01 9.400000e+00
    endloop
  endfacet
  facet normal -2.174307e-01 -9.760758e-01 -0.000000e+00
    outer loop
      vertex   1.141015e+02 -3.167116e+01 9.400000e+00
      vertex   1.137595e+02 -3.159498e+01 4.700001e+00
      vertex   1.141015e+02 -3.167116e+01 4.700001e+00
    endloop
  endfacet
  facet normal -2.174307e-01 -9.760758e-01 -0.000000e+00
    outer loop
      vertex   1.137595e+02 -3.159498e+01 9.400000e+00
      vertex   1.137595e+02 -3.159498e+01 4.700001e+00
      vertex   1.141015e+02 -3.167116e+01 9.400000e+00
    endloop
  endfacet
  facet normal -7.298937e-02 -9.973327e-01 -0.000000e+00
    outer loop
      vertex   1.137595e+02 -3.159498e+01 9.400000e+00
      vertex   1.134101e+02 -3.156941e+01 4.700001e+00
      vertex   1.137595e+02 -3.159498e+01 4.700001e+00
    endloop
  endfacet
  facet normal -7.298937e-02 -9.973327e-01 -0.000000e+00
    outer loop
      vertex   1.134101e+02 -3.156941e+01 9.400000e+00
      vertex   1.134101e+02 -3.156941e+01 4.700001e+00
      vertex   1.137595e+02 -3.159498e+01 9.400000e+00
    endloop
  endfacet
  facet normal 7.298937e-02 -9.973327e-01 0.000000e+00
    outer loop
      vertex   1.134101e+02 -3.156941e+01 9.400000e+00
      vertex   1.130607e+02 -3.159498e+01 4.700001e+00
      vertex   1.134101e+02 -3.156941e+01 4.700001e+00
    endloop
  endfacet
  facet normal 7.298937e-02 -9.973327e-01 0.000000e+00
    outer loop
      vertex   1.130607e+02 -3.159498e+01 9.400000e+00
      vertex   1.130607e+02 -3.159498e+01 4.700001e+00
      vertex   1.134101e+02 -3.156941e+01 9.400000e+00
    endloop
  endfacet
  facet normal 3.572258e-01 -9.340181e-01 0.000000e+00
    outer loop
      vertex   1.123914e+02 -3.179633e+01 4.700001e+00
      vertex   1.123914e+02 -3.179633e+01 5.036593e-07
      vertex   1.127187e+02 -3.167116e+01 5.036593e-07
    endloop
  endfacet
  facet normal 4.894216e-01 -8.720473e-01 0.000000e+00
    outer loop
      vertex   1.120859e+02 -3.196781e+01 4.700001e+00
      vertex   1.123914e+02 -3.179633e+01 5.036593e-07
      vertex   1.123914e+02 -3.179633e+01 4.700001e+00
    endloop
  endfacet
  facet normal 4.894216e-01 -8.720473e-01 0.000000e+00
    outer loop
      vertex   1.120859e+02 -3.196781e+01 4.700001e+00
      vertex   1.120859e+02 -3.196781e+01 5.036593e-07
      vertex   1.123914e+02 -3.179633e+01 5.036593e-07
    endloop
  endfacet
  facet normal 6.111734e-01 -7.914968e-01 0.000000e+00
    outer loop
      vertex   1.118085e+02 -3.218195e+01 4.700001e+00
      vertex   1.120859e+02 -3.196781e+01 5.036593e-07
      vertex   1.120859e+02 -3.196781e+01 4.700001e+00
    endloop
  endfacet
  facet normal 6.111734e-01 -7.914968e-01 0.000000e+00
    outer loop
      vertex   1.118085e+02 -3.218195e+01 4.700001e+00
      vertex   1.118085e+02 -3.218195e+01 5.036593e-07
      vertex   1.120859e+02 -3.196781e+01 5.036593e-07
    endloop
  endfacet
  facet normal 7.199043e-01 -6.940734e-01 0.000000e+00
    outer loop
      vertex   1.115653e+02 -3.243419e+01 4.700001e+00
      vertex   1.118085e+02 -3.218195e+01 5.036593e-07
      vertex   1.118085e+02 -3.218195e+01 4.700001e+00
    endloop
  endfacet
  facet normal 7.199043e-01 -6.940734e-01 0.000000e+00
    outer loop
      vertex   1.115653e+02 -3.243419e+01 4.700001e+00
      vertex   1.115653e+02 -3.243419e+01 5.036593e-07
      vertex   1.118085e+02 -3.218195e+01 5.036593e-07
    endloop
  endfacet
  facet normal 8.132914e-01 -5.818565e-01 0.000000e+00
    outer loop
      vertex   1.113615e+02 -3.271915e+01 4.700001e+00
      vertex   1.115653e+02 -3.243419e+01 5.036593e-07
      vertex   1.115653e+02 -3.243419e+01 4.700001e+00
    endloop
  endfacet
  facet normal 8.132914e-01 -5.818565e-01 0.000000e+00
    outer loop
      vertex   1.113615e+02 -3.271915e+01 4.700001e+00
      vertex   1.113615e+02 -3.271915e+01 5.036593e-07
      vertex   1.115653e+02 -3.243419e+01 5.036593e-07
    endloop
  endfacet
  facet normal 8.893406e-01 -4.572453e-01 0.000000e+00
    outer loop
      vertex   1.112013e+02 -3.303075e+01 4.700001e+00
      vertex   1.113615e+02 -3.271915e+01 5.036593e-07
      vertex   1.113615e+02 -3.271915e+01 4.700001e+00
    endloop
  endfacet
  facet normal 8.893406e-01 -4.572453e-01 0.000000e+00
    outer loop
      vertex   1.112013e+02 -3.303075e+01 4.700001e+00
      vertex   1.112013e+02 -3.303075e+01 5.036593e-07
      vertex   1.113615e+02 -3.271915e+01 5.036593e-07
    endloop
  endfacet
  facet normal 9.464390e-01 -3.228826e-01 0.000000e+00
    outer loop
      vertex   1.110881e+02 -3.336236e+01 4.700001e+00
      vertex   1.112013e+02 -3.303075e+01 5.036593e-07
      vertex   1.112013e+02 -3.303075e+01 4.700001e+00
    endloop
  endfacet
  facet normal 9.464390e-01 -3.228826e-01 0.000000e+00
    outer loop
      vertex   1.110881e+02 -3.336236e+01 4.700001e+00
      vertex   1.110881e+02 -3.336236e+01 5.036593e-07
      vertex   1.112013e+02 -3.303075e+01 5.036593e-07
    endloop
  endfacet
  facet normal 9.833664e-01 -1.816328e-01 0.000000e+00
    outer loop
      vertex   1.110245e+02 -3.370691e+01 4.700001e+00
      vertex   1.110881e+02 -3.336236e+01 5.036593e-07
      vertex   1.110881e+02 -3.336236e+01 4.700001e+00
    endloop
  endfacet
  facet normal 9.833664e-01 -1.816328e-01 0.000000e+00
    outer loop
      vertex   1.110245e+02 -3.370691e+01 4.700001e+00
      vertex   1.110245e+02 -3.370691e+01 5.036593e-07
      vertex   1.110881e+02 -3.336236e+01 5.036593e-07
    endloop
  endfacet
  facet normal 9.993328e-01 -3.652247e-02 0.000000e+00
    outer loop
      vertex   1.110117e+02 -3.405706e+01 4.700001e+00
      vertex   1.110245e+02 -3.370691e+01 5.036593e-07
      vertex   1.110245e+02 -3.370691e+01 4.700001e+00
    endloop
  endfacet
  facet normal 9.993328e-01 -3.652247e-02 0.000000e+00
    outer loop
      vertex   1.110117e+02 -3.405706e+01 4.700001e+00
      vertex   1.110117e+02 -3.405706e+01 5.036593e-07
      vertex   1.110245e+02 -3.370691e+01 5.036593e-07
    endloop
  endfacet
  facet normal 9.940011e-01 1.093697e-01 0.000000e+00
    outer loop
      vertex   1.110500e+02 -3.440533e+01 4.700001e+00
      vertex   1.110117e+02 -3.405706e+01 5.036593e-07
      vertex   1.110117e+02 -3.405706e+01 4.700001e+00
    endloop
  endfacet
  facet normal 9.940011e-01 1.093697e-01 0.000000e+00
    outer loop
      vertex   1.110500e+02 -3.440533e+01 4.700001e+00
      vertex   1.110500e+02 -3.440533e+01 5.036593e-07
      vertex   1.110117e+02 -3.405706e+01 5.036593e-07
    endloop
  endfacet
  facet normal 9.674844e-01 2.529306e-01 0.000000e+00
    outer loop
      vertex   1.111386e+02 -3.474432e+01 4.700001e+00
      vertex   1.110500e+02 -3.440533e+01 5.036593e-07
      vertex   1.110500e+02 -3.440533e+01 4.700001e+00
    endloop
  endfacet
  facet normal 9.674844e-01 2.529306e-01 0.000000e+00
    outer loop
      vertex   1.111386e+02 -3.474432e+01 4.700001e+00
      vertex   1.111386e+02 -3.474432e+01 5.036593e-07
      vertex   1.110500e+02 -3.440533e+01 5.036593e-07
    endloop
  endfacet
  facet normal 9.203450e-01 3.911076e-01 0.000000e+00
    outer loop
      vertex   1.112757e+02 -3.506679e+01 4.700001e+00
      vertex   1.111386e+02 -3.474432e+01 5.036593e-07
      vertex   1.111386e+02 -3.474432e+01 4.700001e+00
    endloop
  endfacet
  facet normal 9.203450e-01 3.911076e-01 0.000000e+00
    outer loop
      vertex   1.112757e+02 -3.506679e+01 4.700001e+00
      vertex   1.112757e+02 -3.506679e+01 5.036593e-07
      vertex   1.111386e+02 -3.474432e+01 5.036593e-07
    endloop
  endfacet
  facet normal 8.535933e-01 5.209399e-01 0.000000e+00
    outer loop
      vertex   1.114582e+02 -3.536586e+01 4.700001e+00
      vertex   1.112757e+02 -3.506679e+01 5.036593e-07
      vertex   1.112757e+02 -3.506679e+01 4.700001e+00
    endloop
  endfacet
  facet normal 8.535933e-01 5.209399e-01 0.000000e+00
    outer loop
      vertex   1.114582e+02 -3.536586e+01 4.700001e+00
      vertex   1.114582e+02 -3.536586e+01 5.036593e-07
      vertex   1.112757e+02 -3.506679e+01 5.036593e-07
    endloop
  endfacet
  facet normal 7.686479e-01 6.396721e-01 0.000000e+00
    outer loop
      vertex   1.116823e+02 -3.563518e+01 4.700001e+00
      vertex   1.114582e+02 -3.536586e+01 5.036593e-07
      vertex   1.114582e+02 -3.536586e+01 4.700001e+00
    endloop
  endfacet
  facet normal 7.686479e-01 6.396721e-01 0.000000e+00
    outer loop
      vertex   1.116823e+02 -3.563518e+01 4.700001e+00
      vertex   1.116823e+02 -3.563518e+01 5.036593e-07
      vertex   1.114582e+02 -3.536586e+01 5.036593e-07
    endloop
  endfacet
  facet normal 6.673192e-01 7.447719e-01 0.000000e+00
    outer loop
      vertex   1.119433e+02 -3.586900e+01 4.700001e+00
      vertex   1.116823e+02 -3.563518e+01 5.036593e-07
      vertex   1.116823e+02 -3.563518e+01 4.700001e+00
    endloop
  endfacet
  facet normal 6.673192e-01 7.447719e-01 0.000000e+00
    outer loop
      vertex   1.119433e+02 -3.586900e+01 4.700001e+00
      vertex   1.119433e+02 -3.586900e+01 5.036593e-07
      vertex   1.116823e+02 -3.563518e+01 5.036593e-07
    endloop
  endfacet
  facet normal 5.517622e-01 8.340015e-01 0.000000e+00
    outer loop
      vertex   1.122355e+02 -3.606232e+01 4.700001e+00
      vertex   1.119433e+02 -3.586900e+01 5.036593e-07
      vertex   1.119433e+02 -3.586900e+01 4.700001e+00
    endloop
  endfacet
  facet normal 5.517622e-01 8.340015e-01 0.000000e+00
    outer loop
      vertex   1.122355e+02 -3.606232e+01 4.700001e+00
      vertex   1.122355e+02 -3.606232e+01 5.036593e-07
      vertex   1.119433e+02 -3.586900e+01 5.036593e-07
    endloop
  endfacet
  facet normal 4.244577e-01 9.054478e-01 0.000000e+00
    outer loop
      vertex   1.125527e+02 -3.621104e+01 4.700001e+00
      vertex   1.122355e+02 -3.606232e+01 5.036593e-07
      vertex   1.122355e+02 -3.606232e+01 4.700001e+00
    endloop
  endfacet
  facet normal 4.244577e-01 9.054478e-01 0.000000e+00
    outer loop
      vertex   1.125527e+02 -3.621104e+01 4.700001e+00
      vertex   1.125527e+02 -3.621104e+01 5.036593e-07
      vertex   1.122355e+02 -3.606232e+01 5.036593e-07
    endloop
  endfacet
  facet normal 2.881017e-01 9.575998e-01 0.000000e+00
    outer loop
      vertex   1.128883e+02 -3.631199e+01 4.700001e+00
      vertex   1.125527e+02 -3.621104e+01 5.036593e-07
      vertex   1.125527e+02 -3.621104e+01 4.700001e+00
    endloop
  endfacet
  facet normal 2.881017e-01 9.575998e-01 0.000000e+00
    outer loop
      vertex   1.128883e+02 -3.631199e+01 4.700001e+00
      vertex   1.128883e+02 -3.631199e+01 5.036593e-07
      vertex   1.125527e+02 -3.621104e+01 5.036593e-07
    endloop
  endfacet
  facet normal 1.455975e-01 9.893439e-01 0.000000e+00
    outer loop
      vertex   1.128883e+02 -3.631199e+01 4.700001e+00
      vertex   1.132349e+02 -3.636300e+01 5.036593e-07
      vertex   1.128883e+02 -3.631199e+01 5.036593e-07
    endloop
  endfacet
  facet normal 1.455975e-01 9.893439e-01 0.000000e+00
    outer loop
      vertex   1.132349e+02 -3.636300e+01 4.700001e+00
      vertex   1.132349e+02 -3.636300e+01 5.036593e-07
      vertex   1.128883e+02 -3.631199e+01 4.700001e+00
    endloop
  endfacet
  facet normal 0.000000e+00 1.000000e+00 0.000000e+00
    outer loop
      vertex   1.132349e+02 -3.636300e+01 4.700001e+00
      vertex   1.135853e+02 -3.636300e+01 5.036593e-07
      vertex   1.132349e+02 -3.636300e+01 5.036593e-07
    endloop
  endfacet
  facet normal 0.000000e+00 1.000000e+00 0.000000e+00
    outer loop
      vertex   1.135853e+02 -3.636300e+01 4.700001e+00
      vertex   1.135853e+02 -3.636300e+01 5.036593e-07
      vertex   1.132349e+02 -3.636300e+01 4.700001e+00
    endloop
  endfacet
  facet normal -1.455975e-01 9.893439e-01 0.000000e+00
    outer loop
      vertex   1.135853e+02 -3.636300e+01 4.700001e+00
      vertex   1.139319e+02 -3.631199e+01 5.036593e-07
      vertex   1.135853e+02 -3.636300e+01 5.036593e-07
    endloop
  endfacet
  facet normal -1.455975e-01 9.893439e-01 0.000000e+00
    outer loop
      vertex   1.139319e+02 -3.631199e+01 4.700001e+00
      vertex   1.139319e+02 -3.631199e+01 5.036593e-07
      vertex   1.135853e+02 -3.636300e+01 4.700001e+00
    endloop
  endfacet
  facet normal -2.881019e-01 9.575998e-01 0.000000e+00
    outer loop
      vertex   1.139319e+02 -3.631199e+01 4.700001e+00
      vertex   1.142674e+02 -3.621104e+01 5.036593e-07
      vertex   1.139319e+02 -3.631199e+01 5.036593e-07
    endloop
  endfacet
  facet normal -2.881019e-01 9.575998e-01 0.000000e+00
    outer loop
      vertex   1.142674e+02 -3.621104e+01 4.700001e+00
      vertex   1.142674e+02 -3.621104e+01 5.036593e-07
      vertex   1.139319e+02 -3.631199e+01 4.700001e+00
    endloop
  endfacet
  facet normal -4.244569e-01 9.054481e-01 0.000000e+00
    outer loop
      vertex   1.142674e+02 -3.621104e+01 4.700001e+00
      vertex   1.145847e+02 -3.606232e+01 5.036593e-07
      vertex   1.142674e+02 -3.621104e+01 5.036593e-07
    endloop
  endfacet
  facet normal -4.244569e-01 9.054481e-01 0.000000e+00
    outer loop
      vertex   1.145847e+02 -3.606232e+01 4.700001e+00
      vertex   1.145847e+02 -3.606232e+01 5.036593e-07
      vertex   1.142674e+02 -3.621104e+01 4.700001e+00
    endloop
  endfacet
  facet normal -5.517622e-01 8.340015e-01 0.000000e+00
    outer loop
      vertex   1.145847e+02 -3.606232e+01 4.700001e+00
      vertex   1.148769e+02 -3.586900e+01 5.036593e-07
      vertex   1.145847e+02 -3.606232e+01 5.036593e-07
    endloop
  endfacet
  facet normal -5.517622e-01 8.340015e-01 0.000000e+00
    outer loop
      vertex   1.148769e+02 -3.586900e+01 4.700001e+00
      vertex   1.148769e+02 -3.586900e+01 5.036593e-07
      vertex   1.145847e+02 -3.606232e+01 4.700001e+00
    endloop
  endfacet
  facet normal -6.673219e-01 7.447694e-01 0.000000e+00
    outer loop
      vertex   1.148769e+02 -3.586900e+01 4.700001e+00
      vertex   1.151379e+02 -3.563518e+01 5.036593e-07
      vertex   1.148769e+02 -3.586900e+01 5.036593e-07
    endloop
  endfacet
  facet normal -6.673219e-01 7.447694e-01 0.000000e+00
    outer loop
      vertex   1.151379e+02 -3.563518e+01 4.700001e+00
      vertex   1.151379e+02 -3.563518e+01 5.036593e-07
      vertex   1.148769e+02 -3.586900e+01 4.700001e+00
    endloop
  endfacet
  facet normal -7.686459e-01 6.396745e-01 0.000000e+00
    outer loop
      vertex   1.151379e+02 -3.563518e+01 4.700001e+00
      vertex   1.153620e+02 -3.536586e+01 5.036593e-07
      vertex   1.151379e+02 -3.563518e+01 5.036593e-07
    endloop
  endfacet
  facet normal -7.686459e-01 6.396745e-01 0.000000e+00
    outer loop
      vertex   1.153620e+02 -3.536586e+01 4.700001e+00
      vertex   1.153620e+02 -3.536586e+01 5.036593e-07
      vertex   1.151379e+02 -3.563518e+01 4.700001e+00
    endloop
  endfacet
  facet normal -8.535933e-01 5.209399e-01 0.000000e+00
    outer loop
      vertex   1.153620e+02 -3.536586e+01 4.700001e+00
      vertex   1.155445e+02 -3.506679e+01 5.036593e-07
      vertex   1.153620e+02 -3.536586e+01 5.036593e-07
    endloop
  endfacet
  facet normal -8.535933e-01 5.209399e-01 0.000000e+00
    outer loop
      vertex   1.155445e+02 -3.506679e+01 4.700001e+00
      vertex   1.155445e+02 -3.506679e+01 5.036593e-07
      vertex   1.153620e+02 -3.536586e+01 4.700001e+00
    endloop
  endfacet
  facet normal -9.203467e-01 3.911035e-01 0.000000e+00
    outer loop
      vertex   1.155445e+02 -3.506679e+01 4.700001e+00
      vertex   1.156815e+02 -3.474432e+01 5.036593e-07
      vertex   1.155445e+02 -3.506679e+01 5.036593e-07
    endloop
  endfacet
  facet normal -9.203467e-01 3.911035e-01 0.000000e+00
    outer loop
      vertex   1.156815e+02 -3.474432e+01 4.700001e+00
      vertex   1.156815e+02 -3.474432e+01 5.036593e-07
      vertex   1.155445e+02 -3.506679e+01 4.700001e+00
    endloop
  endfacet
  facet normal -9.674846e-01 2.529300e-01 0.000000e+00
    outer loop
      vertex   1.156815e+02 -3.474432e+01 4.700001e+00
      vertex   1.157702e+02 -3.440533e+01 5.036593e-07
      vertex   1.156815e+02 -3.474432e+01 5.036593e-07
    endloop
  endfacet
  facet normal -9.674846e-01 2.529300e-01 0.000000e+00
    outer loop
      vertex   1.157702e+02 -3.440533e+01 4.700001e+00
      vertex   1.157702e+02 -3.440533e+01 5.036593e-07
      vertex   1.156815e+02 -3.474432e+01 4.700001e+00
    endloop
  endfacet
  facet normal -9.940005e-01 1.093751e-01 0.000000e+00
    outer loop
      vertex   1.157702e+02 -3.440533e+01 4.700001e+00
      vertex   1.158085e+02 -3.405706e+01 5.036593e-07
      vertex   1.157702e+02 -3.440533e+01 5.036593e-07
    endloop
  endfacet
  facet normal -9.940005e-01 1.093751e-01 0.000000e+00
    outer loop
      vertex   1.158085e+02 -3.405706e+01 4.700001e+00
      vertex   1.158085e+02 -3.405706e+01 5.036593e-07
      vertex   1.157702e+02 -3.440533e+01 4.700001e+00
    endloop
  endfacet
  facet normal -9.993327e-01 -3.652723e-02 -0.000000e+00
    outer loop
      vertex   1.158085e+02 -3.405706e+01 4.700001e+00
      vertex   1.157957e+02 -3.370691e+01 5.036593e-07
      vertex   1.158085e+02 -3.405706e+01 5.036593e-07
    endloop
  endfacet
  facet normal -9.993327e-01 -3.652723e-02 -0.000000e+00
    outer loop
      vertex   1.157957e+02 -3.370691e+01 4.700001e+00
      vertex   1.157957e+02 -3.370691e+01 5.036593e-07
      vertex   1.158085e+02 -3.405706e+01 4.700001e+00
    endloop
  endfacet
  facet normal -9.833663e-01 -1.816335e-01 -0.000000e+00
    outer loop
      vertex   1.157957e+02 -3.370691e+01 4.700001e+00
      vertex   1.157321e+02 -3.336236e+01 5.036593e-07
      vertex   1.157957e+02 -3.370691e+01 5.036593e-07
    endloop
  endfacet
  facet normal -9.833663e-01 -1.816335e-01 -0.000000e+00
    outer loop
      vertex   1.157321e+02 -3.336236e+01 4.700001e+00
      vertex   1.157321e+02 -3.336236e+01 5.036593e-07
      vertex   1.157957e+02 -3.370691e+01 4.700001e+00
    endloop
  endfacet
  facet normal -9.464411e-01 -3.228765e-01 -0.000000e+00
    outer loop
      vertex   1.157321e+02 -3.336236e+01 4.700001e+00
      vertex   1.156189e+02 -3.303075e+01 5.036593e-07
      vertex   1.157321e+02 -3.336236e+01 5.036593e-07
    endloop
  endfacet
  facet normal -9.464411e-01 -3.228765e-01 -0.000000e+00
    outer loop
      vertex   1.156189e+02 -3.303075e+01 4.700001e+00
      vertex   1.156189e+02 -3.303075e+01 5.036593e-07
      vertex   1.157321e+02 -3.336236e+01 4.700001e+00
    endloop
  endfacet
  facet normal -8.893406e-01 -4.572453e-01 -0.000000e+00
    outer loop
      vertex   1.156189e+02 -3.303075e+01 4.700001e+00
      vertex   1.154587e+02 -3.271915e+01 5.036593e-07
      vertex   1.156189e+02 -3.303075e+01 5.036593e-07
    endloop
  endfacet
  facet normal -8.893406e-01 -4.572453e-01 -0.000000e+00
    outer loop
      vertex   1.154587e+02 -3.271915e+01 4.700001e+00
      vertex   1.154587e+02 -3.271915e+01 5.036593e-07
      vertex   1.156189e+02 -3.303075e+01 4.700001e+00
    endloop
  endfacet
  facet normal -8.132885e-01 -5.818606e-01 -0.000000e+00
    outer loop
      vertex   1.154587e+02 -3.271915e+01 4.700001e+00
      vertex   1.152548e+02 -3.243419e+01 5.036593e-07
      vertex   1.154587e+02 -3.271915e+01 5.036593e-07
    endloop
  endfacet
  facet normal -8.132885e-01 -5.818606e-01 -0.000000e+00
    outer loop
      vertex   1.152548e+02 -3.243419e+01 4.700001e+00
      vertex   1.152548e+02 -3.243419e+01 5.036593e-07
      vertex   1.154587e+02 -3.271915e+01 4.700001e+00
    endloop
  endfacet
  facet normal -7.199067e-01 -6.940709e-01 -0.000000e+00
    outer loop
      vertex   1.152548e+02 -3.243419e+01 4.700001e+00
      vertex   1.150117e+02 -3.218195e+01 5.036593e-07
      vertex   1.152548e+02 -3.243419e+01 5.036593e-07
    endloop
  endfacet
  facet normal -7.199067e-01 -6.940709e-01 -0.000000e+00
    outer loop
      vertex   1.150117e+02 -3.218195e+01 4.700001e+00
      vertex   1.150117e+02 -3.218195e+01 5.036593e-07
      vertex   1.152548e+02 -3.243419e+01 4.700001e+00
    endloop
  endfacet
  facet normal -6.111740e-01 -7.914963e-01 -0.000000e+00
    outer loop
      vertex   1.150117e+02 -3.218195e+01 4.700001e+00
      vertex   1.147343e+02 -3.196781e+01 5.036593e-07
      vertex   1.150117e+02 -3.218195e+01 5.036593e-07
    endloop
  endfacet
  facet normal -6.111740e-01 -7.914963e-01 -0.000000e+00
    outer loop
      vertex   1.147343e+02 -3.196781e+01 4.700001e+00
      vertex   1.147343e+02 -3.196781e+01 5.036593e-07
      vertex   1.150117e+02 -3.218195e+01 4.700001e+00
    endloop
  endfacet
  facet normal -4.894187e-01 -8.720489e-01 -0.000000e+00
    outer loop
      vertex   1.147343e+02 -3.196781e+01 4.700001e+00
      vertex   1.144288e+02 -3.179633e+01 5.036593e-07
      vertex   1.147343e+02 -3.196781e+01 5.036593e-07
    endloop
  endfacet
  facet normal -4.894187e-01 -8.720489e-01 -0.000000e+00
    outer loop
      vertex   1.144288e+02 -3.179633e+01 4.700001e+00
      vertex   1.144288e+02 -3.179633e+01 5.036593e-07
      vertex   1.147343e+02 -3.196781e+01 4.700001e+00
    endloop
  endfacet
  facet normal -3.572278e-01 -9.340173e-01 -0.000000e+00
    outer loop
      vertex   1.144288e+02 -3.179633e+01 4.700001e+00
      vertex   1.141015e+02 -3.167116e+01 5.036593e-07
      vertex   1.144288e+02 -3.179633e+01 5.036593e-07
    endloop
  endfacet
  facet normal -3.572278e-01 -9.340173e-01 -0.000000e+00
    outer loop
      vertex   1.141015e+02 -3.167116e+01 4.700001e+00
      vertex   1.141015e+02 -3.167116e+01 5.036593e-07
      vertex   1.144288e+02 -3.179633e+01 4.700001e+00
    endloop
  endfacet
  facet normal -2.174307e-01 -9.760758e-01 -0.000000e+00
    outer loop
      vertex   1.141015e+02 -3.167116e+01 4.700001e+00
      vertex   1.137595e+02 -3.159498e+01 5.036593e-07
      vertex   1.141015e+02 -3.167116e+01 5.036593e-07
    endloop
  endfacet
  facet normal -2.174307e-01 -9.760758e-01 -0.000000e+00
    outer loop
      vertex   1.137595e+02 -3.159498e+01 4.700001e+00
      vertex   1.137595e+02 -3.159498e+01 5.036593e-07
      vertex   1.141015e+02 -3.167116e+01 4.700001e+00
    endloop
  endfacet
  facet normal 4.894216e-01 -8.720473e-01 0.000000e+00
    outer loop
      vertex   1.123914e+02 -3.179633e+01 4.700001e+00
      vertex   1.123914e+02 -3.179633e+01 9.400000e+00
      vertex   1.120859e+02 -3.196781e+01 9.400000e+00
    endloop
  endfacet
  facet normal 3.572258e-01 -9.340181e-01 0.000000e+00
    outer loop
      vertex   1.123914e+02 -3.179633e+01 4.700001e+00
      vertex   1.127187e+02 -3.167116e+01 4.700001e+00
      vertex   1.123914e+02 -3.179633e+01 9.400000e+00
    endloop
  endfacet
  facet normal 3.572258e-01 -9.340181e-01 0.000000e+00
    outer loop
      vertex   1.127187e+02 -3.167116e+01 5.036593e-07
      vertex   1.127187e+02 -3.167116e+01 4.700001e+00
      vertex   1.123914e+02 -3.179633e+01 4.700001e+00
    endloop
  endfacet
  facet normal 2.174317e-01 -9.760755e-01 0.000000e+00
    outer loop
      vertex   1.127187e+02 -3.167116e+01 5.036593e-07
      vertex   1.130607e+02 -3.159498e+01 4.700001e+00
      vertex   1.127187e+02 -3.167116e+01 4.700001e+00
    endloop
  endfacet
  facet normal 2.174317e-01 -9.760755e-01 0.000000e+00
    outer loop
      vertex   1.130607e+02 -3.159498e+01 5.036593e-07
      vertex   1.130607e+02 -3.159498e+01 4.700001e+00
      vertex   1.127187e+02 -3.167116e+01 5.036593e-07
    endloop
  endfacet
  facet normal 7.298937e-02 -9.973327e-01 0.000000e+00
    outer loop
      vertex   1.130607e+02 -3.159498e+01 5.036593e-07
      vertex   1.134101e+02 -3.156941e+01 4.700001e+00
      vertex   1.130607e+02 -3.159498e+01 4.700001e+00
    endloop
  endfacet
  facet normal 7.298937e-02 -9.973327e-01 0.000000e+00
    outer loop
      vertex   1.134101e+02 -3.156941e+01 5.036593e-07
      vertex   1.134101e+02 -3.156941e+01 4.700001e+00
      vertex   1.130607e+02 -3.159498e+01 5.036593e-07
    endloop
  endfacet
  facet normal -7.298937e-02 -9.973327e-01 0.000000e+00
    outer loop
      vertex   1.134101e+02 -3.156941e+01 5.036593e-07
      vertex   1.137595e+02 -3.159498e+01 4.700001e+00
      vertex   1.134101e+02 -3.156941e+01 4.700001e+00
    endloop
  endfacet
  facet normal -7.298937e-02 -9.973327e-01 0.000000e+00
    outer loop
      vertex   1.137595e+02 -3.159498e+01 5.036593e-07
      vertex   1.137595e+02 -3.159498e+01 4.700001e+00
      vertex   1.134101e+02 -3.156941e+01 5.036593e-07
    endloop
  endfacet
  facet normal -7.127888e-02 9.974564e-01 0.000000e+00
    outer loop
      vertex   1.080071e+02 -1.797422e+01 9.400000e+00
      vertex   1.080071e+02 -1.797422e+01 8.000001e+00
      vertex   1.076514e+02 -1.799965e+01 8.000001e+00
    endloop
  endfacet
  facet normal -2.125058e-01 9.771598e-01 0.000000e+00
    outer loop
      vertex   1.080071e+02 -1.797422e+01 9.400000e+00
      vertex   1.083557e+02 -1.789842e+01 8.000001e+00
      vertex   1.080071e+02 -1.797422e+01 8.000001e+00
    endloop
  endfacet
  facet normal -2.125058e-01 9.771598e-01 0.000000e+00
    outer loop
      vertex   1.083557e+02 -1.789842e+01 9.400000e+00
      vertex   1.083557e+02 -1.789842e+01 8.000001e+00
      vertex   1.080071e+02 -1.797422e+01 9.400000e+00
    endloop
  endfacet
  facet normal -3.494122e-01 9.369691e-01 0.000000e+00
    outer loop
      vertex   1.083557e+02 -1.789842e+01 9.400000e+00
      vertex   1.086899e+02 -1.777379e+01 8.000001e+00
      vertex   1.083557e+02 -1.789842e+01 8.000001e+00
    endloop
  endfacet
  facet normal -3.494122e-01 9.369691e-01 0.000000e+00
    outer loop
      vertex   1.086899e+02 -1.777379e+01 9.400000e+00
      vertex   1.086899e+02 -1.777379e+01 8.000001e+00
      vertex   1.083557e+02 -1.789842e+01 9.400000e+00
    endloop
  endfacet
  facet normal -4.791958e-01 8.777080e-01 0.000000e+00
    outer loop
      vertex   1.086899e+02 -1.777379e+01 9.400000e+00
      vertex   1.090030e+02 -1.760286e+01 8.000001e+00
      vertex   1.086899e+02 -1.777379e+01 8.000001e+00
    endloop
  endfacet
  facet normal -4.791958e-01 8.777080e-01 0.000000e+00
    outer loop
      vertex   1.090030e+02 -1.760286e+01 9.400000e+00
      vertex   1.090030e+02 -1.760286e+01 8.000001e+00
      vertex   1.086899e+02 -1.777379e+01 9.400000e+00
    endloop
  endfacet
  facet normal -5.992309e-01 8.005763e-01 0.000000e+00
    outer loop
      vertex   1.090030e+02 -1.760286e+01 9.400000e+00
      vertex   1.092885e+02 -1.738912e+01 8.000001e+00
      vertex   1.090030e+02 -1.760286e+01 8.000001e+00
    endloop
  endfacet
  facet normal -5.992309e-01 8.005763e-01 0.000000e+00
    outer loop
      vertex   1.092885e+02 -1.738912e+01 9.400000e+00
      vertex   1.092885e+02 -1.738912e+01 8.000001e+00
      vertex   1.090030e+02 -1.760286e+01 9.400000e+00
    endloop
  endfacet
  facet normal -7.070647e-01 7.071489e-01 0.000000e+00
    outer loop
      vertex   1.092885e+02 -1.738912e+01 9.400000e+00
      vertex   1.095408e+02 -1.713691e+01 8.000001e+00
      vertex   1.092885e+02 -1.738912e+01 8.000001e+00
    endloop
  endfacet
  facet normal -7.070647e-01 7.071489e-01 0.000000e+00
    outer loop
      vertex   1.095408e+02 -1.713691e+01 9.400000e+00
      vertex   1.095408e+02 -1.713691e+01 8.000001e+00
      vertex   1.092885e+02 -1.738912e+01 9.400000e+00
    endloop
  endfacet
  facet normal -8.005050e-01 5.993260e-01 0.000000e+00
    outer loop
      vertex   1.095408e+02 -1.713691e+01 9.400000e+00
      vertex   1.097546e+02 -1.685137e+01 8.000001e+00
      vertex   1.095408e+02 -1.713691e+01 8.000001e+00
    endloop
  endfacet
  facet normal -8.005050e-01 5.993260e-01 0.000000e+00
    outer loop
      vertex   1.097546e+02 -1.685137e+01 9.400000e+00
      vertex   1.097546e+02 -1.685137e+01 8.000001e+00
      vertex   1.095408e+02 -1.713691e+01 9.400000e+00
    endloop
  endfacet
  facet normal -8.776492e-01 4.793035e-01 0.000000e+00
    outer loop
      vertex   1.097546e+02 -1.685137e+01 9.400000e+00
      vertex   1.099255e+02 -1.653832e+01 8.000001e+00
      vertex   1.097546e+02 -1.685137e+01 8.000001e+00
    endloop
  endfacet
  facet normal -8.776492e-01 4.793035e-01 0.000000e+00
    outer loop
      vertex   1.099255e+02 -1.653832e+01 9.400000e+00
      vertex   1.099255e+02 -1.653832e+01 8.000001e+00
      vertex   1.097546e+02 -1.685137e+01 9.400000e+00
    endloop
  endfacet
  facet normal -9.369296e-01 3.495182e-01 0.000000e+00
    outer loop
      vertex   1.099255e+02 -1.653832e+01 9.400000e+00
      vertex   1.100502e+02 -1.620412e+01 8.000001e+00
      vertex   1.099255e+02 -1.653832e+01 8.000001e+00
    endloop
  endfacet
  facet normal -9.369296e-01 3.495182e-01 0.000000e+00
    outer loop
      vertex   1.100502e+02 -1.620412e+01 9.400000e+00
      vertex   1.100502e+02 -1.620412e+01 8.000001e+00
      vertex   1.099255e+02 -1.653832e+01 9.400000e+00
    endloop
  endfacet
  facet normal -9.771338e-01 2.126251e-01 0.000000e+00
    outer loop
      vertex   1.100502e+02 -1.620412e+01 9.400000e+00
      vertex   1.101260e+02 -1.585558e+01 8.000001e+00
      vertex   1.100502e+02 -1.620412e+01 8.000001e+00
    endloop
  endfacet
  facet normal -9.771338e-01 2.126251e-01 0.000000e+00
    outer loop
      vertex   1.101260e+02 -1.585558e+01 9.400000e+00
      vertex   1.101260e+02 -1.585558e+01 8.000001e+00
      vertex   1.100502e+02 -1.620412e+01 9.400000e+00
    endloop
  endfacet
  facet normal -9.974477e-01 7.140071e-02 0.000000e+00
    outer loop
      vertex   1.101260e+02 -1.585558e+01 9.400000e+00
      vertex   1.101515e+02 -1.549980e+01 8.000001e+00
      vertex   1.101260e+02 -1.585558e+01 8.000001e+00
    endloop
  endfacet
  facet normal -9.974477e-01 7.140071e-02 0.000000e+00
    outer loop
      vertex   1.101515e+02 -1.549980e+01 9.400000e+00
      vertex   1.101515e+02 -1.549980e+01 8.000001e+00
      vertex   1.101260e+02 -1.585558e+01 9.400000e+00
    endloop
  endfacet
  facet normal -9.974561e-01 -7.128401e-02 -0.000000e+00
    outer loop
      vertex   1.101515e+02 -1.549980e+01 9.400000e+00
      vertex   1.101261e+02 -1.514401e+01 8.000001e+00
      vertex   1.101515e+02 -1.549980e+01 8.000001e+00
    endloop
  endfacet
  facet normal -9.974561e-01 -7.128401e-02 -0.000000e+00
    outer loop
      vertex   1.101261e+02 -1.514401e+01 9.400000e+00
      vertex   1.101261e+02 -1.514401e+01 8.000001e+00
      vertex   1.101515e+02 -1.549980e+01 9.400000e+00
    endloop
  endfacet
  facet normal -9.771599e-01 -2.125055e-01 -0.000000e+00
    outer loop
      vertex   1.101261e+02 -1.514401e+01 9.400000e+00
      vertex   1.100503e+02 -1.479546e+01 8.000001e+00
      vertex   1.101261e+02 -1.514401e+01 8.000001e+00
    endloop
  endfacet
  facet normal -9.771599e-01 -2.125055e-01 -0.000000e+00
    outer loop
      vertex   1.100503e+02 -1.479546e+01 9.400000e+00
      vertex   1.100503e+02 -1.479546e+01 8.000001e+00
      vertex   1.101261e+02 -1.514401e+01 9.400000e+00
    endloop
  endfacet
  facet normal -9.369690e-01 -3.494125e-01 -0.000000e+00
    outer loop
      vertex   1.100503e+02 -1.479546e+01 9.400000e+00
      vertex   1.099256e+02 -1.446125e+01 8.000001e+00
      vertex   1.100503e+02 -1.479546e+01 8.000001e+00
    endloop
  endfacet
  facet normal -9.369690e-01 -3.494125e-01 -0.000000e+00
    outer loop
      vertex   1.099256e+02 -1.446125e+01 9.400000e+00
      vertex   1.099256e+02 -1.446125e+01 8.000001e+00
      vertex   1.100503e+02 -1.479546e+01 9.400000e+00
    endloop
  endfacet
  facet normal -8.777080e-01 -4.791958e-01 -0.000000e+00
    outer loop
      vertex   1.099256e+02 -1.446125e+01 9.400000e+00
      vertex   1.097547e+02 -1.414817e+01 8.000001e+00
      vertex   1.099256e+02 -1.446125e+01 8.000001e+00
    endloop
  endfacet
  facet normal -8.777080e-01 -4.791958e-01 -0.000000e+00
    outer loop
      vertex   1.097547e+02 -1.414817e+01 9.400000e+00
      vertex   1.097547e+02 -1.414817e+01 8.000001e+00
      vertex   1.099256e+02 -1.446125e+01 9.400000e+00
    endloop
  endfacet
  facet normal -8.005759e-01 -5.992313e-01 -0.000000e+00
    outer loop
      vertex   1.097547e+02 -1.414817e+01 9.400000e+00
      vertex   1.095410e+02 -1.386261e+01 8.000001e+00
      vertex   1.097547e+02 -1.414817e+01 8.000001e+00
    endloop
  endfacet
  facet normal -8.005759e-01 -5.992313e-01 -0.000000e+00
    outer loop
      vertex   1.095410e+02 -1.386261e+01 9.400000e+00
      vertex   1.095410e+02 -1.386261e+01 8.000001e+00
      vertex   1.097547e+02 -1.414817e+01 9.400000e+00
    endloop
  endfacet
  facet normal -7.071502e-01 -7.070633e-01 -0.000000e+00
    outer loop
      vertex   1.095410e+02 -1.386261e+01 9.400000e+00
      vertex   1.092888e+02 -1.361037e+01 8.000001e+00
      vertex   1.095410e+02 -1.386261e+01 8.000001e+00
    endloop
  endfacet
  facet normal -7.071502e-01 -7.070633e-01 -0.000000e+00
    outer loop
      vertex   1.092888e+02 -1.361037e+01 9.400000e+00
      vertex   1.092888e+02 -1.361037e+01 8.000001e+00
      vertex   1.095410e+02 -1.386261e+01 9.400000e+00
    endloop
  endfacet
  facet normal -5.993263e-01 -8.005048e-01 -0.000000e+00
    outer loop
      vertex   1.092888e+02 -1.361037e+01 9.400000e+00
      vertex   1.090032e+02 -1.339659e+01 8.000001e+00
      vertex   1.092888e+02 -1.361037e+01 8.000001e+00
    endloop
  endfacet
  facet normal -5.993263e-01 -8.005048e-01 -0.000000e+00
    outer loop
      vertex   1.090032e+02 -1.339659e+01 9.400000e+00
      vertex   1.090032e+02 -1.339659e+01 8.000001e+00
      vertex   1.092888e+02 -1.361037e+01 9.400000e+00
    endloop
  endfacet
  facet normal -4.792984e-01 -8.776520e-01 -0.000000e+00
    outer loop
      vertex   1.090032e+02 -1.339659e+01 9.400000e+00
      vertex   1.086902e+02 -1.322563e+01 8.000001e+00
      vertex   1.090032e+02 -1.339659e+01 8.000001e+00
    endloop
  endfacet
  facet normal -4.792984e-01 -8.776520e-01 -0.000000e+00
    outer loop
      vertex   1.086902e+02 -1.322563e+01 9.400000e+00
      vertex   1.086902e+02 -1.322563e+01 8.000001e+00
      vertex   1.090032e+02 -1.339659e+01 9.400000e+00
    endloop
  endfacet
  facet normal -3.495222e-01 -9.369281e-01 -0.000000e+00
    outer loop
      vertex   1.086902e+02 -1.322563e+01 9.400000e+00
      vertex   1.083560e+02 -1.310096e+01 8.000001e+00
      vertex   1.086902e+02 -1.322563e+01 8.000001e+00
    endloop
  endfacet
  facet normal -3.495222e-01 -9.369281e-01 -0.000000e+00
    outer loop
      vertex   1.083560e+02 -1.310096e+01 9.400000e+00
      vertex   1.083560e+02 -1.310096e+01 8.000001e+00
      vertex   1.086902e+02 -1.322563e+01 9.400000e+00
    endloop
  endfacet
  facet normal -2.126243e-01 -9.771340e-01 -0.000000e+00
    outer loop
      vertex   1.083560e+02 -1.310096e+01 9.400000e+00
      vertex   1.080074e+02 -1.302511e+01 8.000001e+00
      vertex   1.083560e+02 -1.310096e+01 8.000001e+00
    endloop
  endfacet
  facet normal -2.126243e-01 -9.771340e-01 -0.000000e+00
    outer loop
      vertex   1.080074e+02 -1.302511e+01 9.400000e+00
      vertex   1.080074e+02 -1.302511e+01 8.000001e+00
      vertex   1.083560e+02 -1.310096e+01 9.400000e+00
    endloop
  endfacet
  facet normal -7.139620e-02 -9.974480e-01 0.000000e+00
    outer loop
      vertex   1.076516e+02 -1.299965e+01 9.400000e+00
      vertex   1.080074e+02 -1.302511e+01 8.000001e+00
      vertex   1.080074e+02 -1.302511e+01 9.400000e+00
    endloop
  endfacet
  facet normal -7.139620e-02 -9.974480e-01 -0.000000e+00
    outer loop
      vertex   1.076516e+02 -1.299965e+01 9.400000e+00
      vertex   1.076516e+02 -1.299965e+01 8.000001e+00
      vertex   1.080074e+02 -1.302511e+01 8.000001e+00
    endloop
  endfacet
  facet normal 7.127899e-02 -9.974564e-01 0.000000e+00
    outer loop
      vertex   1.072959e+02 -1.302507e+01 9.400000e+00
      vertex   1.076516e+02 -1.299965e+01 8.000001e+00
      vertex   1.076516e+02 -1.299965e+01 9.400000e+00
    endloop
  endfacet
  facet normal 7.127899e-02 -9.974564e-01 0.000000e+00
    outer loop
      vertex   1.072959e+02 -1.302507e+01 9.400000e+00
      vertex   1.072959e+02 -1.302507e+01 8.000001e+00
      vertex   1.076516e+02 -1.299965e+01 8.000001e+00
    endloop
  endfacet
  facet normal 2.125039e-01 -9.771602e-01 0.000000e+00
    outer loop
      vertex   1.069473e+02 -1.310087e+01 9.400000e+00
      vertex   1.072959e+02 -1.302507e+01 8.000001e+00
      vertex   1.072959e+02 -1.302507e+01 9.400000e+00
    endloop
  endfacet
  facet normal 2.125039e-01 -9.771602e-01 0.000000e+00
    outer loop
      vertex   1.069473e+02 -1.310087e+01 9.400000e+00
      vertex   1.069473e+02 -1.310087e+01 8.000001e+00
      vertex   1.072959e+02 -1.302507e+01 8.000001e+00
    endloop
  endfacet
  facet normal 3.494129e-01 -9.369688e-01 0.000000e+00
    outer loop
      vertex   1.066131e+02 -1.322551e+01 9.400000e+00
      vertex   1.069473e+02 -1.310087e+01 8.000001e+00
      vertex   1.069473e+02 -1.310087e+01 9.400000e+00
    endloop
  endfacet
  facet normal 3.494129e-01 -9.369688e-01 0.000000e+00
    outer loop
      vertex   1.066131e+02 -1.322551e+01 9.400000e+00
      vertex   1.066131e+02 -1.322551e+01 8.000001e+00
      vertex   1.069473e+02 -1.310087e+01 8.000001e+00
    endloop
  endfacet
  facet normal 4.791970e-01 -8.777074e-01 0.000000e+00
    outer loop
      vertex   1.063000e+02 -1.339643e+01 9.400000e+00
      vertex   1.066131e+02 -1.322551e+01 8.000001e+00
      vertex   1.066131e+02 -1.322551e+01 9.400000e+00
    endloop
  endfacet
  facet normal 4.791970e-01 -8.777074e-01 0.000000e+00
    outer loop
      vertex   1.063000e+02 -1.339643e+01 9.400000e+00
      vertex   1.063000e+02 -1.339643e+01 8.000001e+00
      vertex   1.066131e+02 -1.322551e+01 8.000001e+00
    endloop
  endfacet
  facet normal 5.992297e-01 -8.005771e-01 0.000000e+00
    outer loop
      vertex   1.060145e+02 -1.361018e+01 9.400000e+00
      vertex   1.063000e+02 -1.339643e+01 8.000001e+00
      vertex   1.063000e+02 -1.339643e+01 9.400000e+00
    endloop
  endfacet
  facet normal 5.992297e-01 -8.005771e-01 0.000000e+00
    outer loop
      vertex   1.060145e+02 -1.361018e+01 9.400000e+00
      vertex   1.060145e+02 -1.361018e+01 8.000001e+00
      vertex   1.063000e+02 -1.339643e+01 8.000001e+00
    endloop
  endfacet
  facet normal 7.070633e-01 -7.071502e-01 0.000000e+00
    outer loop
      vertex   1.057622e+02 -1.386238e+01 9.400000e+00
      vertex   1.060145e+02 -1.361018e+01 8.000001e+00
      vertex   1.060145e+02 -1.361018e+01 9.400000e+00
    endloop
  endfacet
  facet normal 7.070633e-01 -7.071502e-01 0.000000e+00
    outer loop
      vertex   1.057622e+02 -1.386238e+01 9.400000e+00
      vertex   1.057622e+02 -1.386238e+01 8.000001e+00
      vertex   1.060145e+02 -1.361018e+01 8.000001e+00
    endloop
  endfacet
  facet normal 8.005029e-01 -5.993288e-01 0.000000e+00
    outer loop
      vertex   1.055484e+02 -1.414792e+01 9.400000e+00
      vertex   1.057622e+02 -1.386238e+01 8.000001e+00
      vertex   1.057622e+02 -1.386238e+01 9.400000e+00
    endloop
  endfacet
  facet normal 8.005029e-01 -5.993288e-01 0.000000e+00
    outer loop
      vertex   1.055484e+02 -1.414792e+01 9.400000e+00
      vertex   1.055484e+02 -1.414792e+01 8.000001e+00
      vertex   1.057622e+02 -1.386238e+01 8.000001e+00
    endloop
  endfacet
  facet normal 8.776531e-01 -4.792963e-01 0.000000e+00
    outer loop
      vertex   1.053775e+02 -1.446097e+01 9.400000e+00
      vertex   1.055484e+02 -1.414792e+01 8.000001e+00
      vertex   1.055484e+02 -1.414792e+01 9.400000e+00
    endloop
  endfacet
  facet normal 8.776531e-01 -4.792963e-01 0.000000e+00
    outer loop
      vertex   1.053775e+02 -1.446097e+01 9.400000e+00
      vertex   1.053775e+02 -1.446097e+01 8.000001e+00
      vertex   1.055484e+02 -1.414792e+01 8.000001e+00
    endloop
  endfacet
  facet normal 9.369305e-01 -3.495158e-01 0.000000e+00
    outer loop
      vertex   1.052528e+02 -1.479517e+01 9.400000e+00
      vertex   1.053775e+02 -1.446097e+01 8.000001e+00
      vertex   1.053775e+02 -1.446097e+01 9.400000e+00
    endloop
  endfacet
  facet normal 9.369305e-01 -3.495158e-01 0.000000e+00
    outer loop
      vertex   1.052528e+02 -1.479517e+01 9.400000e+00
      vertex   1.052528e+02 -1.479517e+01 8.000001e+00
      vertex   1.053775e+02 -1.446097e+01 8.000001e+00
    endloop
  endfacet
  facet normal 9.771341e-01 -2.126241e-01 0.000000e+00
    outer loop
      vertex   1.051770e+02 -1.514371e+01 9.400000e+00
      vertex   1.052528e+02 -1.479517e+01 8.000001e+00
      vertex   1.052528e+02 -1.479517e+01 9.400000e+00
    endloop
  endfacet
  facet normal 9.771341e-01 -2.126241e-01 0.000000e+00
    outer loop
      vertex   1.051770e+02 -1.514371e+01 9.400000e+00
      vertex   1.051770e+02 -1.514371e+01 8.000001e+00
      vertex   1.052528e+02 -1.479517e+01 8.000001e+00
    endloop
  endfacet
  facet normal 9.974480e-01 -7.139668e-02 0.000000e+00
    outer loop
      vertex   1.051515e+02 -1.549950e+01 9.400000e+00
      vertex   1.051770e+02 -1.514371e+01 8.000001e+00
      vertex   1.051770e+02 -1.514371e+01 9.400000e+00
    endloop
  endfacet
  facet normal 9.974480e-01 -7.139668e-02 0.000000e+00
    outer loop
      vertex   1.051515e+02 -1.549950e+01 9.400000e+00
      vertex   1.051515e+02 -1.549950e+01 8.000001e+00
      vertex   1.051770e+02 -1.514371e+01 8.000001e+00
    endloop
  endfacet
  facet normal 9.974569e-01 7.127242e-02 0.000000e+00
    outer loop
      vertex   1.051769e+02 -1.585529e+01 9.400000e+00
      vertex   1.051515e+02 -1.549950e+01 8.000001e+00
      vertex   1.051515e+02 -1.549950e+01 9.400000e+00
    endloop
  endfacet
  facet normal 9.974569e-01 7.127242e-02 0.000000e+00
    outer loop
      vertex   1.051769e+02 -1.585529e+01 9.400000e+00
      vertex   1.051769e+02 -1.585529e+01 8.000001e+00
      vertex   1.051515e+02 -1.549950e+01 8.000001e+00
    endloop
  endfacet
  facet normal 9.771581e-01 2.125134e-01 0.000000e+00
    outer loop
      vertex   1.052527e+02 -1.620384e+01 9.400000e+00
      vertex   1.051769e+02 -1.585529e+01 8.000001e+00
      vertex   1.051769e+02 -1.585529e+01 9.400000e+00
    endloop
  endfacet
  facet normal 9.771581e-01 2.125134e-01 0.000000e+00
    outer loop
      vertex   1.052527e+02 -1.620384e+01 9.400000e+00
      vertex   1.052527e+02 -1.620384e+01 8.000001e+00
      vertex   1.051769e+02 -1.585529e+01 8.000001e+00
    endloop
  endfacet
  facet normal 9.369721e-01 3.494043e-01 0.000000e+00
    outer loop
      vertex   1.053774e+02 -1.653805e+01 9.400000e+00
      vertex   1.052527e+02 -1.620384e+01 8.000001e+00
      vertex   1.052527e+02 -1.620384e+01 9.400000e+00
    endloop
  endfacet
  facet normal 9.369721e-01 3.494043e-01 0.000000e+00
    outer loop
      vertex   1.053774e+02 -1.653805e+01 9.400000e+00
      vertex   1.053774e+02 -1.653805e+01 8.000001e+00
      vertex   1.052527e+02 -1.620384e+01 8.000001e+00
    endloop
  endfacet
  facet normal 8.777074e-01 4.791970e-01 0.000000e+00
    outer loop
      vertex   1.055483e+02 -1.685112e+01 9.400000e+00
      vertex   1.053774e+02 -1.653805e+01 8.000001e+00
      vertex   1.053774e+02 -1.653805e+01 9.400000e+00
    endloop
  endfacet
  facet normal 8.777074e-01 4.791970e-01 0.000000e+00
    outer loop
      vertex   1.055483e+02 -1.685112e+01 9.400000e+00
      vertex   1.055483e+02 -1.685112e+01 8.000001e+00
      vertex   1.053774e+02 -1.653805e+01 8.000001e+00
    endloop
  endfacet
  facet normal 8.005763e-01 5.992308e-01 0.000000e+00
    outer loop
      vertex   1.057620e+02 -1.713669e+01 9.400000e+00
      vertex   1.055483e+02 -1.685112e+01 8.000001e+00
      vertex   1.055483e+02 -1.685112e+01 9.400000e+00
    endloop
  endfacet
  facet normal 8.005763e-01 5.992308e-01 0.000000e+00
    outer loop
      vertex   1.057620e+02 -1.713669e+01 9.400000e+00
      vertex   1.057620e+02 -1.713669e+01 8.000001e+00
      vertex   1.055483e+02 -1.685112e+01 8.000001e+00
    endloop
  endfacet
  facet normal 7.071489e-01 7.070647e-01 0.000000e+00
    outer loop
      vertex   1.060142e+02 -1.738892e+01 9.400000e+00
      vertex   1.057620e+02 -1.713669e+01 8.000001e+00
      vertex   1.057620e+02 -1.713669e+01 9.400000e+00
    endloop
  endfacet
  facet normal 7.071489e-01 7.070647e-01 0.000000e+00
    outer loop
      vertex   1.060142e+02 -1.738892e+01 9.400000e+00
      vertex   1.060142e+02 -1.738892e+01 8.000001e+00
      vertex   1.057620e+02 -1.713669e+01 8.000001e+00
    endloop
  endfacet
  facet normal 5.993262e-01 8.005049e-01 0.000000e+00
    outer loop
      vertex   1.062998e+02 -1.760270e+01 9.400000e+00
      vertex   1.060142e+02 -1.738892e+01 8.000001e+00
      vertex   1.060142e+02 -1.738892e+01 9.400000e+00
    endloop
  endfacet
  facet normal 5.993262e-01 8.005049e-01 0.000000e+00
    outer loop
      vertex   1.062998e+02 -1.760270e+01 9.400000e+00
      vertex   1.062998e+02 -1.760270e+01 8.000001e+00
      vertex   1.060142e+02 -1.738892e+01 8.000001e+00
    endloop
  endfacet
  facet normal 4.792966e-01 8.776530e-01 0.000000e+00
    outer loop
      vertex   1.066128e+02 -1.777367e+01 9.400000e+00
      vertex   1.062998e+02 -1.760270e+01 8.000001e+00
      vertex   1.062998e+02 -1.760270e+01 9.400000e+00
    endloop
  endfacet
  facet normal 4.792966e-01 8.776530e-01 0.000000e+00
    outer loop
      vertex   1.066128e+02 -1.777367e+01 9.400000e+00
      vertex   1.066128e+02 -1.777367e+01 8.000001e+00
      vertex   1.062998e+02 -1.760270e+01 8.000001e+00
    endloop
  endfacet
  facet normal 3.495249e-01 9.369271e-01 0.000000e+00
    outer loop
      vertex   1.069470e+02 -1.789834e+01 9.400000e+00
      vertex   1.066128e+02 -1.777367e+01 8.000001e+00
      vertex   1.066128e+02 -1.777367e+01 9.400000e+00
    endloop
  endfacet
  facet normal 3.495249e-01 9.369271e-01 0.000000e+00
    outer loop
      vertex   1.069470e+02 -1.789834e+01 9.400000e+00
      vertex   1.069470e+02 -1.789834e+01 8.000001e+00
      vertex   1.066128e+02 -1.777367e+01 8.000001e+00
    endloop
  endfacet
  facet normal 2.126224e-01 9.771344e-01 0.000000e+00
    outer loop
      vertex   1.072956e+02 -1.797418e+01 9.400000e+00
      vertex   1.069470e+02 -1.789834e+01 8.000001e+00
      vertex   1.069470e+02 -1.789834e+01 9.400000e+00
    endloop
  endfacet
  facet normal 2.126224e-01 9.771344e-01 0.000000e+00
    outer loop
      vertex   1.072956e+02 -1.797418e+01 9.400000e+00
      vertex   1.072956e+02 -1.797418e+01 8.000001e+00
      vertex   1.069470e+02 -1.789834e+01 8.000001e+00
    endloop
  endfacet
  facet normal 7.139808e-02 9.974479e-01 0.000000e+00
    outer loop
      vertex   1.076514e+02 -1.799965e+01 9.400000e+00
      vertex   1.072956e+02 -1.797418e+01 8.000001e+00
      vertex   1.072956e+02 -1.797418e+01 9.400000e+00
    endloop
  endfacet
  facet normal 7.139808e-02 9.974479e-01 0.000000e+00
    outer loop
      vertex   1.076514e+02 -1.799965e+01 9.400000e+00
      vertex   1.076514e+02 -1.799965e+01 8.000001e+00
      vertex   1.072956e+02 -1.797418e+01 8.000001e+00
    endloop
  endfacet
  facet normal -7.127888e-02 9.974564e-01 0.000000e+00
    outer loop
      vertex   1.080071e+02 -1.797422e+01 9.400000e+00
      vertex   1.076514e+02 -1.799965e+01 8.000001e+00
      vertex   1.076514e+02 -1.799965e+01 9.400000e+00
    endloop
  endfacet
  facet normal -7.127888e-02 9.974564e-01 0.000000e+00
    outer loop
      vertex   1.080071e+02 -1.797422e+01 2.000001e+00
      vertex   1.080071e+02 -1.797422e+01 5.036593e-07
      vertex   1.076514e+02 -1.799965e+01 2.000001e+00
    endloop
  endfacet
  facet normal -2.125058e-01 9.771598e-01 0.000000e+00
    outer loop
      vertex   1.080071e+02 -1.797422e+01 2.000001e+00
      vertex   1.083557e+02 -1.789842e+01 5.036593e-07
      vertex   1.080071e+02 -1.797422e+01 5.036593e-07
    endloop
  endfacet
  facet normal -2.125058e-01 9.771598e-01 0.000000e+00
    outer loop
      vertex   1.083557e+02 -1.789842e+01 2.000001e+00
      vertex   1.083557e+02 -1.789842e+01 5.036593e-07
      vertex   1.080071e+02 -1.797422e+01 2.000001e+00
    endloop
  endfacet
  facet normal -3.494122e-01 9.369691e-01 0.000000e+00
    outer loop
      vertex   1.083557e+02 -1.789842e+01 2.000001e+00
      vertex   1.086899e+02 -1.777379e+01 5.036593e-07
      vertex   1.083557e+02 -1.789842e+01 5.036593e-07
    endloop
  endfacet
  facet normal -3.494122e-01 9.369691e-01 0.000000e+00
    outer loop
      vertex   1.086899e+02 -1.777379e+01 2.000001e+00
      vertex   1.086899e+02 -1.777379e+01 5.036593e-07
      vertex   1.083557e+02 -1.789842e+01 2.000001e+00
    endloop
  endfacet
  facet normal -4.791958e-01 8.777080e-01 0.000000e+00
    outer loop
      vertex   1.086899e+02 -1.777379e+01 2.000001e+00
      vertex   1.090030e+02 -1.760286e+01 5.036593e-07
      vertex   1.086899e+02 -1.777379e+01 5.036593e-07
    endloop
  endfacet
  facet normal -4.791958e-01 8.777080e-01 0.000000e+00
    outer loop
      vertex   1.090030e+02 -1.760286e+01 2.000001e+00
      vertex   1.090030e+02 -1.760286e+01 5.036593e-07
      vertex   1.086899e+02 -1.777379e+01 2.000001e+00
    endloop
  endfacet
  facet normal -5.992309e-01 8.005763e-01 0.000000e+00
    outer loop
      vertex   1.090030e+02 -1.760286e+01 2.000001e+00
      vertex   1.092885e+02 -1.738912e+01 5.036593e-07
      vertex   1.090030e+02 -1.760286e+01 5.036593e-07
    endloop
  endfacet
  facet normal -5.992309e-01 8.005763e-01 0.000000e+00
    outer loop
      vertex   1.092885e+02 -1.738912e+01 2.000001e+00
      vertex   1.092885e+02 -1.738912e+01 5.036593e-07
      vertex   1.090030e+02 -1.760286e+01 2.000001e+00
    endloop
  endfacet
  facet normal -7.070647e-01 7.071489e-01 0.000000e+00
    outer loop
      vertex   1.092885e+02 -1.738912e+01 2.000001e+00
      vertex   1.095408e+02 -1.713691e+01 5.036593e-07
      vertex   1.092885e+02 -1.738912e+01 5.036593e-07
    endloop
  endfacet
  facet normal -7.070647e-01 7.071489e-01 0.000000e+00
    outer loop
      vertex   1.095408e+02 -1.713691e+01 2.000001e+00
      vertex   1.095408e+02 -1.713691e+01 5.036593e-07
      vertex   1.092885e+02 -1.738912e+01 2.000001e+00
    endloop
  endfacet
  facet normal -8.005050e-01 5.993260e-01 0.000000e+00
    outer loop
      vertex   1.095408e+02 -1.713691e+01 2.000001e+00
      vertex   1.097546e+02 -1.685137e+01 5.036593e-07
      vertex   1.095408e+02 -1.713691e+01 5.036593e-07
    endloop
  endfacet
  facet normal -8.005050e-01 5.993260e-01 0.000000e+00
    outer loop
      vertex   1.097546e+02 -1.685137e+01 2.000001e+00
      vertex   1.097546e+02 -1.685137e+01 5.036593e-07
      vertex   1.095408e+02 -1.713691e+01 2.000001e+00
    endloop
  endfacet
  facet normal -8.776492e-01 4.793035e-01 0.000000e+00
    outer loop
      vertex   1.097546e+02 -1.685137e+01 2.000001e+00
      vertex   1.099255e+02 -1.653832e+01 5.036593e-07
      vertex   1.097546e+02 -1.685137e+01 5.036593e-07
    endloop
  endfacet
  facet normal -8.776492e-01 4.793035e-01 0.000000e+00
    outer loop
      vertex   1.099255e+02 -1.653832e+01 2.000001e+00
      vertex   1.099255e+02 -1.653832e+01 5.036593e-07
      vertex   1.097546e+02 -1.685137e+01 2.000001e+00
    endloop
  endfacet
  facet normal -9.369296e-01 3.495182e-01 0.000000e+00
    outer loop
      vertex   1.099255e+02 -1.653832e+01 2.000001e+00
      vertex   1.100502e+02 -1.620412e+01 5.036593e-07
      vertex   1.099255e+02 -1.653832e+01 5.036593e-07
    endloop
  endfacet
  facet normal -9.369296e-01 3.495182e-01 0.000000e+00
    outer loop
      vertex   1.100502e+02 -1.620412e+01 2.000001e+00
      vertex   1.100502e+02 -1.620412e+01 5.036593e-07
      vertex   1.099255e+02 -1.653832e+01 2.000001e+00
    endloop
  endfacet
  facet normal -9.771338e-01 2.126251e-01 0.000000e+00
    outer loop
      vertex   1.100502e+02 -1.620412e+01 2.000001e+00
      vertex   1.101260e+02 -1.585558e+01 5.036593e-07
      vertex   1.100502e+02 -1.620412e+01 5.036593e-07
    endloop
  endfacet
  facet normal -9.771338e-01 2.126251e-01 0.000000e+00
    outer loop
      vertex   1.101260e+02 -1.585558e+01 2.000001e+00
      vertex   1.101260e+02 -1.585558e+01 5.036593e-07
      vertex   1.100502e+02 -1.620412e+01 2.000001e+00
    endloop
  endfacet
  facet normal -9.974477e-01 7.140071e-02 0.000000e+00
    outer loop
      vertex   1.101260e+02 -1.585558e+01 2.000001e+00
      vertex   1.101515e+02 -1.549980e+01 5.036593e-07
      vertex   1.101260e+02 -1.585558e+01 5.036593e-07
    endloop
  endfacet
  facet normal -9.974477e-01 7.140071e-02 0.000000e+00
    outer loop
      vertex   1.101515e+02 -1.549980e+01 2.000001e+00
      vertex   1.101515e+02 -1.549980e+01 5.036593e-07
      vertex   1.101260e+02 -1.585558e+01 2.000001e+00
    endloop
  endfacet
  facet normal -9.974561e-01 -7.128401e-02 -0.000000e+00
    outer loop
      vertex   1.101515e+02 -1.549980e+01 2.000001e+00
      vertex   1.101261e+02 -1.514401e+01 5.036593e-07
      vertex   1.101515e+02 -1.549980e+01 5.036593e-07
    endloop
  endfacet
  facet normal -9.974561e-01 -7.128401e-02 -0.000000e+00
    outer loop
      vertex   1.101261e+02 -1.514401e+01 2.000001e+00
      vertex   1.101261e+02 -1.514401e+01 5.036593e-07
      vertex   1.101515e+02 -1.549980e+01 2.000001e+00
    endloop
  endfacet
  facet normal -9.771599e-01 -2.125055e-01 -0.000000e+00
    outer loop
      vertex   1.101261e+02 -1.514401e+01 2.000001e+00
      vertex   1.100503e+02 -1.479546e+01 5.036593e-07
      vertex   1.101261e+02 -1.514401e+01 5.036593e-07
    endloop
  endfacet
  facet normal -9.771599e-01 -2.125055e-01 -0.000000e+00
    outer loop
      vertex   1.100503e+02 -1.479546e+01 2.000001e+00
      vertex   1.100503e+02 -1.479546e+01 5.036593e-07
      vertex   1.101261e+02 -1.514401e+01 2.000001e+00
    endloop
  endfacet
  facet normal -9.369690e-01 -3.494125e-01 -0.000000e+00
    outer loop
      vertex   1.100503e+02 -1.479546e+01 2.000001e+00
      vertex   1.099256e+02 -1.446125e+01 5.036593e-07
      vertex   1.100503e+02 -1.479546e+01 5.036593e-07
    endloop
  endfacet
  facet normal -9.369690e-01 -3.494125e-01 -0.000000e+00
    outer loop
      vertex   1.099256e+02 -1.446125e+01 2.000001e+00
      vertex   1.099256e+02 -1.446125e+01 5.036593e-07
      vertex   1.100503e+02 -1.479546e+01 2.000001e+00
    endloop
  endfacet
  facet normal -8.777080e-01 -4.791958e-01 -0.000000e+00
    outer loop
      vertex   1.099256e+02 -1.446125e+01 2.000001e+00
      vertex   1.097547e+02 -1.414817e+01 5.036593e-07
      vertex   1.099256e+02 -1.446125e+01 5.036593e-07
    endloop
  endfacet
  facet normal -8.777080e-01 -4.791958e-01 -0.000000e+00
    outer loop
      vertex   1.097547e+02 -1.414817e+01 2.000001e+00
      vertex   1.097547e+02 -1.414817e+01 5.036593e-07
      vertex   1.099256e+02 -1.446125e+01 2.000001e+00
    endloop
  endfacet
  facet normal -8.005759e-01 -5.992313e-01 -0.000000e+00
    outer loop
      vertex   1.097547e+02 -1.414817e+01 2.000001e+00
      vertex   1.095410e+02 -1.386261e+01 5.036593e-07
      vertex   1.097547e+02 -1.414817e+01 5.036593e-07
    endloop
  endfacet
  facet normal -8.005759e-01 -5.992313e-01 -0.000000e+00
    outer loop
      vertex   1.095410e+02 -1.386261e+01 2.000001e+00
      vertex   1.095410e+02 -1.386261e+01 5.036593e-07
      vertex   1.097547e+02 -1.414817e+01 2.000001e+00
    endloop
  endfacet
  facet normal -7.071502e-01 -7.070633e-01 -0.000000e+00
    outer loop
      vertex   1.095410e+02 -1.386261e+01 2.000001e+00
      vertex   1.092888e+02 -1.361037e+01 5.036593e-07
      vertex   1.095410e+02 -1.386261e+01 5.036593e-07
    endloop
  endfacet
  facet normal -7.071502e-01 -7.070633e-01 -0.000000e+00
    outer loop
      vertex   1.092888e+02 -1.361037e+01 2.000001e+00
      vertex   1.092888e+02 -1.361037e+01 5.036593e-07
      vertex   1.095410e+02 -1.386261e+01 2.000001e+00
    endloop
  endfacet
  facet normal -5.993263e-01 -8.005048e-01 -0.000000e+00
    outer loop
      vertex   1.092888e+02 -1.361037e+01 2.000001e+00
      vertex   1.090032e+02 -1.339659e+01 5.036593e-07
      vertex   1.092888e+02 -1.361037e+01 5.036593e-07
    endloop
  endfacet
  facet normal -5.993263e-01 -8.005048e-01 -0.000000e+00
    outer loop
      vertex   1.090032e+02 -1.339659e+01 2.000001e+00
      vertex   1.090032e+02 -1.339659e+01 5.036593e-07
      vertex   1.092888e+02 -1.361037e+01 2.000001e+00
    endloop
  endfacet
  facet normal -4.792984e-01 -8.776520e-01 -0.000000e+00
    outer loop
      vertex   1.090032e+02 -1.339659e+01 2.000001e+00
      vertex   1.086902e+02 -1.322563e+01 5.036593e-07
      vertex   1.090032e+02 -1.339659e+01 5.036593e-07
    endloop
  endfacet
  facet normal -4.792984e-01 -8.776520e-01 -0.000000e+00
    outer loop
      vertex   1.086902e+02 -1.322563e+01 2.000001e+00
      vertex   1.086902e+02 -1.322563e+01 5.036593e-07
      vertex   1.090032e+02 -1.339659e+01 2.000001e+00
    endloop
  endfacet
  facet normal -3.495222e-01 -9.369281e-01 -0.000000e+00
    outer loop
      vertex   1.086902e+02 -1.322563e+01 2.000001e+00
      vertex   1.083560e+02 -1.310096e+01 5.036593e-07
      vertex   1.086902e+02 -1.322563e+01 5.036593e-07
    endloop
  endfacet
  facet normal -3.495222e-01 -9.369281e-01 -0.000000e+00
    outer loop
      vertex   1.083560e+02 -1.310096e+01 2.000001e+00
      vertex   1.083560e+02 -1.310096e+01 5.036593e-07
      vertex   1.086902e+02 -1.322563e+01 2.000001e+00
    endloop
  endfacet
  facet normal -2.126243e-01 -9.771340e-01 -0.000000e+00
    outer loop
      vertex   1.083560e+02 -1.310096e+01 2.000001e+00
      vertex   1.080074e+02 -1.302511e+01 5.036593e-07
      vertex   1.083560e+02 -1.310096e+01 5.036593e-07
    endloop
  endfacet
  facet normal -2.126243e-01 -9.771340e-01 -0.000000e+00
    outer loop
      vertex   1.080074e+02 -1.302511e+01 2.000001e+00
      vertex   1.080074e+02 -1.302511e+01 5.036593e-07
      vertex   1.083560e+02 -1.310096e+01 2.000001e+00
    endloop
  endfacet
  facet normal -7.139620e-02 -9.974480e-01 0.000000e+00
    outer loop
      vertex   1.076516e+02 -1.299965e+01 2.000001e+00
      vertex   1.080074e+02 -1.302511e+01 5.036593e-07
      vertex   1.080074e+02 -1.302511e+01 2.000001e+00
    endloop
  endfacet
  facet normal -7.139620e-02 -9.974480e-01 -0.000000e+00
    outer loop
      vertex   1.076516e+02 -1.299965e+01 2.000001e+00
      vertex   1.076516e+02 -1.299965e+01 5.036593e-07
      vertex   1.080074e+02 -1.302511e+01 5.036593e-07
    endloop
  endfacet
  facet normal 7.127899e-02 -9.974564e-01 0.000000e+00
    outer loop
      vertex   1.072959e+02 -1.302507e+01 2.000001e+00
      vertex   1.076516e+02 -1.299965e+01 5.036593e-07
      vertex   1.076516e+02 -1.299965e+01 2.000001e+00
    endloop
  endfacet
  facet normal 7.127899e-02 -9.974564e-01 0.000000e+00
    outer loop
      vertex   1.072959e+02 -1.302507e+01 2.000001e+00
      vertex   1.072959e+02 -1.302507e+01 5.036593e-07
      vertex   1.076516e+02 -1.299965e+01 5.036593e-07
    endloop
  endfacet
  facet normal 2.125039e-01 -9.771602e-01 0.000000e+00
    outer loop
      vertex   1.069473e+02 -1.310087e+01 2.000001e+00
      vertex   1.072959e+02 -1.302507e+01 5.036593e-07
      vertex   1.072959e+02 -1.302507e+01 2.000001e+00
    endloop
  endfacet
  facet normal 2.125039e-01 -9.771602e-01 0.000000e+00
    outer loop
      vertex   1.069473e+02 -1.310087e+01 2.000001e+00
      vertex   1.069473e+02 -1.310087e+01 5.036593e-07
      vertex   1.072959e+02 -1.302507e+01 5.036593e-07
    endloop
  endfacet
  facet normal 3.494129e-01 -9.369688e-01 0.000000e+00
    outer loop
      vertex   1.066131e+02 -1.322551e+01 2.000001e+00
      vertex   1.069473e+02 -1.310087e+01 5.036593e-07
      vertex   1.069473e+02 -1.310087e+01 2.000001e+00
    endloop
  endfacet
  facet normal 3.494129e-01 -9.369688e-01 0.000000e+00
    outer loop
      vertex   1.066131e+02 -1.322551e+01 2.000001e+00
      vertex   1.066131e+02 -1.322551e+01 5.036593e-07
      vertex   1.069473e+02 -1.310087e+01 5.036593e-07
    endloop
  endfacet
  facet normal 4.791970e-01 -8.777074e-01 0.000000e+00
    outer loop
      vertex   1.063000e+02 -1.339643e+01 2.000001e+00
      vertex   1.066131e+02 -1.322551e+01 5.036593e-07
      vertex   1.066131e+02 -1.322551e+01 2.000001e+00
    endloop
  endfacet
  facet normal 4.791970e-01 -8.777074e-01 0.000000e+00
    outer loop
      vertex   1.063000e+02 -1.339643e+01 2.000001e+00
      vertex   1.063000e+02 -1.339643e+01 5.036593e-07
      vertex   1.066131e+02 -1.322551e+01 5.036593e-07
    endloop
  endfacet
  facet normal 5.992297e-01 -8.005771e-01 0.000000e+00
    outer loop
      vertex   1.060145e+02 -1.361018e+01 2.000001e+00
      vertex   1.063000e+02 -1.339643e+01 5.036593e-07
      vertex   1.063000e+02 -1.339643e+01 2.000001e+00
    endloop
  endfacet
  facet normal 5.992297e-01 -8.005771e-01 0.000000e+00
    outer loop
      vertex   1.060145e+02 -1.361018e+01 2.000001e+00
      vertex   1.060145e+02 -1.361018e+01 5.036593e-07
      vertex   1.063000e+02 -1.339643e+01 5.036593e-07
    endloop
  endfacet
  facet normal 7.070633e-01 -7.071502e-01 0.000000e+00
    outer loop
      vertex   1.057622e+02 -1.386238e+01 2.000001e+00
      vertex   1.060145e+02 -1.361018e+01 5.036593e-07
      vertex   1.060145e+02 -1.361018e+01 2.000001e+00
    endloop
  endfacet
  facet normal 7.070633e-01 -7.071502e-01 0.000000e+00
    outer loop
      vertex   1.057622e+02 -1.386238e+01 2.000001e+00
      vertex   1.057622e+02 -1.386238e+01 5.036593e-07
      vertex   1.060145e+02 -1.361018e+01 5.036593e-07
    endloop
  endfacet
  facet normal 8.005029e-01 -5.993288e-01 0.000000e+00
    outer loop
      vertex   1.055484e+02 -1.414792e+01 2.000001e+00
      vertex   1.057622e+02 -1.386238e+01 5.036593e-07
      vertex   1.057622e+02 -1.386238e+01 2.000001e+00
    endloop
  endfacet
  facet normal 8.005029e-01 -5.993288e-01 0.000000e+00
    outer loop
      vertex   1.055484e+02 -1.414792e+01 2.000001e+00
      vertex   1.055484e+02 -1.414792e+01 5.036593e-07
      vertex   1.057622e+02 -1.386238e+01 5.036593e-07
    endloop
  endfacet
  facet normal 8.776531e-01 -4.792963e-01 0.000000e+00
    outer loop
      vertex   1.053775e+02 -1.446097e+01 2.000001e+00
      vertex   1.055484e+02 -1.414792e+01 5.036593e-07
      vertex   1.055484e+02 -1.414792e+01 2.000001e+00
    endloop
  endfacet
  facet normal 8.776531e-01 -4.792963e-01 0.000000e+00
    outer loop
      vertex   1.053775e+02 -1.446097e+01 2.000001e+00
      vertex   1.053775e+02 -1.446097e+01 5.036593e-07
      vertex   1.055484e+02 -1.414792e+01 5.036593e-07
    endloop
  endfacet
  facet normal 9.369305e-01 -3.495158e-01 0.000000e+00
    outer loop
      vertex   1.052528e+02 -1.479517e+01 2.000001e+00
      vertex   1.053775e+02 -1.446097e+01 5.036593e-07
      vertex   1.053775e+02 -1.446097e+01 2.000001e+00
    endloop
  endfacet
  facet normal 9.369305e-01 -3.495158e-01 0.000000e+00
    outer loop
      vertex   1.052528e+02 -1.479517e+01 2.000001e+00
      vertex   1.052528e+02 -1.479517e+01 5.036593e-07
      vertex   1.053775e+02 -1.446097e+01 5.036593e-07
    endloop
  endfacet
  facet normal 9.771341e-01 -2.126241e-01 0.000000e+00
    outer loop
      vertex   1.051770e+02 -1.514371e+01 2.000001e+00
      vertex   1.052528e+02 -1.479517e+01 5.036593e-07
      vertex   1.052528e+02 -1.479517e+01 2.000001e+00
    endloop
  endfacet
  facet normal 9.771341e-01 -2.126241e-01 0.000000e+00
    outer loop
      vertex   1.051770e+02 -1.514371e+01 2.000001e+00
      vertex   1.051770e+02 -1.514371e+01 5.036593e-07
      vertex   1.052528e+02 -1.479517e+01 5.036593e-07
    endloop
  endfacet
  facet normal 9.974480e-01 -7.139668e-02 0.000000e+00
    outer loop
      vertex   1.051515e+02 -1.549950e+01 2.000001e+00
      vertex   1.051770e+02 -1.514371e+01 5.036593e-07
      vertex   1.051770e+02 -1.514371e+01 2.000001e+00
    endloop
  endfacet
  facet normal 9.974480e-01 -7.139668e-02 0.000000e+00
    outer loop
      vertex   1.051515e+02 -1.549950e+01 2.000001e+00
      vertex   1.051515e+02 -1.549950e+01 5.036593e-07
      vertex   1.051770e+02 -1.514371e+01 5.036593e-07
    endloop
  endfacet
  facet normal 9.974569e-01 7.127242e-02 0.000000e+00
    outer loop
      vertex   1.051769e+02 -1.585529e+01 2.000001e+00
      vertex   1.051515e+02 -1.549950e+01 5.036593e-07
      vertex   1.051515e+02 -1.549950e+01 2.000001e+00
    endloop
  endfacet
  facet normal 9.974569e-01 7.127242e-02 0.000000e+00
    outer loop
      vertex   1.051769e+02 -1.585529e+01 2.000001e+00
      vertex   1.051769e+02 -1.585529e+01 5.036593e-07
      vertex   1.051515e+02 -1.549950e+01 5.036593e-07
    endloop
  endfacet
  facet normal 9.771581e-01 2.125134e-01 0.000000e+00
    outer loop
      vertex   1.052527e+02 -1.620384e+01 2.000001e+00
      vertex   1.051769e+02 -1.585529e+01 5.036593e-07
      vertex   1.051769e+02 -1.585529e+01 2.000001e+00
    endloop
  endfacet
  facet normal 9.771581e-01 2.125134e-01 0.000000e+00
    outer loop
      vertex   1.052527e+02 -1.620384e+01 2.000001e+00
      vertex   1.052527e+02 -1.620384e+01 5.036593e-07
      vertex   1.051769e+02 -1.585529e+01 5.036593e-07
    endloop
  endfacet
  facet normal 9.369721e-01 3.494043e-01 0.000000e+00
    outer loop
      vertex   1.053774e+02 -1.653805e+01 2.000001e+00
      vertex   1.052527e+02 -1.620384e+01 5.036593e-07
      vertex   1.052527e+02 -1.620384e+01 2.000001e+00
    endloop
  endfacet
  facet normal 9.369721e-01 3.494043e-01 0.000000e+00
    outer loop
      vertex   1.053774e+02 -1.653805e+01 2.000001e+00
      vertex   1.053774e+02 -1.653805e+01 5.036593e-07
      vertex   1.052527e+02 -1.620384e+01 5.036593e-07
    endloop
  endfacet
  facet normal 8.777074e-01 4.791970e-01 0.000000e+00
    outer loop
      vertex   1.055483e+02 -1.685112e+01 2.000001e+00
      vertex   1.053774e+02 -1.653805e+01 5.036593e-07
      vertex   1.053774e+02 -1.653805e+01 2.000001e+00
    endloop
  endfacet
  facet normal 8.777074e-01 4.791970e-01 0.000000e+00
    outer loop
      vertex   1.055483e+02 -1.685112e+01 2.000001e+00
      vertex   1.055483e+02 -1.685112e+01 5.036593e-07
      vertex   1.053774e+02 -1.653805e+01 5.036593e-07
    endloop
  endfacet
  facet normal 8.005763e-01 5.992308e-01 0.000000e+00
    outer loop
      vertex   1.057620e+02 -1.713669e+01 2.000001e+00
      vertex   1.055483e+02 -1.685112e+01 5.036593e-07
      vertex   1.055483e+02 -1.685112e+01 2.000001e+00
    endloop
  endfacet
  facet normal 8.005763e-01 5.992308e-01 0.000000e+00
    outer loop
      vertex   1.057620e+02 -1.713669e+01 2.000001e+00
      vertex   1.057620e+02 -1.713669e+01 5.036593e-07
      vertex   1.055483e+02 -1.685112e+01 5.036593e-07
    endloop
  endfacet
  facet normal 7.071489e-01 7.070647e-01 0.000000e+00
    outer loop
      vertex   1.060142e+02 -1.738892e+01 2.000001e+00
      vertex   1.057620e+02 -1.713669e+01 5.036593e-07
      vertex   1.057620e+02 -1.713669e+01 2.000001e+00
    endloop
  endfacet
  facet normal 7.071489e-01 7.070647e-01 0.000000e+00
    outer loop
      vertex   1.060142e+02 -1.738892e+01 2.000001e+00
      vertex   1.060142e+02 -1.738892e+01 5.036593e-07
      vertex   1.057620e+02 -1.713669e+01 5.036593e-07
    endloop
  endfacet
  facet normal 5.993262e-01 8.005049e-01 0.000000e+00
    outer loop
      vertex   1.062998e+02 -1.760270e+01 2.000001e+00
      vertex   1.060142e+02 -1.738892e+01 5.036593e-07
      vertex   1.060142e+02 -1.738892e+01 2.000001e+00
    endloop
  endfacet
  facet normal 5.993262e-01 8.005049e-01 0.000000e+00
    outer loop
      vertex   1.062998e+02 -1.760270e+01 2.000001e+00
      vertex   1.062998e+02 -1.760270e+01 5.036593e-07
      vertex   1.060142e+02 -1.738892e+01 5.036593e-07
    endloop
  endfacet
  facet normal 4.792966e-01 8.776530e-01 0.000000e+00
    outer loop
      vertex   1.066128e+02 -1.777367e+01 2.000001e+00
      vertex   1.062998e+02 -1.760270e+01 5.036593e-07
      vertex   1.062998e+02 -1.760270e+01 2.000001e+00
    endloop
  endfacet
  facet normal 4.792966e-01 8.776530e-01 0.000000e+00
    outer loop
      vertex   1.066128e+02 -1.777367e+01 2.000001e+00
      vertex   1.066128e+02 -1.777367e+01 5.036593e-07
      vertex   1.062998e+02 -1.760270e+01 5.036593e-07
    endloop
  endfacet
  facet normal 3.495249e-01 9.369271e-01 0.000000e+00
    outer loop
      vertex   1.069470e+02 -1.789834e+01 2.000001e+00
      vertex   1.066128e+02 -1.777367e+01 5.036593e-07
      vertex   1.066128e+02 -1.777367e+01 2.000001e+00
    endloop
  endfacet
  facet normal 3.495249e-01 9.369271e-01 0.000000e+00
    outer loop
      vertex   1.069470e+02 -1.789834e+01 2.000001e+00
      vertex   1.069470e+02 -1.789834e+01 5.036593e-07
      vertex   1.066128e+02 -1.777367e+01 5.036593e-07
    endloop
  endfacet
  facet normal 2.126224e-01 9.771344e-01 0.000000e+00
    outer loop
      vertex   1.072956e+02 -1.797418e+01 2.000001e+00
      vertex   1.069470e+02 -1.789834e+01 5.036593e-07
      vertex   1.069470e+02 -1.789834e+01 2.000001e+00
    endloop
  endfacet
  facet normal 2.126224e-01 9.771344e-01 0.000000e+00
    outer loop
      vertex   1.072956e+02 -1.797418e+01 2.000001e+00
      vertex   1.072956e+02 -1.797418e+01 5.036593e-07
      vertex   1.069470e+02 -1.789834e+01 5.036593e-07
    endloop
  endfacet
  facet normal 7.139808e-02 9.974479e-01 0.000000e+00
    outer loop
      vertex   1.076514e+02 -1.799965e+01 2.000001e+00
      vertex   1.072956e+02 -1.797418e+01 5.036593e-07
      vertex   1.072956e+02 -1.797418e+01 2.000001e+00
    endloop
  endfacet
  facet normal 7.139808e-02 9.974479e-01 0.000000e+00
    outer loop
      vertex   1.076514e+02 -1.799965e+01 2.000001e+00
      vertex   1.076514e+02 -1.799965e+01 5.036593e-07
      vertex   1.072956e+02 -1.797418e+01 5.036593e-07
    endloop
  endfacet
  facet normal -7.127888e-02 9.974564e-01 0.000000e+00
    outer loop
      vertex   1.080071e+02 -1.797422e+01 5.036593e-07
      vertex   1.076514e+02 -1.799965e+01 5.036593e-07
      vertex   1.076514e+02 -1.799965e+01 2.000001e+00
    endloop
  endfacet
  facet normal 1.000000e+00 0.000000e+00 0.000000e+00
    outer loop
      vertex   1.120183e+02 -1.701621e+01 8.000001e+00
      vertex   1.120183e+02 -1.546940e+01 8.000001e+00
      vertex   1.120183e+02 -1.546940e+01 9.400000e+00
    endloop
  endfacet
  facet normal 1.000000e+00 0.000000e+00 0.000000e+00
    outer loop
      vertex   1.120183e+02 -1.546940e+01 9.400000e+00
      vertex   1.120183e+02 -1.733308e+01 7.990542e+00
      vertex   1.120183e+02 -1.701621e+01 8.000001e+00
    endloop
  endfacet
  facet normal 1.000000e+00 0.000000e+00 0.000000e+00
    outer loop
      vertex   1.120183e+02 -1.546940e+01 9.400000e+00
      vertex   1.120183e+02 -1.764795e+01 7.962222e+00
      vertex   1.120183e+02 -1.733308e+01 7.990542e+00
    endloop
  endfacet
  facet normal 1.000000e+00 -0.000000e+00 0.000000e+00
    outer loop
      vertex   1.120183e+02 -2.083131e+01 9.400000e+00
      vertex   1.120183e+02 -1.764795e+01 7.962222e+00
      vertex   1.120183e+02 -1.546940e+01 9.400000e+00
    endloop
  endfacet
  facet normal 1.000000e+00 0.000000e+00 0.000000e+00
    outer loop
      vertex   1.120183e+02 -2.083131e+01 9.400000e+00
      vertex   1.120183e+02 -1.795884e+01 7.915221e+00
      vertex   1.120183e+02 -1.764795e+01 7.962222e+00
    endloop
  endfacet
  facet normal 1.000000e+00 0.000000e+00 -0.000000e+00
    outer loop
      vertex   1.120183e+02 -1.826378e+01 7.849835e+00
      vertex   1.120183e+02 -1.795884e+01 7.915221e+00
      vertex   1.120183e+02 -2.083131e+01 9.400000e+00
    endloop
  endfacet
  facet normal 1.000000e+00 0.000000e+00 0.000000e+00
    outer loop
      vertex   1.120183e+02 -2.083131e+01 9.400000e+00
      vertex   1.120183e+02 -1.856085e+01 7.766478e+00
      vertex   1.120183e+02 -1.826378e+01 7.849835e+00
    endloop
  endfacet
  facet normal 1.000000e+00 0.000000e+00 0.000000e+00
    outer loop
      vertex   1.120183e+02 -2.083131e+01 9.400000e+00
      vertex   1.120183e+02 -1.884819e+01 7.665673e+00
      vertex   1.120183e+02 -1.856085e+01 7.766478e+00
    endloop
  endfacet
  facet normal 1.000000e+00 0.000000e+00 -0.000000e+00
    outer loop
      vertex   1.120183e+02 -1.912397e+01 7.548058e+00
      vertex   1.120183e+02 -1.884819e+01 7.665673e+00
      vertex   1.120183e+02 -2.083131e+01 9.400000e+00
    endloop
  endfacet
  facet normal 1.000000e+00 0.000000e+00 0.000000e+00
    outer loop
      vertex   1.120183e+02 -2.083131e+01 9.400000e+00
      vertex   1.120183e+02 -1.938645e+01 7.414372e+00
      vertex   1.120183e+02 -1.912397e+01 7.548058e+00
    endloop
  endfacet
  facet normal 1.000000e+00 0.000000e+00 0.000000e+00
    outer loop
      vertex   1.120183e+02 -2.083131e+01 9.400000e+00
      vertex   1.120183e+02 -1.963399e+01 7.265462e+00
      vertex   1.120183e+02 -1.938645e+01 7.414372e+00
    endloop
  endfacet
  facet normal 1.000000e+00 0.000000e+00 -0.000000e+00
    outer loop
      vertex   1.120183e+02 -1.986502e+01 7.102263e+00
      vertex   1.120183e+02 -1.963399e+01 7.265462e+00
      vertex   1.120183e+02 -2.083131e+01 9.400000e+00
    endloop
  endfacet
  facet normal 1.000000e+00 0.000000e+00 0.000000e+00
    outer loop
      vertex   1.120183e+02 -2.083131e+01 9.400000e+00
      vertex   1.120183e+02 -2.007809e+01 6.925807e+00
      vertex   1.120183e+02 -1.986502e+01 7.102263e+00
    endloop
  endfacet
  facet normal 1.000000e+00 0.000000e+00 0.000000e+00
    outer loop
      vertex   1.120183e+02 -2.083131e+01 9.400000e+00
      vertex   1.120183e+02 -2.027184e+01 6.737206e+00
      vertex   1.120183e+02 -2.007809e+01 6.925807e+00
    endloop
  endfacet
  facet normal 1.000000e+00 0.000000e+00 -0.000000e+00
    outer loop
      vertex   1.120183e+02 -2.044506e+01 6.537650e+00
      vertex   1.120183e+02 -2.027184e+01 6.737206e+00
      vertex   1.120183e+02 -2.083131e+01 9.400000e+00
    endloop
  endfacet
  facet normal 1.000000e+00 0.000000e+00 0.000000e+00
    outer loop
      vertex   1.120183e+02 -2.083131e+01 9.400000e+00
      vertex   1.120183e+02 -2.059666e+01 6.328395e+00
      vertex   1.120183e+02 -2.044506e+01 6.537650e+00
    endloop
  endfacet
  facet normal 1.000000e+00 0.000000e+00 0.000000e+00
    outer loop
      vertex   1.120183e+02 -2.083131e+01 9.400000e+00
      vertex   1.120183e+02 -2.072568e+01 6.110764e+00
      vertex   1.120183e+02 -2.059666e+01 6.328395e+00
    endloop
  endfacet
  facet normal 1.000000e+00 0.000000e+00 0.000000e+00
    outer loop
      vertex   1.120183e+02 -2.083131e+01 5.886128e+00
      vertex   1.120183e+02 -2.072568e+01 6.110764e+00
      vertex   1.120183e+02 -2.083131e+01 9.400000e+00
    endloop
  endfacet
  facet normal -1.000000e+00 0.000000e+00 0.000000e+00
    outer loop
      vertex   1.084101e+02 -2.356291e+01 3.398663e+00
      vertex   1.084101e+02 -2.338072e+01 3.200001e+00
      vertex   1.084101e+02 -2.338072e+01 5.036593e-07
    endloop
  endfacet
  facet normal -1.000000e+00 0.000000e+00 0.000000e+00
    outer loop
      vertex   1.084101e+02 -2.338072e+01 5.036593e-07
      vertex   1.084101e+02 -2.372326e+01 3.607680e+00
      vertex   1.084101e+02 -2.356291e+01 3.398663e+00
    endloop
  endfacet
  facet normal -1.000000e+00 0.000000e+00 0.000000e+00
    outer loop
      vertex   1.084101e+02 -2.338072e+01 5.036593e-07
      vertex   1.084101e+02 -2.386074e+01 3.825701e+00
      vertex   1.084101e+02 -2.372326e+01 3.607680e+00
    endloop
  endfacet
  facet normal -1.000000e+00 0.000000e+00 0.000000e+00
    outer loop
      vertex   1.084101e+02 -3.396940e+01 5.036593e-07
      vertex   1.084101e+02 -2.386074e+01 3.825701e+00
      vertex   1.084101e+02 -2.338072e+01 5.036593e-07
    endloop
  endfacet
  facet normal -1.000000e+00 0.000000e+00 0.000000e+00
    outer loop
      vertex   1.084101e+02 -3.396940e+01 5.036593e-07
      vertex   1.084101e+02 -2.397446e+01 4.051318e+00
      vertex   1.084101e+02 -2.386074e+01 3.825701e+00
    endloop
  endfacet
  facet normal -1.000000e+00 0.000000e+00 0.000000e+00
    outer loop
      vertex   1.084101e+02 -3.396940e+01 5.036593e-07
      vertex   1.084101e+02 -2.406367e+01 4.283068e+00
      vertex   1.084101e+02 -2.397446e+01 4.051318e+00
    endloop
  endfacet
  facet normal -1.000000e+00 0.000000e+00 -0.000000e+00
    outer loop
      vertex   1.084101e+02 -2.412782e+01 4.519454e+00
      vertex   1.084101e+02 -2.406367e+01 4.283068e+00
      vertex   1.084101e+02 -3.396940e+01 5.036593e-07
    endloop
  endfacet
  facet normal -1.000000e+00 0.000000e+00 0.000000e+00
    outer loop
      vertex   1.084101e+02 -3.396940e+01 5.036593e-07
      vertex   1.084101e+02 -2.416647e+01 4.758948e+00
      vertex   1.084101e+02 -2.412782e+01 4.519454e+00
    endloop
  endfacet
  facet normal -1.000000e+00 0.000000e+00 0.000000e+00
    outer loop
      vertex   1.084101e+02 -3.396940e+01 5.036593e-07
      vertex   1.084101e+02 -2.417938e+01 5.000001e+00
      vertex   1.084101e+02 -2.416647e+01 4.758948e+00
    endloop
  endfacet
  facet normal -1.000000e+00 0.000000e+00 0.000000e+00
    outer loop
      vertex   1.084101e+02 -3.396940e+01 9.400000e+00
      vertex   1.084101e+02 -2.417938e+01 5.000001e+00
      vertex   1.084101e+02 -3.396940e+01 5.036593e-07
    endloop
  endfacet
  facet normal -1.000000e+00 0.000000e+00 0.000000e+00
    outer loop
      vertex   1.084101e+02 -3.396940e+01 9.400000e+00
      vertex   1.084101e+02 -2.416647e+01 5.241053e+00
      vertex   1.084101e+02 -2.417938e+01 5.000001e+00
    endloop
  endfacet
  facet normal -1.000000e+00 0.000000e+00 0.000000e+00
    outer loop
      vertex   1.084101e+02 -3.396940e+01 9.400000e+00
      vertex   1.084101e+02 -2.412782e+01 5.480548e+00
      vertex   1.084101e+02 -2.416647e+01 5.241053e+00
    endloop
  endfacet
  facet normal -1.000000e+00 -0.000000e+00 0.000000e+00
    outer loop
      vertex   1.084101e+02 -2.406367e+01 5.716935e+00
      vertex   1.084101e+02 -2.412782e+01 5.480548e+00
      vertex   1.084101e+02 -3.396940e+01 9.400000e+00
    endloop
  endfacet
  facet normal -1.000000e+00 0.000000e+00 0.000000e+00
    outer loop
      vertex   1.084101e+02 -3.396940e+01 9.400000e+00
      vertex   1.084101e+02 -2.397446e+01 5.948683e+00
      vertex   1.084101e+02 -2.406367e+01 5.716935e+00
    endloop
  endfacet
  facet normal -1.000000e+00 0.000000e+00 0.000000e+00
    outer loop
      vertex   1.084101e+02 -3.396940e+01 9.400000e+00
      vertex   1.084101e+02 -2.386074e+01 6.174300e+00
      vertex   1.084101e+02 -2.397446e+01 5.948683e+00
    endloop
  endfacet
  facet normal -1.000000e+00 -0.000000e+00 0.000000e+00
    outer loop
      vertex   1.084101e+02 -2.338072e+01 9.400000e+00
      vertex   1.084101e+02 -2.386074e+01 6.174300e+00
      vertex   1.084101e+02 -3.396940e+01 9.400000e+00
    endloop
  endfacet
  facet normal -1.000000e+00 0.000000e+00 0.000000e+00
    outer loop
      vertex   1.084101e+02 -2.338072e+01 9.400000e+00
      vertex   1.084101e+02 -2.372326e+01 6.392321e+00
      vertex   1.084101e+02 -2.386074e+01 6.174300e+00
    endloop
  endfacet
  facet normal -1.000000e+00 0.000000e+00 0.000000e+00
    outer loop
      vertex   1.084101e+02 -2.338072e+01 9.400000e+00
      vertex   1.084101e+02 -2.356291e+01 6.601338e+00
      vertex   1.084101e+02 -2.372326e+01 6.392321e+00
    endloop
  endfacet
  facet normal -1.000000e+00 -0.000000e+00 0.000000e+00
    outer loop
      vertex   1.084101e+02 -2.338072e+01 6.800002e+00
      vertex   1.084101e+02 -2.356291e+01 6.601338e+00
      vertex   1.084101e+02 -2.338072e+01 9.400000e+00
    endloop
  endfacet
  facet normal 6.286495e-01 7.776888e-01 2.970591e-07
    outer loop
      vertex   1.164962e+02 -3.003545e+01 5.036593e-07
      vertex   1.162306e+02 -2.982074e+01 2.209202e+00
      vertex   1.164962e+02 -3.003545e+01 1.913895e+00
    endloop
  endfacet
  facet normal 6.423373e-01 7.664172e-01 2.741423e-03
    outer loop
      vertex   1.159163e+02 -2.954947e+01 5.036593e-07
      vertex   1.162306e+02 -2.982074e+01 2.209202e+00
      vertex   1.164962e+02 -3.003545e+01 5.036593e-07
    endloop
  endfacet
  facet normal 6.506087e-01 7.594129e-01 7.048127e-04
    outer loop
      vertex   1.159954e+02 -2.961954e+01 2.534520e+00
      vertex   1.162306e+02 -2.982074e+01 2.209202e+00
      vertex   1.159163e+02 -2.954947e+01 5.036593e-07
    endloop
  endfacet
  facet normal 6.684555e-01 7.437521e-01 -2.847010e-04
    outer loop
      vertex   1.159163e+02 -2.954947e+01 5.036593e-07
      vertex   1.157922e+02 -2.943678e+01 2.889224e+00
      vertex   1.159954e+02 -2.961954e+01 2.534520e+00
    endloop
  endfacet
  facet normal 6.860295e-01 7.275729e-01 1.101520e-03
    outer loop
      vertex   1.159163e+02 -2.954947e+01 5.036593e-07
      vertex   1.156222e+02 -2.927713e+01 3.272996e+00
      vertex   1.157922e+02 -2.943678e+01 2.889224e+00
    endloop
  endfacet
  facet normal 6.905368e-01 7.232949e-01 1.862502e-03
    outer loop
      vertex   1.153691e+02 -2.902703e+01 5.036593e-07
      vertex   1.156222e+02 -2.927713e+01 3.272996e+00
      vertex   1.159163e+02 -2.954947e+01 5.036593e-07
    endloop
  endfacet
  facet normal 6.963309e-01 7.177202e-01 9.883990e-04
    outer loop
      vertex   1.153691e+02 -2.902703e+01 5.036593e-07
      vertex   1.155503e+02 -2.920755e+01 3.475314e+00
      vertex   1.156222e+02 -2.927713e+01 3.272996e+00
    endloop
  endfacet
  facet normal 7.009462e-01 7.132140e-01 5.137671e-04
    outer loop
      vertex   1.153691e+02 -2.902703e+01 5.036593e-07
      vertex   1.154876e+02 -2.914616e+01 3.682593e+00
      vertex   1.155503e+02 -2.920755e+01 3.475314e+00
    endloop
  endfacet
  facet normal 7.055320e-01 7.086781e-01 2.194424e-04
    outer loop
      vertex   1.154345e+02 -2.909334e+01 3.894206e+00
      vertex   1.154876e+02 -2.914616e+01 3.682593e+00
      vertex   1.153691e+02 -2.902703e+01 5.036593e-07
    endloop
  endfacet
  facet normal 7.098556e-01 7.043472e-01 7.308885e-05
    outer loop
      vertex   1.153691e+02 -2.902703e+01 5.036593e-07
      vertex   1.153909e+02 -2.904943e+01 4.109717e+00
      vertex   1.154345e+02 -2.909334e+01 3.894206e+00
    endloop
  endfacet
  facet normal 7.139592e-01 7.001873e-01 2.863763e-05
    outer loop
      vertex   1.153691e+02 -2.902703e+01 5.036593e-07
      vertex   1.153569e+02 -2.901476e+01 4.328688e+00
      vertex   1.153909e+02 -2.904943e+01 4.109717e+00
    endloop
  endfacet
  facet normal 7.175513e-01 6.965057e-01 4.919365e-05
    outer loop
      vertex   1.153325e+02 -2.898966e+01 4.550683e+00
      vertex   1.153569e+02 -2.901476e+01 4.328688e+00
      vertex   1.153691e+02 -2.902703e+01 5.036593e-07
    endloop
  endfacet
  facet normal 6.286396e-01 7.776968e-01 4.327644e-07
    outer loop
      vertex   1.162332e+02 -2.982289e+01 7.793873e+00
      vertex   1.164962e+02 -3.003545e+01 9.400000e+00
      vertex   1.164962e+02 -3.003545e+01 8.086102e+00
    endloop
  endfacet
  facet normal 6.423357e-01 7.664143e-01 -3.735145e-03
    outer loop
      vertex   1.162332e+02 -2.982289e+01 7.793873e+00
      vertex   1.159163e+02 -2.954947e+01 9.400000e+00
      vertex   1.164962e+02 -3.003545e+01 9.400000e+00
    endloop
  endfacet
  facet normal 6.505179e-01 7.594904e-01 -9.420818e-04
    outer loop
      vertex   1.159966e+02 -2.962063e+01 7.467406e+00
      vertex   1.159163e+02 -2.954947e+01 9.400000e+00
      vertex   1.162332e+02 -2.982289e+01 7.793873e+00
    endloop
  endfacet
  facet normal 6.682396e-01 7.439460e-01 3.663697e-04
    outer loop
      vertex   1.157920e+02 -2.943664e+01 7.110373e+00
      vertex   1.159163e+02 -2.954947e+01 9.400000e+00
      vertex   1.159966e+02 -2.962063e+01 7.467406e+00
    endloop
  endfacet
  facet normal 6.863054e-01 7.273121e-01 -1.434623e-03
    outer loop
      vertex   1.156222e+02 -2.927719e+01 6.727011e+00
      vertex   1.159163e+02 -2.954947e+01 9.400000e+00
      vertex   1.157920e+02 -2.943664e+01 7.110373e+00
    endloop
  endfacet
  facet normal 6.905361e-01 7.232942e-01 -2.309456e-03
    outer loop
      vertex   1.156222e+02 -2.927719e+01 6.727011e+00
      vertex   1.153691e+02 -2.902703e+01 9.400000e+00
      vertex   1.159163e+02 -2.954947e+01 9.400000e+00
    endloop
  endfacet
  facet normal 6.968114e-01 7.172535e-01 -1.149943e-03
    outer loop
      vertex   1.155507e+02 -2.920801e+01 6.526027e+00
      vertex   1.153691e+02 -2.902703e+01 9.400000e+00
      vertex   1.156222e+02 -2.927719e+01 6.727011e+00
    endloop
  endfacet
  facet normal 7.018800e-01 7.122951e-01 -5.175164e-04
    outer loop
      vertex   1.154882e+02 -2.914657e+01 6.319129e+00
      vertex   1.153691e+02 -2.902703e+01 9.400000e+00
      vertex   1.155507e+02 -2.920801e+01 6.526027e+00
    endloop
  endfacet
  facet normal 7.062402e-01 7.079723e-01 -1.813240e-04
    outer loop
      vertex   1.154348e+02 -2.909338e+01 6.106545e+00
      vertex   1.153691e+02 -2.902703e+01 9.400000e+00
      vertex   1.154882e+02 -2.914657e+01 6.319129e+00
    endloop
  endfacet
  facet normal 7.092875e-01 7.049193e-01 -5.904632e-05
    outer loop
      vertex   1.153909e+02 -2.904926e+01 5.889821e+00
      vertex   1.153691e+02 -2.902703e+01 9.400000e+00
      vertex   1.154348e+02 -2.909338e+01 6.106545e+00
    endloop
  endfacet
  facet normal 7.120132e-01 7.021661e-01 -2.467191e-05
    outer loop
      vertex   1.153568e+02 -2.901465e+01 5.670348e+00
      vertex   1.153691e+02 -2.902703e+01 9.400000e+00
      vertex   1.153909e+02 -2.904926e+01 5.889821e+00
    endloop
  endfacet
  facet normal 7.150529e-01 6.990703e-01 -4.500134e-05
    outer loop
      vertex   1.153324e+02 -2.898971e+01 5.448641e+00
      vertex   1.153691e+02 -2.902703e+01 9.400000e+00
      vertex   1.153568e+02 -2.901465e+01 5.670348e+00
    endloop
  endfacet
  facet normal 7.195778e-01 6.944118e-01 -1.310727e-04
    outer loop
      vertex   1.153177e+02 -2.897458e+01 5.225213e+00
      vertex   1.153691e+02 -2.902703e+01 9.400000e+00
      vertex   1.153324e+02 -2.898971e+01 5.448641e+00
    endloop
  endfacet
  facet normal 7.407523e-01 6.717780e-01 -6.759949e-04
    outer loop
      vertex   1.153129e+02 -2.896945e+01 5.000580e+00
      vertex   1.153691e+02 -2.902703e+01 9.400000e+00
      vertex   1.153177e+02 -2.897458e+01 5.225213e+00
    endloop
  endfacet
  facet normal 7.358503e-01 6.771440e-01 -5.431098e-04
    outer loop
      vertex   1.148568e+02 -2.847030e+01 9.400000e+00
      vertex   1.153691e+02 -2.902703e+01 9.400000e+00
      vertex   1.153129e+02 -2.896945e+01 5.000580e+00
    endloop
  endfacet
  facet normal 7.193069e-01 6.946924e-01 7.819452e-05
    outer loop
      vertex   1.153691e+02 -2.902703e+01 5.036593e-07
      vertex   1.153178e+02 -2.897446e+01 4.775252e+00
      vertex   1.153325e+02 -2.898966e+01 4.550683e+00
    endloop
  endfacet
  facet normal 7.079976e-01 7.062148e-01 -1.701253e-04
    outer loop
      vertex   1.153691e+02 -2.902703e+01 5.036593e-07
      vertex   1.153129e+02 -2.896945e+01 5.000580e+00
      vertex   1.153178e+02 -2.897446e+01 4.775252e+00
    endloop
  endfacet
  facet normal 7.358504e-01 6.771440e-01 4.778182e-04
    outer loop
      vertex   1.148568e+02 -2.847030e+01 5.036593e-07
      vertex   1.153129e+02 -2.896945e+01 5.000580e+00
      vertex   1.153691e+02 -2.902703e+01 5.036593e-07
    endloop
  endfacet
  facet normal 7.382388e-01 6.745395e-01 -0.000000e+00
    outer loop
      vertex   1.148568e+02 -2.847030e+01 5.036593e-07
      vertex   1.148568e+02 -2.847030e+01 9.400000e+00
      vertex   1.153129e+02 -2.896945e+01 5.000580e+00
    endloop
  endfacet
  facet normal 7.780794e-01 6.281659e-01 0.000000e+00
    outer loop
      vertex   1.143815e+02 -2.788162e+01 5.036593e-07
      vertex   1.148568e+02 -2.847030e+01 9.400000e+00
      vertex   1.148568e+02 -2.847030e+01 5.036593e-07
    endloop
  endfacet
  facet normal 7.780794e-01 6.281659e-01 -0.000000e+00
    outer loop
      vertex   1.143815e+02 -2.788162e+01 5.036593e-07
      vertex   1.143815e+02 -2.788162e+01 9.400000e+00
      vertex   1.148568e+02 -2.847030e+01 9.400000e+00
    endloop
  endfacet
  facet normal 8.170562e-01 5.765580e-01 0.000000e+00
    outer loop
      vertex   1.139453e+02 -2.726346e+01 5.036593e-07
      vertex   1.143815e+02 -2.788162e+01 9.400000e+00
      vertex   1.143815e+02 -2.788162e+01 5.036593e-07
    endloop
  endfacet
  facet normal 8.170562e-01 5.765580e-01 -0.000000e+00
    outer loop
      vertex   1.139453e+02 -2.726346e+01 5.036593e-07
      vertex   1.139453e+02 -2.726346e+01 9.400000e+00
      vertex   1.143815e+02 -2.788162e+01 9.400000e+00
    endloop
  endfacet
  facet normal 8.526187e-01 5.225335e-01 0.000000e+00
    outer loop
      vertex   1.135500e+02 -2.661839e+01 5.036593e-07
      vertex   1.139453e+02 -2.726346e+01 9.400000e+00
      vertex   1.139453e+02 -2.726346e+01 5.036593e-07
    endloop
  endfacet
  facet normal 8.526187e-01 5.225335e-01 -0.000000e+00
    outer loop
      vertex   1.135500e+02 -2.661839e+01 5.036593e-07
      vertex   1.135500e+02 -2.661839e+01 9.400000e+00
      vertex   1.139453e+02 -2.726346e+01 9.400000e+00
    endloop
  endfacet
  facet normal 8.846094e-01 4.663327e-01 0.000000e+00
    outer loop
      vertex   1.131972e+02 -2.594911e+01 5.036593e-07
      vertex   1.135500e+02 -2.661839e+01 9.400000e+00
      vertex   1.135500e+02 -2.661839e+01 5.036593e-07
    endloop
  endfacet
  facet normal 8.846094e-01 4.663327e-01 -0.000000e+00
    outer loop
      vertex   1.131972e+02 -2.594911e+01 5.036593e-07
      vertex   1.131972e+02 -2.594911e+01 9.400000e+00
      vertex   1.135500e+02 -2.661839e+01 9.400000e+00
    endloop
  endfacet
  facet normal 9.129040e-01 4.081743e-01 0.000000e+00
    outer loop
      vertex   1.128884e+02 -2.525843e+01 5.036593e-07
      vertex   1.131972e+02 -2.594911e+01 9.400000e+00
      vertex   1.131972e+02 -2.594911e+01 5.036593e-07
    endloop
  endfacet
  facet normal 9.129040e-01 4.081743e-01 -0.000000e+00
    outer loop
      vertex   1.128884e+02 -2.525843e+01 5.036593e-07
      vertex   1.128884e+02 -2.525843e+01 9.400000e+00
      vertex   1.131972e+02 -2.594911e+01 9.400000e+00
    endloop
  endfacet
  facet normal 9.373797e-01 3.483091e-01 0.000000e+00
    outer loop
      vertex   1.126248e+02 -2.454923e+01 5.036593e-07
      vertex   1.128884e+02 -2.525843e+01 9.400000e+00
      vertex   1.128884e+02 -2.525843e+01 5.036593e-07
    endloop
  endfacet
  facet normal 9.373797e-01 3.483091e-01 -0.000000e+00
    outer loop
      vertex   1.126248e+02 -2.454923e+01 5.036593e-07
      vertex   1.126248e+02 -2.454923e+01 9.400000e+00
      vertex   1.128884e+02 -2.525843e+01 9.400000e+00
    endloop
  endfacet
  facet normal 9.579340e-01 2.869887e-01 0.000000e+00
    outer loop
      vertex   1.124077e+02 -2.382448e+01 5.036593e-07
      vertex   1.126248e+02 -2.454923e+01 9.400000e+00
      vertex   1.126248e+02 -2.454923e+01 5.036593e-07
    endloop
  endfacet
  facet normal 9.579340e-01 2.869887e-01 -0.000000e+00
    outer loop
      vertex   1.124077e+02 -2.382448e+01 5.036593e-07
      vertex   1.124077e+02 -2.382448e+01 9.400000e+00
      vertex   1.126248e+02 -2.454923e+01 9.400000e+00
    endloop
  endfacet
  facet normal 9.744810e-01 2.244698e-01 0.000000e+00
    outer loop
      vertex   1.122379e+02 -2.308721e+01 5.036593e-07
      vertex   1.124077e+02 -2.382448e+01 9.400000e+00
      vertex   1.124077e+02 -2.382448e+01 5.036593e-07
    endloop
  endfacet
  facet normal 9.744810e-01 2.244698e-01 -0.000000e+00
    outer loop
      vertex   1.122379e+02 -2.308721e+01 5.036593e-07
      vertex   1.122379e+02 -2.308721e+01 9.400000e+00
      vertex   1.124077e+02 -2.382448e+01 9.400000e+00
    endloop
  endfacet
  facet normal 9.869527e-01 1.610104e-01 0.000000e+00
    outer loop
      vertex   1.121161e+02 -2.234050e+01 5.036593e-07
      vertex   1.122379e+02 -2.308721e+01 9.400000e+00
      vertex   1.122379e+02 -2.308721e+01 5.036593e-07
    endloop
  endfacet
  facet normal 9.869527e-01 1.610104e-01 -0.000000e+00
    outer loop
      vertex   1.121161e+02 -2.234050e+01 5.036593e-07
      vertex   1.121161e+02 -2.234050e+01 9.400000e+00
      vertex   1.122379e+02 -2.308721e+01 9.400000e+00
    endloop
  endfacet
  facet normal 9.952966e-01 9.687489e-02 0.000000e+00
    outer loop
      vertex   1.120428e+02 -2.158749e+01 5.036593e-07
      vertex   1.121161e+02 -2.234050e+01 9.400000e+00
      vertex   1.121161e+02 -2.234050e+01 5.036593e-07
    endloop
  endfacet
  facet normal 9.952966e-01 9.687489e-02 0.000000e+00
    outer loop
      vertex   1.120428e+02 -2.158749e+01 9.400000e+00
      vertex   1.121161e+02 -2.234050e+01 9.400000e+00
      vertex   1.120428e+02 -2.158749e+01 5.036593e-07
    endloop
  endfacet
  facet normal 9.999945e-01 3.315795e-03 0.000000e+00
    outer loop
      vertex   1.120186e+02 -2.090896e+01 5.668080e+00
      vertex   1.120183e+02 -2.083131e+01 5.886128e+00
      vertex   1.120183e+02 -2.083131e+01 9.400000e+00
    endloop
  endfacet
  facet normal 9.999597e-01 8.976597e-03 -1.177954e-04
    outer loop
      vertex   1.120183e+02 -2.083131e+01 9.400000e+00
      vertex   1.120190e+02 -2.096444e+01 5.444058e+00
      vertex   1.120186e+02 -2.090896e+01 5.668080e+00
    endloop
  endfacet
  facet normal 9.998861e-01 1.508584e-02 -3.234031e-04
    outer loop
      vertex   1.120183e+02 -2.083131e+01 9.400000e+00
      vertex   1.120195e+02 -2.099741e+01 5.219475e+00
      vertex   1.120190e+02 -2.096444e+01 5.444058e+00
    endloop
  endfacet
  facet normal 9.994765e-01 3.233785e-02 -1.008984e-03
    outer loop
      vertex   1.120428e+02 -2.158749e+01 9.400000e+00
      vertex   1.120195e+02 -2.099741e+01 5.219475e+00
      vertex   1.120183e+02 -2.083131e+01 9.400000e+00
    endloop
  endfacet
  facet normal 9.994337e-01 3.363856e-02 -8.251516e-04
    outer loop
      vertex   1.120428e+02 -2.158749e+01 9.400000e+00
      vertex   1.120197e+02 -2.100831e+01 5.000001e+00
      vertex   1.120195e+02 -2.099741e+01 5.219475e+00
    endloop
  endfacet
  facet normal 9.992038e-01 3.989800e-02 -0.000000e+00
    outer loop
      vertex   1.120428e+02 -2.158749e+01 5.036593e-07
      vertex   1.120197e+02 -2.100831e+01 5.000001e+00
      vertex   1.120428e+02 -2.158749e+01 9.400000e+00
    endloop
  endfacet
  facet normal 9.994537e-01 3.304084e-02 7.954637e-04
    outer loop
      vertex   1.120428e+02 -2.158749e+01 5.036593e-07
      vertex   1.120195e+02 -2.099741e+01 4.780526e+00
      vertex   1.120197e+02 -2.100831e+01 5.000001e+00
    endloop
  endfacet
  facet normal 9.994766e-01 3.233785e-02 8.823475e-04
    outer loop
      vertex   1.120183e+02 -2.083131e+01 5.036593e-07
      vertex   1.120195e+02 -2.099741e+01 4.780526e+00
      vertex   1.120428e+02 -2.158749e+01 5.036593e-07
    endloop
  endfacet
  facet normal 9.998916e-01 1.472377e-02 2.702310e-04
    outer loop
      vertex   1.120183e+02 -2.083131e+01 5.036593e-07
      vertex   1.120190e+02 -2.096444e+01 4.555943e+00
      vertex   1.120195e+02 -2.099741e+01 4.780526e+00
    endloop
  endfacet
  facet normal 9.999603e-01 8.905572e-03 1.002067e-04
    outer loop
      vertex   1.120183e+02 -2.083131e+01 5.036593e-07
      vertex   1.120186e+02 -2.090896e+01 4.331921e+00
      vertex   1.120190e+02 -2.096444e+01 4.555943e+00
    endloop
  endfacet
  facet normal 9.999945e-01 3.315795e-03 0.000000e+00
    outer loop
      vertex   1.120183e+02 -2.083131e+01 4.113873e+00
      vertex   1.120186e+02 -2.090896e+01 4.331921e+00
      vertex   1.120183e+02 -2.083131e+01 5.036593e-07
    endloop
  endfacet
  facet normal 8.541933e-01 -5.188272e-01 3.423604e-02
    outer loop
      vertex   1.175460e+02 -3.677910e+01 9.400000e+00
      vertex   1.176406e+02 -3.663455e+01 9.230489e+00
      vertex   1.178101e+02 -3.634427e+01 9.400000e+00
    endloop
  endfacet
  facet normal 8.309764e-01 -5.562067e-01 -1.059714e-02
    outer loop
      vertex   1.175460e+02 -3.677910e+01 9.400000e+00
      vertex   1.174519e+02 -3.691277e+01 9.041856e+00
      vertex   1.176406e+02 -3.663455e+01 9.230489e+00
    endloop
  endfacet
  facet normal 7.974198e-01 -6.032192e-01 1.575968e-02
    outer loop
      vertex   1.172391e+02 -3.718484e+01 9.400000e+00
      vertex   1.174519e+02 -3.691277e+01 9.041856e+00
      vertex   1.175460e+02 -3.677910e+01 9.400000e+00
    endloop
  endfacet
  facet normal 7.879123e-01 -6.157872e-01 5.605933e-04
    outer loop
      vertex   1.172391e+02 -3.718484e+01 9.400000e+00
      vertex   1.172450e+02 -3.717769e+01 8.834954e+00
      vertex   1.174519e+02 -3.691277e+01 9.041856e+00
    endloop
  endfacet
  facet normal 7.452309e-01 -6.668063e-01 -5.372719e-04
    outer loop
      vertex   1.172391e+02 -3.718484e+01 9.400000e+00
      vertex   1.170208e+02 -3.742812e+01 8.610720e+00
      vertex   1.172450e+02 -3.717769e+01 8.834954e+00
    endloop
  endfacet
  facet normal 7.320622e-01 -6.811961e-01 7.539254e-03
    outer loop
      vertex   1.168925e+02 -3.755729e+01 9.400000e+00
      vertex   1.170208e+02 -3.742812e+01 8.610720e+00
      vertex   1.172391e+02 -3.718484e+01 9.400000e+00
    endloop
  endfacet
  facet normal 7.000392e-01 -7.140979e-01 -3.051966e-03
    outer loop
      vertex   1.168925e+02 -3.755729e+01 9.400000e+00
      vertex   1.167803e+02 -3.766291e+01 8.370168e+00
      vertex   1.170208e+02 -3.742812e+01 8.610720e+00
    endloop
  endfacet
  facet normal 6.590594e-01 -7.520721e-01 5.308452e-03
    outer loop
      vertex   1.165099e+02 -3.789259e+01 9.400000e+00
      vertex   1.167803e+02 -3.766291e+01 8.370168e+00
      vertex   1.168925e+02 -3.755729e+01 9.400000e+00
    endloop
  endfacet
  facet normal 6.485307e-01 -7.611883e-01 5.107868e-04
    outer loop
      vertex   1.165099e+02 -3.789259e+01 9.400000e+00
      vertex   1.165245e+02 -3.788101e+01 8.114383e+00
      vertex   1.167803e+02 -3.766291e+01 8.370168e+00
    endloop
  endfacet
  facet normal 5.965196e-01 -8.025984e-01 -4.534522e-04
    outer loop
      vertex   1.165099e+02 -3.789259e+01 9.400000e+00
      vertex   1.162546e+02 -3.808143e+01 7.844521e+00
      vertex   1.165245e+02 -3.788101e+01 8.114383e+00
    endloop
  endfacet
  facet normal 5.792283e-01 -8.151560e-01 3.908470e-03
    outer loop
      vertex   1.160951e+02 -3.818728e+01 9.400000e+00
      vertex   1.162546e+02 -3.808143e+01 7.844521e+00
      vertex   1.165099e+02 -3.789259e+01 9.400000e+00
    endloop
  endfacet
  facet normal 5.420739e-01 -8.403292e-01 -1.613647e-03
    outer loop
      vertex   1.160951e+02 -3.818728e+01 9.400000e+00
      vertex   1.159719e+02 -3.826326e+01 7.561805e+00
      vertex   1.162546e+02 -3.808143e+01 7.844521e+00
    endloop
  endfacet
  facet normal 4.933962e-01 -8.697999e-01 2.868340e-03
    outer loop
      vertex   1.156526e+02 -3.843830e+01 9.400000e+00
      vertex   1.159719e+02 -3.826326e+01 7.561805e+00
      vertex   1.160951e+02 -3.818728e+01 9.400000e+00
    endloop
  endfacet
  facet normal 4.828418e-01 -8.757075e-01 4.726754e-04
    outer loop
      vertex   1.156526e+02 -3.843830e+01 9.400000e+00
      vertex   1.156776e+02 -3.842568e+01 7.267506e+00
      vertex   1.159719e+02 -3.826326e+01 7.561805e+00
    endloop
  endfacet
  facet normal 4.236127e-01 -9.058433e-01 -3.990529e-04
    outer loop
      vertex   1.156526e+02 -3.843830e+01 9.400000e+00
      vertex   1.153731e+02 -3.856797e+01 6.962962e+00
      vertex   1.156776e+02 -3.842568e+01 7.267506e+00
    endloop
  endfacet
  facet normal 4.024536e-01 -9.154369e-01 2.538771e-03
    outer loop
      vertex   1.151869e+02 -3.864305e+01 9.400000e+00
      vertex   1.153731e+02 -3.856797e+01 6.962962e+00
      vertex   1.156526e+02 -3.843830e+01 9.400000e+00
    endloop
  endfacet
  facet normal 3.623571e-01 -9.320387e-01 -1.035508e-03
    outer loop
      vertex   1.151869e+02 -3.864305e+01 9.400000e+00
      vertex   1.150596e+02 -3.868947e+01 6.649544e+00
      vertex   1.153731e+02 -3.856797e+01 6.962962e+00
    endloop
  endfacet
  facet normal 3.073473e-01 -9.515956e-01 1.839842e-03
    outer loop
      vertex   1.147028e+02 -3.879941e+01 9.400000e+00
      vertex   1.150596e+02 -3.868947e+01 6.649544e+00
      vertex   1.151869e+02 -3.864305e+01 9.400000e+00
    endloop
  endfacet
  facet normal 2.975791e-01 -9.546971e-01 4.484586e-04
    outer loop
      vertex   1.147028e+02 -3.879941e+01 9.400000e+00
      vertex   1.147388e+02 -3.878964e+01 6.328673e+00
      vertex   1.150596e+02 -3.868947e+01 6.649544e+00
    endloop
  endfacet
  facet normal 2.335150e-01 -9.723531e-01 -3.585679e-04
    outer loop
      vertex   1.147028e+02 -3.879941e+01 9.400000e+00
      vertex   1.144119e+02 -3.886802e+01 6.001795e+00
      vertex   1.147388e+02 -3.878964e+01 6.328673e+00
    endloop
  endfacet
  facet normal 2.090551e-01 -9.779021e-01 1.847191e-03
    outer loop
      vertex   1.142053e+02 -3.890577e+01 9.400000e+00
      vertex   1.144119e+02 -3.886802e+01 6.001795e+00
      vertex   1.147028e+02 -3.879941e+01 9.400000e+00
    endloop
  endfacet
  facet normal 1.680242e-01 -9.857826e-01 -7.352639e-04
    outer loop
      vertex   1.142053e+02 -3.890577e+01 9.400000e+00
      vertex   1.140805e+02 -3.892426e+01 5.670390e+00
      vertex   1.144119e+02 -3.886802e+01 6.001795e+00
    endloop
  endfacet
  facet normal 1.085953e-01 -9.940852e-01 1.294117e-03
    outer loop
      vertex   1.136995e+02 -3.896102e+01 9.400000e+00
      vertex   1.140805e+02 -3.892426e+01 5.670390e+00
      vertex   1.142053e+02 -3.890577e+01 9.400000e+00
    endloop
  endfacet
  facet normal 6.838674e-01 -3.468254e-02 -7.287815e-01
    outer loop
      vertex   1.184041e+02 -3.421474e+01 6.023911e-03
      vertex   1.183844e+02 -3.447524e+01 5.036593e-07
      vertex   1.184101e+02 -3.396940e+01 5.036593e-07
    endloop
  endfacet
  facet normal 9.970657e-01 -7.475390e-02 -1.648604e-02
    outer loop
      vertex   1.183860e+02 -3.445949e+01 2.407697e-02
      vertex   1.183844e+02 -3.447524e+01 5.036593e-07
      vertex   1.184041e+02 -3.421474e+01 6.023911e-03
    endloop
  endfacet
  facet normal 9.925910e-01 -1.207085e-01 1.387842e-02
    outer loop
      vertex   1.183560e+02 -3.470306e+01 5.411771e-02
      vertex   1.183844e+02 -3.447524e+01 5.036593e-07
      vertex   1.183860e+02 -3.445949e+01 2.407697e-02
    endloop
  endfacet
  facet normal 9.817055e-01 -1.503866e-01 -1.167824e-01
    outer loop
      vertex   1.183560e+02 -3.470306e+01 5.411771e-02
      vertex   1.183077e+02 -3.497590e+01 5.036593e-07
      vertex   1.183844e+02 -3.447524e+01 5.036593e-07
    endloop
  endfacet
  facet normal 9.849859e-01 -1.724189e-01 -8.629324e-03
    outer loop
      vertex   1.183140e+02 -3.494486e+01 9.607366e-02
      vertex   1.183077e+02 -3.497590e+01 5.036593e-07
      vertex   1.183560e+02 -3.470306e+01 5.411771e-02
    endloop
  endfacet
  facet normal 9.759944e-01 -2.176960e-01 6.586517e-03
    outer loop
      vertex   1.182602e+02 -3.518430e+01 1.498437e-01
      vertex   1.183077e+02 -3.497590e+01 5.036593e-07
      vertex   1.183140e+02 -3.494486e+01 9.607366e-02
    endloop
  endfacet
  facet normal 9.672341e-01 -2.504341e-01 -4.172391e-02
    outer loop
      vertex   1.182602e+02 -3.518430e+01 1.498437e-01
      vertex   1.181808e+02 -3.546622e+01 5.036593e-07
      vertex   1.183077e+02 -3.497590e+01 5.036593e-07
    endloop
  endfacet
  facet normal 9.633251e-01 -2.682675e-01 -6.099528e-03
    outer loop
      vertex   1.181948e+02 -3.542083e+01 2.152982e-01
      vertex   1.181808e+02 -3.546622e+01 5.036593e-07
      vertex   1.182602e+02 -3.518430e+01 1.498437e-01
    endloop
  endfacet
  facet normal 9.499222e-01 -3.124596e-01 4.089236e-03
    outer loop
      vertex   1.181178e+02 -3.565385e+01 2.922807e-01
      vertex   1.181808e+02 -3.546622e+01 5.036593e-07
      vertex   1.181948e+02 -3.542083e+01 2.152982e-01
    endloop
  endfacet
  facet normal 9.375475e-01 -3.472289e-01 -2.089779e-02
    outer loop
      vertex   1.181178e+02 -3.565385e+01 2.922807e-01
      vertex   1.180049e+02 -3.594118e+01 5.036593e-07
      vertex   1.181808e+02 -3.546622e+01 5.036593e-07
    endloop
  endfacet
  facet normal 9.323545e-01 -3.615128e-01 -4.849410e-03
    outer loop
      vertex   1.180295e+02 -3.588282e+01 3.806005e-01
      vertex   1.180049e+02 -3.594118e+01 5.036593e-07
      vertex   1.181178e+02 -3.565385e+01 2.922807e-01
    endloop
  endfacet
  facet normal 9.146685e-01 -4.041947e-01 2.838958e-03
    outer loop
      vertex   1.179300e+02 -3.610718e+01 4.800535e-01
      vertex   1.180049e+02 -3.594118e+01 5.036593e-07
      vertex   1.180295e+02 -3.588282e+01 3.806005e-01
    endloop
  endfacet
  facet normal 8.977346e-01 -4.403647e-01 -1.230833e-02
    outer loop
      vertex   1.179300e+02 -3.610718e+01 4.800535e-01
      vertex   1.177818e+02 -3.639591e+01 5.036593e-07
      vertex   1.180049e+02 -3.594118e+01 5.036593e-07
    endloop
  endfacet
  facet normal 8.923849e-01 -4.512563e-01 -4.105826e-03
    outer loop
      vertex   1.178197e+02 -3.632639e+01 5.903936e-01
      vertex   1.177818e+02 -3.639591e+01 5.036593e-07
      vertex   1.179300e+02 -3.610718e+01 4.800535e-01
    endloop
  endfacet
  facet normal 8.705925e-01 -4.920004e-01 2.089999e-03
    outer loop
      vertex   1.176987e+02 -3.653992e+01 7.113576e-01
      vertex   1.177818e+02 -3.639591e+01 5.036593e-07
      vertex   1.178197e+02 -3.632639e+01 5.903936e-01
    endloop
  endfacet
  facet normal 8.486186e-01 -5.289453e-01 -7.955923e-03
    outer loop
      vertex   1.176987e+02 -3.653992e+01 7.113576e-01
      vertex   1.175139e+02 -3.682575e+01 5.036593e-07
      vertex   1.177818e+02 -3.639591e+01 5.036593e-07
    endloop
  endfacet
  facet normal 8.438107e-01 -5.366288e-01 -3.619443e-03
    outer loop
      vertex   1.175674e+02 -3.674725e+01 8.426519e-01
      vertex   1.175139e+02 -3.682575e+01 5.036593e-07
      vertex   1.176987e+02 -3.653992e+01 7.113576e-01
    endloop
  endfacet
  facet normal 8.181094e-01 -5.750604e-01 1.593122e-03
    outer loop
      vertex   1.174261e+02 -3.694790e+01 9.839635e-01
      vertex   1.175139e+02 -3.682575e+01 5.036593e-07
      vertex   1.175674e+02 -3.674725e+01 8.426519e-01
    endloop
  endfacet
  facet normal 7.907655e-01 -6.120950e-01 -5.443907e-03
    outer loop
      vertex   1.174261e+02 -3.694790e+01 9.839635e-01
      vertex   1.172039e+02 -3.722627e+01 5.036593e-07
      vertex   1.175139e+02 -3.682575e+01 5.036593e-07
    endloop
  endfacet
  facet normal 7.870988e-01 -6.168183e-01 -3.279493e-03
    outer loop
      vertex   1.172751e+02 -3.714137e+01 1.134949e+00
      vertex   1.172039e+02 -3.722627e+01 5.036593e-07
      vertex   1.174261e+02 -3.694790e+01 9.839635e-01
    endloop
  endfacet
  facet normal 7.577431e-01 -6.525518e-01 1.236547e-03
    outer loop
      vertex   1.171149e+02 -3.732720e+01 1.295245e+00
      vertex   1.172039e+02 -3.722627e+01 5.036593e-07
      vertex   1.172751e+02 -3.714137e+01 1.134949e+00
    endloop
  endfacet
  facet normal 7.247883e-01 -6.889608e-01 -3.865979e-03
    outer loop
      vertex   1.171149e+02 -3.732720e+01 1.295245e+00
      vertex   1.168549e+02 -3.759337e+01 5.036593e-07
      vertex   1.172039e+02 -3.722627e+01 5.036593e-07
    endloop
  endfacet
  facet normal 7.227870e-01 -6.910642e-01 -3.032144e-03
    outer loop
      vertex   1.169456e+02 -3.750493e+01 1.464467e+00
      vertex   1.168549e+02 -3.759337e+01 5.036593e-07
      vertex   1.171149e+02 -3.732720e+01 1.295245e+00
    endloop
  endfacet
  facet normal 6.900625e-01 -7.237492e-01 9.683544e-04
    outer loop
      vertex   1.167679e+02 -3.767416e+01 1.642207e+00
      vertex   1.168549e+02 -3.759337e+01 5.036593e-07
      vertex   1.169456e+02 -3.750493e+01 1.464467e+00
    endloop
  endfacet
  facet normal 6.515625e-01 -7.585898e-01 -2.786266e-03
    outer loop
      vertex   1.165821e+02 -3.783445e+01 1.828034e+00
      vertex   1.168549e+02 -3.759337e+01 5.036593e-07
      vertex   1.167679e+02 -3.767416e+01 1.642207e+00
    endloop
  endfacet
  facet normal 6.513697e-01 -7.587552e-01 -2.836847e-03
    outer loop
      vertex   1.165821e+02 -3.783445e+01 1.828034e+00
      vertex   1.164706e+02 -3.792328e+01 5.036593e-07
      vertex   1.168549e+02 -3.759337e+01 5.036593e-07
    endloop
  endfacet
  facet normal 6.157026e-01 -7.879782e-01 7.574060e-04
    outer loop
      vertex   1.163886e+02 -3.798544e+01 2.021504e+00
      vertex   1.164706e+02 -3.792328e+01 5.036593e-07
      vertex   1.165821e+02 -3.783445e+01 1.828034e+00
    endloop
  endfacet
  facet normal 5.745741e-01 -8.184505e-01 -1.848595e-03
    outer loop
      vertex   1.161879e+02 -3.812675e+01 2.222149e+00
      vertex   1.164706e+02 -3.792328e+01 5.036593e-07
      vertex   1.163886e+02 -3.798544e+01 2.021504e+00
    endloop
  endfacet
  facet normal 5.712637e-01 -8.207628e-01 -2.481428e-03
    outer loop
      vertex   1.161879e+02 -3.812675e+01 2.222149e+00
      vertex   1.160549e+02 -3.821262e+01 5.036593e-07
      vertex   1.164706e+02 -3.792328e+01 5.036593e-07
    endloop
  endfacet
  facet normal 5.354150e-01 -8.445889e-01 5.854045e-04
    outer loop
      vertex   1.159806e+02 -3.825805e+01 2.429488e+00
      vertex   1.160549e+02 -3.821262e+01 5.036593e-07
      vertex   1.161879e+02 -3.812675e+01 2.222149e+00
    endloop
  endfacet
  facet normal 4.919662e-01 -8.706134e-01 -1.230044e-03
    outer loop
      vertex   1.157671e+02 -3.837901e+01 2.643017e+00
      vertex   1.160549e+02 -3.821262e+01 5.036593e-07
      vertex   1.159806e+02 -3.825805e+01 2.429488e+00
    endloop
  endfacet
  facet normal 4.853038e-01 -8.743429e-01 -2.190395e-03
    outer loop
      vertex   1.157671e+02 -3.837901e+01 2.643017e+00
      vertex   1.156121e+02 -3.845843e+01 5.036593e-07
      vertex   1.160549e+02 -3.821262e+01 5.036593e-07
    endloop
  endfacet
  facet normal 4.499663e-01 -8.930455e-01 4.441210e-04
    outer loop
      vertex   1.155479e+02 -3.848935e+01 2.862225e+00
      vertex   1.156121e+02 -3.845843e+01 5.036593e-07
      vertex   1.157671e+02 -3.837901e+01 2.643017e+00
    endloop
  endfacet
  facet normal 4.045747e-01 -9.145046e-01 -8.057794e-04
    outer loop
      vertex   1.153235e+02 -3.858880e+01 3.086583e+00
      vertex   1.156121e+02 -3.845843e+01 5.036593e-07
      vertex   1.155479e+02 -3.848935e+01 2.862225e+00
    endloop
  endfacet
  facet normal 3.943544e-01 -9.189564e-01 -1.949284e-03
    outer loop
      vertex   1.153235e+02 -3.858880e+01 3.086583e+00
      vertex   1.151466e+02 -3.865817e+01 5.036593e-07
      vertex   1.156121e+02 -3.845843e+01 5.036593e-07
    endloop
  endfacet
  facet normal 3.384372e-01 -9.409873e-01 1.750401e-03
    outer loop
      vertex   1.148615e+02 -3.875411e+01 3.548577e+00
      vertex   1.151466e+02 -3.865817e+01 5.036593e-07
      vertex   1.153235e+02 -3.858880e+01 3.086583e+00
    endloop
  endfacet
  facet normal 2.993580e-01 -9.541393e-01 -1.744910e-03
    outer loop
      vertex   1.148615e+02 -3.875411e+01 3.548577e+00
      vertex   1.146634e+02 -3.880979e+01 5.036593e-07
      vertex   1.151466e+02 -3.865817e+01 5.036593e-07
    endloop
  endfacet
  facet normal 2.444519e-01 -9.696602e-01 1.564746e-03
    outer loop
      vertex   1.143855e+02 -3.887333e+01 4.024548e+00
      vertex   1.146634e+02 -3.880979e+01 5.036593e-07
      vertex   1.148615e+02 -3.875411e+01 3.548577e+00
    endloop
  endfacet
  facet normal 2.012977e-01 -9.795289e-01 -1.569945e-03
    outer loop
      vertex   1.143855e+02 -3.887333e+01 4.024548e+00
      vertex   1.141672e+02 -3.891174e+01 5.036593e-07
      vertex   1.146634e+02 -3.880979e+01 5.036593e-07
    endloop
  endfacet
  facet normal 1.481077e-01 -9.889702e-01 1.405483e-03
    outer loop
      vertex   1.139002e+02 -3.894533e+01 4.509915e+00
      vertex   1.141672e+02 -3.891174e+01 5.036593e-07
      vertex   1.143855e+02 -3.887333e+01 4.024548e+00
    endloop
  endfacet
  facet normal 1.011720e-01 -9.948679e-01 -1.417731e-03
    outer loop
      vertex   1.139002e+02 -3.894533e+01 4.509915e+00
      vertex   1.136633e+02 -3.896299e+01 5.036593e-07
      vertex   1.141672e+02 -3.891174e+01 5.036593e-07
    endloop
  endfacet
  facet normal 5.032838e-02 -9.987319e-01 1.267458e-03
    outer loop
      vertex   1.134101e+02 -3.896940e+01 5.000001e+00
      vertex   1.136633e+02 -3.896299e+01 5.036593e-07
      vertex   1.139002e+02 -3.894533e+01 4.509915e+00
    endloop
  endfacet
  facet normal 0.000000e+00 -9.999992e-01 -1.283263e-03
    outer loop
      vertex   1.131568e+02 -3.896299e+01 5.036593e-07
      vertex   1.136633e+02 -3.896299e+01 5.036593e-07
      vertex   1.134101e+02 -3.896940e+01 5.000001e+00
    endloop
  endfacet
  facet normal 1.002645e-01 -9.949607e-01 4.345243e-04
    outer loop
      vertex   1.136995e+02 -3.896102e+01 9.400000e+00
      vertex   1.137460e+02 -3.895810e+01 5.335955e+00
      vertex   1.140805e+02 -3.892426e+01 5.670390e+00
    endloop
  endfacet
  facet normal 3.394161e-02 -9.994238e-01 -3.280782e-04
    outer loop
      vertex   1.136995e+02 -3.896102e+01 9.400000e+00
      vertex   1.134101e+02 -3.896940e+01 5.000001e+00
      vertex   1.137460e+02 -3.895810e+01 5.335955e+00
    endloop
  endfacet
  facet normal 7.025756e-03 -9.999743e-01 1.443429e-03
    outer loop
      vertex   1.131908e+02 -3.896459e+01 9.400000e+00
      vertex   1.134101e+02 -3.896940e+01 5.000001e+00
      vertex   1.136995e+02 -3.896102e+01 9.400000e+00
    endloop
  endfacet
  facet normal -2.364179e-02 -9.997205e-01 -8.547522e-05
    outer loop
      vertex   1.131908e+02 -3.896459e+01 9.400000e+00
      vertex   1.131568e+02 -3.896299e+01 5.036593e-07
      vertex   1.134101e+02 -3.896940e+01 5.000001e+00
    endloop
  endfacet
  facet normal -9.463389e-02 -9.955121e-01 1.714649e-04
    outer loop
      vertex   1.126843e+02 -3.891645e+01 9.400000e+00
      vertex   1.131568e+02 -3.896299e+01 5.036593e-07
      vertex   1.131908e+02 -3.896459e+01 9.400000e+00
    endloop
  endfacet
  facet normal -1.011717e-01 -9.948690e-01 -1.603772e-04
    outer loop
      vertex   1.126843e+02 -3.891645e+01 9.400000e+00
      vertex   1.126530e+02 -3.891174e+01 5.036593e-07
      vertex   1.131568e+02 -3.896299e+01 5.036593e-07
    endloop
  endfacet
  facet normal -1.953108e-01 -9.807414e-01 1.606669e-04
    outer loop
      vertex   1.121853e+02 -3.881708e+01 9.400000e+00
      vertex   1.126530e+02 -3.891174e+01 5.036593e-07
      vertex   1.126843e+02 -3.891645e+01 9.400000e+00
    endloop
  endfacet
  facet normal -2.012978e-01 -9.795301e-01 -1.493554e-04
    outer loop
      vertex   1.121853e+02 -3.881708e+01 9.400000e+00
      vertex   1.121568e+02 -3.880979e+01 5.036593e-07
      vertex   1.126530e+02 -3.891174e+01 5.036593e-07
    endloop
  endfacet
  facet normal -2.939571e-01 -9.558186e-01 1.501482e-04
    outer loop
      vertex   1.116991e+02 -3.866753e+01 9.400000e+00
      vertex   1.121568e+02 -3.880979e+01 5.036593e-07
      vertex   1.121853e+02 -3.881708e+01 9.400000e+00
    endloop
  endfacet
  facet normal -2.993598e-01 -9.541403e-01 -1.383490e-04
    outer loop
      vertex   1.116991e+02 -3.866753e+01 9.400000e+00
      vertex   1.116736e+02 -3.865817e+01 5.036593e-07
      vertex   1.121568e+02 -3.880979e+01 5.036593e-07
    endloop
  endfacet
  facet normal -3.895654e-01 -9.209988e-01 1.394224e-04
    outer loop
      vertex   1.112305e+02 -3.846934e+01 9.400000e+00
      vertex   1.116736e+02 -3.865817e+01 5.036593e-07
      vertex   1.116991e+02 -3.866753e+01 9.400000e+00
    endloop
  endfacet
  facet normal -3.943536e-01 -9.189588e-01 -1.272401e-04
    outer loop
      vertex   1.112305e+02 -3.846934e+01 9.400000e+00
      vertex   1.112081e+02 -3.845843e+01 5.036593e-07
      vertex   1.116736e+02 -3.865817e+01 5.036593e-07
    endloop
  endfacet
  facet normal -4.811341e-01 -8.766470e-01 1.285781e-04
    outer loop
      vertex   1.107845e+02 -3.822456e+01 9.400000e+00
      vertex   1.112081e+02 -3.845843e+01 5.036593e-07
      vertex   1.112305e+02 -3.846934e+01 9.400000e+00
    endloop
  endfacet
  facet normal -4.853065e-01 -8.743441e-01 -1.167454e-04
    outer loop
      vertex   1.107845e+02 -3.822456e+01 9.400000e+00
      vertex   1.107653e+02 -3.821262e+01 5.036593e-07
      vertex   1.112081e+02 -3.845843e+01 5.036593e-07
    endloop
  endfacet
  facet normal -5.677334e-01 -8.232125e-01 1.169232e-04
    outer loop
      vertex   1.103657e+02 -3.793572e+01 9.400000e+00
      vertex   1.107653e+02 -3.821262e+01 5.036593e-07
      vertex   1.107845e+02 -3.822456e+01 9.400000e+00
    endloop
  endfacet
  facet normal -5.712657e-01 -8.207652e-01 -1.053204e-04
    outer loop
      vertex   1.103657e+02 -3.793572e+01 9.400000e+00
      vertex   1.103496e+02 -3.792328e+01 5.036593e-07
      vertex   1.107653e+02 -3.821262e+01 5.036593e-07
    endloop
  endfacet
  facet normal -6.484465e-01 -7.612602e-01 1.059459e-04
    outer loop
      vertex   1.099784e+02 -3.760582e+01 9.400000e+00
      vertex   1.103496e+02 -3.792328e+01 5.036593e-07
      vertex   1.103657e+02 -3.793572e+01 9.400000e+00
    endloop
  endfacet
  facet normal -6.513719e-01 -7.587586e-01 -9.404541e-05
    outer loop
      vertex   1.099784e+02 -3.760582e+01 9.400000e+00
      vertex   1.099653e+02 -3.759337e+01 5.036593e-07
      vertex   1.103496e+02 -3.792328e+01 5.036593e-07
    endloop
  endfacet
  facet normal -7.224503e-01 -6.914229e-01 9.461735e-05
    outer loop
      vertex   1.096266e+02 -3.723827e+01 9.400000e+00
      vertex   1.099653e+02 -3.759337e+01 5.036593e-07
      vertex   1.099784e+02 -3.760582e+01 9.400000e+00
    endloop
  endfacet
  facet normal -7.247942e-01 -6.889655e-01 -8.264580e-05
    outer loop
      vertex   1.096266e+02 -3.723827e+01 9.400000e+00
      vertex   1.096163e+02 -3.722627e+01 5.036593e-07
      vertex   1.099653e+02 -3.759337e+01 5.036593e-07
    endloop
  endfacet
  facet normal -7.889698e-01 -6.144320e-01 8.318711e-05
    outer loop
      vertex   1.093141e+02 -3.683688e+01 9.400000e+00
      vertex   1.096163e+02 -3.722627e+01 5.036593e-07
      vertex   1.096266e+02 -3.723827e+01 9.400000e+00
    endloop
  endfacet
  facet normal -7.907752e-01 -6.121067e-01 -7.118302e-05
    outer loop
      vertex   1.093141e+02 -3.683688e+01 9.400000e+00
      vertex   1.093063e+02 -3.682575e+01 5.036593e-07
      vertex   1.096163e+02 -3.722627e+01 5.036593e-07
    endloop
  endfacet
  facet normal -8.473257e-01 -5.310735e-01 7.162130e-05
    outer loop
      vertex   1.090439e+02 -3.640580e+01 9.400000e+00
      vertex   1.093063e+02 -3.682575e+01 5.036593e-07
      vertex   1.093141e+02 -3.683688e+01 9.400000e+00
    endloop
  endfacet
  facet normal -8.486472e-01 -5.289594e-01 -5.971683e-05
    outer loop
      vertex   1.090439e+02 -3.640580e+01 9.400000e+00
      vertex   1.090384e+02 -3.639591e+01 5.036593e-07
      vertex   1.093063e+02 -3.682575e+01 5.036593e-07
    endloop
  endfacet
  facet normal -8.969043e-01 -4.422247e-01 5.985601e-05
    outer loop
      vertex   1.088189e+02 -3.594950e+01 9.400000e+00
      vertex   1.090384e+02 -3.639591e+01 5.036593e-07
      vertex   1.090439e+02 -3.640580e+01 9.400000e+00
    endloop
  endfacet
  facet normal -8.978027e-01 -4.403979e-01 -4.787691e-05
    outer loop
      vertex   1.088189e+02 -3.594950e+01 9.400000e+00
      vertex   1.088153e+02 -3.594118e+01 5.036593e-07
      vertex   1.090384e+02 -3.639591e+01 5.036593e-07
    endloop
  endfacet
  facet normal -9.372004e-01 -3.487914e-01 4.820725e-05
    outer loop
      vertex   1.086414e+02 -3.547270e+01 9.400000e+00
      vertex   1.088153e+02 -3.594118e+01 5.036593e-07
      vertex   1.088189e+02 -3.594950e+01 9.400000e+00
    endloop
  endfacet
  facet normal -9.377524e-01 -3.473046e-01 -3.610126e-05
    outer loop
      vertex   1.086414e+02 -3.547270e+01 9.400000e+00
      vertex   1.086394e+02 -3.546622e+01 5.036593e-07
      vertex   1.088153e+02 -3.594118e+01 5.036593e-07
    endloop
  endfacet
  facet normal -9.677923e-01 -2.517500e-01 3.629674e-05
    outer loop
      vertex   1.085134e+02 -3.498033e+01 9.400000e+00
      vertex   1.086394e+02 -3.546622e+01 5.036593e-07
      vertex   1.086414e+02 -3.547270e+01 9.400000e+00
    endloop
  endfacet
  facet normal -9.680772e-01 -2.506524e-01 -2.425794e-05
    outer loop
      vertex   1.085134e+02 -3.498033e+01 9.400000e+00
      vertex   1.085124e+02 -3.497590e+01 5.036593e-07
      vertex   1.086394e+02 -3.546622e+01 5.036593e-07
    endloop
  endfacet
  facet normal -9.883652e-01 -1.520994e-01 2.422668e-05
    outer loop
      vertex   1.084360e+02 -3.447750e+01 9.400000e+00
      vertex   1.085124e+02 -3.497590e+01 5.036593e-07
      vertex   1.085134e+02 -3.498033e+01 9.400000e+00
    endloop
  endfacet
  facet normal -9.884684e-01 -1.514273e-01 -1.224982e-05
    outer loop
      vertex   1.084360e+02 -3.447750e+01 9.400000e+00
      vertex   1.084357e+02 -3.447524e+01 5.036593e-07
      vertex   1.085124e+02 -3.497590e+01 5.036593e-07
    endloop
  endfacet
  facet normal -9.987050e-01 -5.087477e-02 1.211585e-05
    outer loop
      vertex   1.084101e+02 -3.396940e+01 9.400000e+00
      vertex   1.084357e+02 -3.447524e+01 5.036593e-07
      vertex   1.084360e+02 -3.447750e+01 9.400000e+00
    endloop
  endfacet
  facet normal -9.987165e-01 -5.065020e-02 0.000000e+00
    outer loop
      vertex   1.084101e+02 -3.396940e+01 5.036593e-07
      vertex   1.084357e+02 -3.447524e+01 5.036593e-07
      vertex   1.084101e+02 -3.396940e+01 9.400000e+00
    endloop
  endfacet
  facet normal 0.000000e+00 0.000000e+00 1.000000e+00
    outer loop
      vertex   1.178101e+02 -3.159454e+01 9.400000e+00
      vertex   1.214101e+02 -3.634427e+01 9.400000e+00
      vertex   1.214101e+02 -3.159454e+01 9.400000e+00
    endloop
  endfacet
  facet normal -0.000000e+00 0.000000e+00 1.000000e+00
    outer loop
      vertex   1.178101e+02 -3.634427e+01 9.400000e+00
      vertex   1.214101e+02 -3.634427e+01 9.400000e+00
      vertex   1.178101e+02 -3.159454e+01 9.400000e+00
    endloop
  endfacet
  facet normal 0.000000e+00 0.000000e+00 1.000000e+00
    outer loop
      vertex   1.120183e+02 -2.083131e+01 9.400000e+00
      vertex   1.092885e+02 -1.738912e+01 9.400000e+00
      vertex   1.090030e+02 -1.760286e+01 9.400000e+00
    endloop
  endfacet
  facet normal 0.000000e+00 0.000000e+00 1.000000e+00
    outer loop
      vertex   1.095408e+02 -1.713691e+01 9.400000e+00
      vertex   1.092885e+02 -1.738912e+01 9.400000e+00
      vertex   1.120183e+02 -2.083131e+01 9.400000e+00
    endloop
  endfacet
  facet normal 0.000000e+00 0.000000e+00 1.000000e+00
    outer loop
      vertex   1.120183e+02 -2.083131e+01 9.400000e+00
      vertex   1.097546e+02 -1.685137e+01 9.400000e+00
      vertex   1.095408e+02 -1.713691e+01 9.400000e+00
    endloop
  endfacet
  facet normal 0.000000e+00 0.000000e+00 1.000000e+00
    outer loop
      vertex   1.120183e+02 -2.083131e+01 9.400000e+00
      vertex   1.099255e+02 -1.653832e+01 9.400000e+00
      vertex   1.097546e+02 -1.685137e+01 9.400000e+00
    endloop
  endfacet
  facet normal 0.000000e+00 0.000000e+00 1.000000e+00
    outer loop
      vertex   1.120183e+02 -1.546940e+01 9.400000e+00
      vertex   1.099255e+02 -1.653832e+01 9.400000e+00
      vertex   1.120183e+02 -2.083131e+01 9.400000e+00
    endloop
  endfacet
  facet normal -0.000000e+00 0.000000e+00 1.000000e+00
    outer loop
      vertex   1.100502e+02 -1.620412e+01 9.400000e+00
      vertex   1.099255e+02 -1.653832e+01 9.400000e+00
      vertex   1.120183e+02 -1.546940e+01 9.400000e+00
    endloop
  endfacet
  facet normal 0.000000e+00 0.000000e+00 1.000000e+00
    outer loop
      vertex   1.120183e+02 -1.546940e+01 9.400000e+00
      vertex   1.101260e+02 -1.585558e+01 9.400000e+00
      vertex   1.100502e+02 -1.620412e+01 9.400000e+00
    endloop
  endfacet
  facet normal 0.000000e+00 0.000000e+00 1.000000e+00
    outer loop
      vertex   1.120183e+02 -1.546940e+01 9.400000e+00
      vertex   1.101515e+02 -1.549980e+01 9.400000e+00
      vertex   1.101260e+02 -1.585558e+01 9.400000e+00
    endloop
  endfacet
  facet normal 0.000000e+00 0.000000e+00 1.000000e+00
    outer loop
      vertex   1.119931e+02 -1.499417e+01 9.400000e+00
      vertex   1.101515e+02 -1.549980e+01 9.400000e+00
      vertex   1.120183e+02 -1.546940e+01 9.400000e+00
    endloop
  endfacet
  facet normal 0.000000e+00 0.000000e+00 1.000000e+00
    outer loop
      vertex   1.119931e+02 -1.499417e+01 9.400000e+00
      vertex   1.101261e+02 -1.514401e+01 9.400000e+00
      vertex   1.101515e+02 -1.549980e+01 9.400000e+00
    endloop
  endfacet
  facet normal 0.000000e+00 0.000000e+00 1.000000e+00
    outer loop
      vertex   1.119179e+02 -1.452424e+01 9.400000e+00
      vertex   1.101261e+02 -1.514401e+01 9.400000e+00
      vertex   1.119931e+02 -1.499417e+01 9.400000e+00
    endloop
  endfacet
  facet normal 0.000000e+00 0.000000e+00 1.000000e+00
    outer loop
      vertex   1.117935e+02 -1.406489e+01 9.400000e+00
      vertex   1.101261e+02 -1.514401e+01 9.400000e+00
      vertex   1.119179e+02 -1.452424e+01 9.400000e+00
    endloop
  endfacet
  facet normal 0.000000e+00 0.000000e+00 1.000000e+00
    outer loop
      vertex   1.117935e+02 -1.406489e+01 9.400000e+00
      vertex   1.100503e+02 -1.479546e+01 9.400000e+00
      vertex   1.101261e+02 -1.514401e+01 9.400000e+00
    endloop
  endfacet
  facet normal 0.000000e+00 0.000000e+00 1.000000e+00
    outer loop
      vertex   1.116213e+02 -1.362125e+01 9.400000e+00
      vertex   1.100503e+02 -1.479546e+01 9.400000e+00
      vertex   1.117935e+02 -1.406489e+01 9.400000e+00
    endloop
  endfacet
  facet normal 0.000000e+00 0.000000e+00 1.000000e+00
    outer loop
      vertex   1.114032e+02 -1.319828e+01 9.400000e+00
      vertex   1.100503e+02 -1.479546e+01 9.400000e+00
      vertex   1.116213e+02 -1.362125e+01 9.400000e+00
    endloop
  endfacet
  facet normal 0.000000e+00 0.000000e+00 1.000000e+00
    outer loop
      vertex   1.114032e+02 -1.319828e+01 9.400000e+00
      vertex   1.099256e+02 -1.446125e+01 9.400000e+00
      vertex   1.100503e+02 -1.479546e+01 9.400000e+00
    endloop
  endfacet
  facet normal 0.000000e+00 0.000000e+00 1.000000e+00
    outer loop
      vertex   1.111416e+02 -1.280071e+01 9.400000e+00
      vertex   1.099256e+02 -1.446125e+01 9.400000e+00
      vertex   1.114032e+02 -1.319828e+01 9.400000e+00
    endloop
  endfacet
  facet normal 0.000000e+00 0.000000e+00 1.000000e+00
    outer loop
      vertex   1.108395e+02 -1.243298e+01 9.400000e+00
      vertex   1.099256e+02 -1.446125e+01 9.400000e+00
      vertex   1.111416e+02 -1.280071e+01 9.400000e+00
    endloop
  endfacet
  facet normal 0.000000e+00 0.000000e+00 1.000000e+00
    outer loop
      vertex   1.108395e+02 -1.243298e+01 9.400000e+00
      vertex   1.097547e+02 -1.414817e+01 9.400000e+00
      vertex   1.099256e+02 -1.446125e+01 9.400000e+00
    endloop
  endfacet
  facet normal 0.000000e+00 0.000000e+00 1.000000e+00
    outer loop
      vertex   1.105002e+02 -1.209922e+01 9.400000e+00
      vertex   1.097547e+02 -1.414817e+01 9.400000e+00
      vertex   1.108395e+02 -1.243298e+01 9.400000e+00
    endloop
  endfacet
  facet normal 0.000000e+00 0.000000e+00 1.000000e+00
    outer loop
      vertex   1.105002e+02 -1.209922e+01 9.400000e+00
      vertex   1.095410e+02 -1.386261e+01 9.400000e+00
      vertex   1.097547e+02 -1.414817e+01 9.400000e+00
    endloop
  endfacet
  facet normal 0.000000e+00 0.000000e+00 1.000000e+00
    outer loop
      vertex   1.101276e+02 -1.180315e+01 9.400000e+00
      vertex   1.095410e+02 -1.386261e+01 9.400000e+00
      vertex   1.105002e+02 -1.209922e+01 9.400000e+00
    endloop
  endfacet
  facet normal 0.000000e+00 0.000000e+00 1.000000e+00
    outer loop
      vertex   1.101276e+02 -1.180315e+01 9.400000e+00
      vertex   1.092888e+02 -1.361037e+01 9.400000e+00
      vertex   1.095410e+02 -1.386261e+01 9.400000e+00
    endloop
  endfacet
  facet normal 0.000000e+00 0.000000e+00 1.000000e+00
    outer loop
      vertex   1.097259e+02 -1.154809e+01 9.400000e+00
      vertex   1.092888e+02 -1.361037e+01 9.400000e+00
      vertex   1.101276e+02 -1.180315e+01 9.400000e+00
    endloop
  endfacet
  facet normal 0.000000e+00 0.000000e+00 1.000000e+00
    outer loop
      vertex   1.097259e+02 -1.154809e+01 9.400000e+00
      vertex   1.090032e+02 -1.339659e+01 9.400000e+00
      vertex   1.092888e+02 -1.361037e+01 9.400000e+00
    endloop
  endfacet
  facet normal 0.000000e+00 0.000000e+00 1.000000e+00
    outer loop
      vertex   1.092994e+02 -1.133688e+01 9.400000e+00
      vertex   1.090032e+02 -1.339659e+01 9.400000e+00
      vertex   1.097259e+02 -1.154809e+01 9.400000e+00
    endloop
  endfacet
  facet normal 0.000000e+00 0.000000e+00 1.000000e+00
    outer loop
      vertex   1.092994e+02 -1.133688e+01 9.400000e+00
      vertex   1.086902e+02 -1.322563e+01 9.400000e+00
      vertex   1.090032e+02 -1.339659e+01 9.400000e+00
    endloop
  endfacet
  facet normal 0.000000e+00 0.000000e+00 1.000000e+00
    outer loop
      vertex   1.088530e+02 -1.117189e+01 9.400000e+00
      vertex   1.086902e+02 -1.322563e+01 9.400000e+00
      vertex   1.092994e+02 -1.133688e+01 9.400000e+00
    endloop
  endfacet
  facet normal 0.000000e+00 0.000000e+00 1.000000e+00
    outer loop
      vertex   1.088530e+02 -1.117189e+01 9.400000e+00
      vertex   1.083560e+02 -1.310096e+01 9.400000e+00
      vertex   1.086902e+02 -1.322563e+01 9.400000e+00
    endloop
  endfacet
  facet normal 0.000000e+00 0.000000e+00 1.000000e+00
    outer loop
      vertex   1.083917e+02 -1.105497e+01 9.400000e+00
      vertex   1.083560e+02 -1.310096e+01 9.400000e+00
      vertex   1.088530e+02 -1.117189e+01 9.400000e+00
    endloop
  endfacet
  facet normal 0.000000e+00 0.000000e+00 1.000000e+00
    outer loop
      vertex   1.083917e+02 -1.105497e+01 9.400000e+00
      vertex   1.080074e+02 -1.302511e+01 9.400000e+00
      vertex   1.083560e+02 -1.310096e+01 9.400000e+00
    endloop
  endfacet
  facet normal 0.000000e+00 0.000000e+00 1.000000e+00
    outer loop
      vertex   1.079206e+02 -1.098742e+01 9.400000e+00
      vertex   1.080074e+02 -1.302511e+01 9.400000e+00
      vertex   1.083917e+02 -1.105497e+01 9.400000e+00
    endloop
  endfacet
  facet normal 0.000000e+00 0.000000e+00 1.000000e+00
    outer loop
      vertex   1.079206e+02 -1.098742e+01 9.400000e+00
      vertex   1.076516e+02 -1.299965e+01 9.400000e+00
      vertex   1.080074e+02 -1.302511e+01 9.400000e+00
    endloop
  endfacet
  facet normal 0.000000e+00 0.000000e+00 1.000000e+00
    outer loop
      vertex   1.074450e+02 -1.097000e+01 9.400000e+00
      vertex   1.076516e+02 -1.299965e+01 9.400000e+00
      vertex   1.079206e+02 -1.098742e+01 9.400000e+00
    endloop
  endfacet
  facet normal 0.000000e+00 0.000000e+00 1.000000e+00
    outer loop
      vertex   1.074450e+02 -1.097000e+01 9.400000e+00
      vertex   1.072959e+02 -1.302507e+01 9.400000e+00
      vertex   1.076516e+02 -1.299965e+01 9.400000e+00
    endloop
  endfacet
  facet normal -0.000000e+00 0.000000e+00 1.000000e+00
    outer loop
      vertex   1.069702e+02 -1.100290e+01 9.400000e+00
      vertex   1.072959e+02 -1.302507e+01 9.400000e+00
      vertex   1.074450e+02 -1.097000e+01 9.400000e+00
    endloop
  endfacet
  facet normal 0.000000e+00 0.000000e+00 1.000000e+00
    outer loop
      vertex   1.069702e+02 -1.100290e+01 9.400000e+00
      vertex   1.069473e+02 -1.310087e+01 9.400000e+00
      vertex   1.072959e+02 -1.302507e+01 9.400000e+00
    endloop
  endfacet
  facet normal -0.000000e+00 0.000000e+00 1.000000e+00
    outer loop
      vertex   1.065016e+02 -1.108576e+01 9.400000e+00
      vertex   1.069473e+02 -1.310087e+01 9.400000e+00
      vertex   1.069702e+02 -1.100290e+01 9.400000e+00
    endloop
  endfacet
  facet normal 0.000000e+00 0.000000e+00 1.000000e+00
    outer loop
      vertex   1.065016e+02 -1.108576e+01 9.400000e+00
      vertex   1.066131e+02 -1.322551e+01 9.400000e+00
      vertex   1.069473e+02 -1.310087e+01 9.400000e+00
    endloop
  endfacet
  facet normal -0.000000e+00 0.000000e+00 1.000000e+00
    outer loop
      vertex   1.060443e+02 -1.121765e+01 9.400000e+00
      vertex   1.066131e+02 -1.322551e+01 9.400000e+00
      vertex   1.065016e+02 -1.108576e+01 9.400000e+00
    endloop
  endfacet
  facet normal 0.000000e+00 0.000000e+00 1.000000e+00
    outer loop
      vertex   1.060443e+02 -1.121765e+01 9.400000e+00
      vertex   1.063000e+02 -1.339643e+01 9.400000e+00
      vertex   1.066131e+02 -1.322551e+01 9.400000e+00
    endloop
  endfacet
  facet normal -0.000000e+00 0.000000e+00 1.000000e+00
    outer loop
      vertex   1.056036e+02 -1.139709e+01 9.400000e+00
      vertex   1.063000e+02 -1.339643e+01 9.400000e+00
      vertex   1.060443e+02 -1.121765e+01 9.400000e+00
    endloop
  endfacet
  facet normal 0.000000e+00 0.000000e+00 1.000000e+00
    outer loop
      vertex   1.056036e+02 -1.139709e+01 9.400000e+00
      vertex   1.060145e+02 -1.361018e+01 9.400000e+00
      vertex   1.063000e+02 -1.339643e+01 9.400000e+00
    endloop
  endfacet
  facet normal -0.000000e+00 0.000000e+00 1.000000e+00
    outer loop
      vertex   1.051842e+02 -1.162207e+01 9.400000e+00
      vertex   1.060145e+02 -1.361018e+01 9.400000e+00
      vertex   1.056036e+02 -1.139709e+01 9.400000e+00
    endloop
  endfacet
  facet normal 0.000000e+00 0.000000e+00 1.000000e+00
    outer loop
      vertex   1.051842e+02 -1.162207e+01 9.400000e+00
      vertex   1.057622e+02 -1.386238e+01 9.400000e+00
      vertex   1.060145e+02 -1.361018e+01 9.400000e+00
    endloop
  endfacet
  facet normal -0.000000e+00 0.000000e+00 1.000000e+00
    outer loop
      vertex   1.047909e+02 -1.189009e+01 9.400000e+00
      vertex   1.057622e+02 -1.386238e+01 9.400000e+00
      vertex   1.051842e+02 -1.162207e+01 9.400000e+00
    endloop
  endfacet
  facet normal 0.000000e+00 0.000000e+00 1.000000e+00
    outer loop
      vertex   1.047909e+02 -1.189009e+01 9.400000e+00
      vertex   1.055484e+02 -1.414792e+01 9.400000e+00
      vertex   1.057622e+02 -1.386238e+01 9.400000e+00
    endloop
  endfacet
  facet normal -0.000000e+00 0.000000e+00 1.000000e+00
    outer loop
      vertex   1.044282e+02 -1.219814e+01 9.400000e+00
      vertex   1.055484e+02 -1.414792e+01 9.400000e+00
      vertex   1.047909e+02 -1.189009e+01 9.400000e+00
    endloop
  endfacet
  facet normal 0.000000e+00 0.000000e+00 1.000000e+00
    outer loop
      vertex   1.044282e+02 -1.219814e+01 9.400000e+00
      vertex   1.053775e+02 -1.446097e+01 9.400000e+00
      vertex   1.055484e+02 -1.414792e+01 9.400000e+00
    endloop
  endfacet
  facet normal -0.000000e+00 0.000000e+00 1.000000e+00
    outer loop
      vertex   1.041000e+02 -1.254277e+01 9.400000e+00
      vertex   1.053775e+02 -1.446097e+01 9.400000e+00
      vertex   1.044282e+02 -1.219814e+01 9.400000e+00
    endloop
  endfacet
  facet normal -0.000000e+00 0.000000e+00 1.000000e+00
    outer loop
      vertex   1.038100e+02 -1.292014e+01 9.400000e+00
      vertex   1.053775e+02 -1.446097e+01 9.400000e+00
      vertex   1.041000e+02 -1.254277e+01 9.400000e+00
    endloop
  endfacet
  facet normal 0.000000e+00 0.000000e+00 1.000000e+00
    outer loop
      vertex   1.038100e+02 -1.292014e+01 9.400000e+00
      vertex   1.052528e+02 -1.479517e+01 9.400000e+00
      vertex   1.053775e+02 -1.446097e+01 9.400000e+00
    endloop
  endfacet
  facet normal -0.000000e+00 0.000000e+00 1.000000e+00
    outer loop
      vertex   1.035616e+02 -1.332602e+01 9.400000e+00
      vertex   1.052528e+02 -1.479517e+01 9.400000e+00
      vertex   1.038100e+02 -1.292014e+01 9.400000e+00
    endloop
  endfacet
  facet normal -0.000000e+00 0.000000e+00 1.000000e+00
    outer loop
      vertex   1.033573e+02 -1.375587e+01 9.400000e+00
      vertex   1.052528e+02 -1.479517e+01 9.400000e+00
      vertex   1.035616e+02 -1.332602e+01 9.400000e+00
    endloop
  endfacet
  facet normal 0.000000e+00 0.000000e+00 1.000000e+00
    outer loop
      vertex   1.033573e+02 -1.375587e+01 9.400000e+00
      vertex   1.051770e+02 -1.514371e+01 9.400000e+00
      vertex   1.052528e+02 -1.479517e+01 9.400000e+00
    endloop
  endfacet
  facet normal -0.000000e+00 0.000000e+00 1.000000e+00
    outer loop
      vertex   1.031996e+02 -1.420489e+01 9.400000e+00
      vertex   1.051770e+02 -1.514371e+01 9.400000e+00
      vertex   1.033573e+02 -1.375587e+01 9.400000e+00
    endloop
  endfacet
  facet normal -0.000000e+00 0.000000e+00 1.000000e+00
    outer loop
      vertex   1.030902e+02 -1.466805e+01 9.400000e+00
      vertex   1.051770e+02 -1.514371e+01 9.400000e+00
      vertex   1.031996e+02 -1.420489e+01 9.400000e+00
    endloop
  endfacet
  facet normal 0.000000e+00 0.000000e+00 1.000000e+00
    outer loop
      vertex   1.030902e+02 -1.466805e+01 9.400000e+00
      vertex   1.051515e+02 -1.549950e+01 9.400000e+00
      vertex   1.051770e+02 -1.514371e+01 9.400000e+00
    endloop
  endfacet
  facet normal -0.000000e+00 0.000000e+00 1.000000e+00
    outer loop
      vertex   1.030304e+02 -1.514018e+01 9.400000e+00
      vertex   1.051515e+02 -1.549950e+01 9.400000e+00
      vertex   1.030902e+02 -1.466805e+01 9.400000e+00
    endloop
  endfacet
  facet normal 0.000000e+00 0.000000e+00 1.000000e+00
    outer loop
      vertex   1.030207e+02 -1.561598e+01 9.400000e+00
      vertex   1.051515e+02 -1.549950e+01 9.400000e+00
      vertex   1.030304e+02 -1.514018e+01 9.400000e+00
    endloop
  endfacet
  facet normal 0.000000e+00 -0.000000e+00 1.000000e+00
    outer loop
      vertex   1.030613e+02 -1.609015e+01 9.400000e+00
      vertex   1.051515e+02 -1.549950e+01 9.400000e+00
      vertex   1.030207e+02 -1.561598e+01 9.400000e+00
    endloop
  endfacet
  facet normal 0.000000e+00 0.000000e+00 1.000000e+00
    outer loop
      vertex   1.030613e+02 -1.609015e+01 9.400000e+00
      vertex   1.051769e+02 -1.585529e+01 9.400000e+00
      vertex   1.051515e+02 -1.549950e+01 9.400000e+00
    endloop
  endfacet
  facet normal 0.000000e+00 -0.000000e+00 1.000000e+00
    outer loop
      vertex   1.031518e+02 -1.655737e+01 9.400000e+00
      vertex   1.051769e+02 -1.585529e+01 9.400000e+00
      vertex   1.030613e+02 -1.609015e+01 9.400000e+00
    endloop
  endfacet
  facet normal 0.000000e+00 -0.000000e+00 1.000000e+00
    outer loop
      vertex   1.032911e+02 -1.701243e+01 9.400000e+00
      vertex   1.051769e+02 -1.585529e+01 9.400000e+00
      vertex   1.031518e+02 -1.655737e+01 9.400000e+00
    endloop
  endfacet
  facet normal 0.000000e+00 -0.000000e+00 1.000000e+00
    outer loop
      vertex   1.034777e+02 -1.745022e+01 9.400000e+00
      vertex   1.051769e+02 -1.585529e+01 9.400000e+00
      vertex   1.032911e+02 -1.701243e+01 9.400000e+00
    endloop
  endfacet
  facet normal 0.000000e+00 0.000000e+00 1.000000e+00
    outer loop
      vertex   1.034777e+02 -1.745022e+01 9.400000e+00
      vertex   1.052527e+02 -1.620384e+01 9.400000e+00
      vertex   1.051769e+02 -1.585529e+01 9.400000e+00
    endloop
  endfacet
  facet normal 0.000000e+00 -0.000000e+00 1.000000e+00
    outer loop
      vertex   1.037095e+02 -1.786586e+01 9.400000e+00
      vertex   1.052527e+02 -1.620384e+01 9.400000e+00
      vertex   1.034777e+02 -1.745022e+01 9.400000e+00
    endloop
  endfacet
  facet normal 0.000000e+00 -0.000000e+00 1.000000e+00
    outer loop
      vertex   1.039839e+02 -1.825470e+01 9.400000e+00
      vertex   1.052527e+02 -1.620384e+01 9.400000e+00
      vertex   1.037095e+02 -1.786586e+01 9.400000e+00
    endloop
  endfacet
  facet normal 0.000000e+00 0.000000e+00 1.000000e+00
    outer loop
      vertex   1.039839e+02 -1.825470e+01 9.400000e+00
      vertex   1.053774e+02 -1.653805e+01 9.400000e+00
      vertex   1.052527e+02 -1.620384e+01 9.400000e+00
    endloop
  endfacet
  facet normal 0.000000e+00 -0.000000e+00 1.000000e+00
    outer loop
      vertex   1.042978e+02 -1.861239e+01 9.400000e+00
      vertex   1.053774e+02 -1.653805e+01 9.400000e+00
      vertex   1.039839e+02 -1.825470e+01 9.400000e+00
    endloop
  endfacet
  facet normal 0.000000e+00 0.000000e+00 1.000000e+00
    outer loop
      vertex   1.042978e+02 -1.861239e+01 9.400000e+00
      vertex   1.055483e+02 -1.685112e+01 9.400000e+00
      vertex   1.053774e+02 -1.653805e+01 9.400000e+00
    endloop
  endfacet
  facet normal 0.000000e+00 -0.000000e+00 1.000000e+00
    outer loop
      vertex   1.046477e+02 -1.893493e+01 9.400000e+00
      vertex   1.055483e+02 -1.685112e+01 9.400000e+00
      vertex   1.042978e+02 -1.861239e+01 9.400000e+00
    endloop
  endfacet
  facet normal 0.000000e+00 0.000000e+00 1.000000e+00
    outer loop
      vertex   1.046477e+02 -1.893493e+01 9.400000e+00
      vertex   1.057620e+02 -1.713669e+01 9.400000e+00
      vertex   1.055483e+02 -1.685112e+01 9.400000e+00
    endloop
  endfacet
  facet normal 0.000000e+00 -0.000000e+00 1.000000e+00
    outer loop
      vertex   1.050298e+02 -1.921871e+01 9.400000e+00
      vertex   1.057620e+02 -1.713669e+01 9.400000e+00
      vertex   1.046477e+02 -1.893493e+01 9.400000e+00
    endloop
  endfacet
  facet normal 0.000000e+00 0.000000e+00 1.000000e+00
    outer loop
      vertex   1.050298e+02 -1.921871e+01 9.400000e+00
      vertex   1.060142e+02 -1.738892e+01 9.400000e+00
      vertex   1.057620e+02 -1.713669e+01 9.400000e+00
    endloop
  endfacet
  facet normal 0.000000e+00 -0.000000e+00 1.000000e+00
    outer loop
      vertex   1.054397e+02 -1.946055e+01 9.400000e+00
      vertex   1.060142e+02 -1.738892e+01 9.400000e+00
      vertex   1.050298e+02 -1.921871e+01 9.400000e+00
    endloop
  endfacet
  facet normal 0.000000e+00 0.000000e+00 1.000000e+00
    outer loop
      vertex   1.054397e+02 -1.946055e+01 9.400000e+00
      vertex   1.062998e+02 -1.760270e+01 9.400000e+00
      vertex   1.060142e+02 -1.738892e+01 9.400000e+00
    endloop
  endfacet
  facet normal 0.000000e+00 -0.000000e+00 1.000000e+00
    outer loop
      vertex   1.058728e+02 -1.965775e+01 9.400000e+00
      vertex   1.062998e+02 -1.760270e+01 9.400000e+00
      vertex   1.054397e+02 -1.946055e+01 9.400000e+00
    endloop
  endfacet
  facet normal 0.000000e+00 0.000000e+00 1.000000e+00
    outer loop
      vertex   1.058728e+02 -1.965775e+01 9.400000e+00
      vertex   1.066128e+02 -1.777367e+01 9.400000e+00
      vertex   1.062998e+02 -1.760270e+01 9.400000e+00
    endloop
  endfacet
  facet normal 0.000000e+00 -0.000000e+00 1.000000e+00
    outer loop
      vertex   1.062683e+02 -1.983853e+01 9.400000e+00
      vertex   1.066128e+02 -1.777367e+01 9.400000e+00
      vertex   1.058728e+02 -1.965775e+01 9.400000e+00
    endloop
  endfacet
  facet normal 0.000000e+00 0.000000e+00 1.000000e+00
    outer loop
      vertex   1.062683e+02 -1.983853e+01 9.400000e+00
      vertex   1.069470e+02 -1.789834e+01 9.400000e+00
      vertex   1.066128e+02 -1.777367e+01 9.400000e+00
    endloop
  endfacet
  facet normal 0.000000e+00 -0.000000e+00 1.000000e+00
    outer loop
      vertex   1.066418e+02 -2.006117e+01 9.400000e+00
      vertex   1.069470e+02 -1.789834e+01 9.400000e+00
      vertex   1.062683e+02 -1.983853e+01 9.400000e+00
    endloop
  endfacet
  facet normal 0.000000e+00 0.000000e+00 1.000000e+00
    outer loop
      vertex   1.066418e+02 -2.006117e+01 9.400000e+00
      vertex   1.072956e+02 -1.797418e+01 9.400000e+00
      vertex   1.069470e+02 -1.789834e+01 9.400000e+00
    endloop
  endfacet
  facet normal 0.000000e+00 -0.000000e+00 1.000000e+00
    outer loop
      vertex   1.069890e+02 -2.032305e+01 9.400000e+00
      vertex   1.072956e+02 -1.797418e+01 9.400000e+00
      vertex   1.066418e+02 -2.006117e+01 9.400000e+00
    endloop
  endfacet
  facet normal 0.000000e+00 0.000000e+00 1.000000e+00
    outer loop
      vertex   1.126248e+02 -2.454923e+01 9.400000e+00
      vertex   1.084101e+02 -2.338072e+01 9.400000e+00
      vertex   1.128884e+02 -2.525843e+01 9.400000e+00
    endloop
  endfacet
  facet normal 0.000000e+00 0.000000e+00 1.000000e+00
    outer loop
      vertex   1.124077e+02 -2.382448e+01 9.400000e+00
      vertex   1.084101e+02 -2.338072e+01 9.400000e+00
      vertex   1.126248e+02 -2.454923e+01 9.400000e+00
    endloop
  endfacet
  facet normal 0.000000e+00 0.000000e+00 1.000000e+00
    outer loop
      vertex   1.122379e+02 -2.308721e+01 9.400000e+00
      vertex   1.084101e+02 -2.338072e+01 9.400000e+00
      vertex   1.124077e+02 -2.382448e+01 9.400000e+00
    endloop
  endfacet
  facet normal 0.000000e+00 0.000000e+00 1.000000e+00
    outer loop
      vertex   1.121161e+02 -2.234050e+01 9.400000e+00
      vertex   1.084101e+02 -2.338072e+01 9.400000e+00
      vertex   1.122379e+02 -2.308721e+01 9.400000e+00
    endloop
  endfacet
  facet normal 0.000000e+00 0.000000e+00 1.000000e+00
    outer loop
      vertex   1.121161e+02 -2.234050e+01 9.400000e+00
      vertex   1.083865e+02 -2.294651e+01 9.400000e+00
      vertex   1.084101e+02 -2.338072e+01 9.400000e+00
    endloop
  endfacet
  facet normal 0.000000e+00 0.000000e+00 1.000000e+00
    outer loop
      vertex   1.120428e+02 -2.158749e+01 9.400000e+00
      vertex   1.083865e+02 -2.294651e+01 9.400000e+00
      vertex   1.121161e+02 -2.234050e+01 9.400000e+00
    endloop
  endfacet
  facet normal 0.000000e+00 0.000000e+00 1.000000e+00
    outer loop
      vertex   1.120428e+02 -2.158749e+01 9.400000e+00
      vertex   1.083158e+02 -2.251743e+01 9.400000e+00
      vertex   1.083865e+02 -2.294651e+01 9.400000e+00
    endloop
  endfacet
  facet normal 0.000000e+00 0.000000e+00 1.000000e+00
    outer loop
      vertex   1.120183e+02 -2.083131e+01 9.400000e+00
      vertex   1.083158e+02 -2.251743e+01 9.400000e+00
      vertex   1.120428e+02 -2.158749e+01 9.400000e+00
    endloop
  endfacet
  facet normal 0.000000e+00 0.000000e+00 1.000000e+00
    outer loop
      vertex   1.120183e+02 -2.083131e+01 9.400000e+00
      vertex   1.081990e+02 -2.209855e+01 9.400000e+00
      vertex   1.083158e+02 -2.251743e+01 9.400000e+00
    endloop
  endfacet
  facet normal 0.000000e+00 0.000000e+00 1.000000e+00
    outer loop
      vertex   1.090030e+02 -1.760286e+01 9.400000e+00
      vertex   1.081990e+02 -2.209855e+01 9.400000e+00
      vertex   1.120183e+02 -2.083131e+01 9.400000e+00
    endloop
  endfacet
  facet normal 0.000000e+00 0.000000e+00 1.000000e+00
    outer loop
      vertex   1.090030e+02 -1.760286e+01 9.400000e+00
      vertex   1.080375e+02 -2.169483e+01 9.400000e+00
      vertex   1.081990e+02 -2.209855e+01 9.400000e+00
    endloop
  endfacet
  facet normal -0.000000e+00 0.000000e+00 1.000000e+00
    outer loop
      vertex   1.086899e+02 -1.777379e+01 9.400000e+00
      vertex   1.080375e+02 -2.169483e+01 9.400000e+00
      vertex   1.090030e+02 -1.760286e+01 9.400000e+00
    endloop
  endfacet
  facet normal 0.000000e+00 0.000000e+00 1.000000e+00
    outer loop
      vertex   1.086899e+02 -1.777379e+01 9.400000e+00
      vertex   1.078330e+02 -2.131103e+01 9.400000e+00
      vertex   1.080375e+02 -2.169483e+01 9.400000e+00
    endloop
  endfacet
  facet normal -0.000000e+00 0.000000e+00 1.000000e+00
    outer loop
      vertex   1.083557e+02 -1.789842e+01 9.400000e+00
      vertex   1.078330e+02 -2.131103e+01 9.400000e+00
      vertex   1.086899e+02 -1.777379e+01 9.400000e+00
    endloop
  endfacet
  facet normal 0.000000e+00 0.000000e+00 1.000000e+00
    outer loop
      vertex   1.083557e+02 -1.789842e+01 9.400000e+00
      vertex   1.075881e+02 -2.095170e+01 9.400000e+00
      vertex   1.078330e+02 -2.131103e+01 9.400000e+00
    endloop
  endfacet
  facet normal -0.000000e+00 0.000000e+00 1.000000e+00
    outer loop
      vertex   1.080071e+02 -1.797422e+01 9.400000e+00
      vertex   1.075881e+02 -2.095170e+01 9.400000e+00
      vertex   1.083557e+02 -1.789842e+01 9.400000e+00
    endloop
  endfacet
  facet normal 0.000000e+00 0.000000e+00 1.000000e+00
    outer loop
      vertex   1.080071e+02 -1.797422e+01 9.400000e+00
      vertex   1.073057e+02 -2.062106e+01 9.400000e+00
      vertex   1.075881e+02 -2.095170e+01 9.400000e+00
    endloop
  endfacet
  facet normal -0.000000e+00 0.000000e+00 1.000000e+00
    outer loop
      vertex   1.076514e+02 -1.799965e+01 9.400000e+00
      vertex   1.073057e+02 -2.062106e+01 9.400000e+00
      vertex   1.080071e+02 -1.797422e+01 9.400000e+00
    endloop
  endfacet
  facet normal 0.000000e+00 0.000000e+00 1.000000e+00
    outer loop
      vertex   1.076514e+02 -1.799965e+01 9.400000e+00
      vertex   1.069890e+02 -2.032305e+01 9.400000e+00
      vertex   1.073057e+02 -2.062106e+01 9.400000e+00
    endloop
  endfacet
  facet normal 0.000000e+00 0.000000e+00 1.000000e+00
    outer loop
      vertex   1.072956e+02 -1.797418e+01 9.400000e+00
      vertex   1.069890e+02 -2.032305e+01 9.400000e+00
      vertex   1.076514e+02 -1.799965e+01 9.400000e+00
    endloop
  endfacet
  facet normal 0.000000e+00 0.000000e+00 1.000000e+00
    outer loop
      vertex   1.139453e+02 -2.726346e+01 9.400000e+00
      vertex   1.130607e+02 -3.159498e+01 9.400000e+00
      vertex   1.143815e+02 -2.788162e+01 9.400000e+00
    endloop
  endfacet
  facet normal 0.000000e+00 0.000000e+00 1.000000e+00
    outer loop
      vertex   1.139453e+02 -2.726346e+01 9.400000e+00
      vertex   1.127187e+02 -3.167116e+01 9.400000e+00
      vertex   1.130607e+02 -3.159498e+01 9.400000e+00
    endloop
  endfacet
  facet normal 0.000000e+00 0.000000e+00 1.000000e+00
    outer loop
      vertex   1.135500e+02 -2.661839e+01 9.400000e+00
      vertex   1.127187e+02 -3.167116e+01 9.400000e+00
      vertex   1.139453e+02 -2.726346e+01 9.400000e+00
    endloop
  endfacet
  facet normal 0.000000e+00 0.000000e+00 1.000000e+00
    outer loop
      vertex   1.135500e+02 -2.661839e+01 9.400000e+00
      vertex   1.123914e+02 -3.179633e+01 9.400000e+00
      vertex   1.127187e+02 -3.167116e+01 9.400000e+00
    endloop
  endfacet
  facet normal 0.000000e+00 0.000000e+00 1.000000e+00
    outer loop
      vertex   1.131972e+02 -2.594911e+01 9.400000e+00
      vertex   1.123914e+02 -3.179633e+01 9.400000e+00
      vertex   1.135500e+02 -2.661839e+01 9.400000e+00
    endloop
  endfacet
  facet normal 0.000000e+00 0.000000e+00 1.000000e+00
    outer loop
      vertex   1.131972e+02 -2.594911e+01 9.400000e+00
      vertex   1.120859e+02 -3.196781e+01 9.400000e+00
      vertex   1.123914e+02 -3.179633e+01 9.400000e+00
    endloop
  endfacet
  facet normal 0.000000e+00 0.000000e+00 1.000000e+00
    outer loop
      vertex   1.128884e+02 -2.525843e+01 9.400000e+00
      vertex   1.120859e+02 -3.196781e+01 9.400000e+00
      vertex   1.131972e+02 -2.594911e+01 9.400000e+00
    endloop
  endfacet
  facet normal 0.000000e+00 0.000000e+00 1.000000e+00
    outer loop
      vertex   1.128884e+02 -2.525843e+01 9.400000e+00
      vertex   1.118085e+02 -3.218195e+01 9.400000e+00
      vertex   1.120859e+02 -3.196781e+01 9.400000e+00
    endloop
  endfacet
  facet normal 0.000000e+00 0.000000e+00 1.000000e+00
    outer loop
      vertex   1.084101e+02 -2.338072e+01 9.400000e+00
      vertex   1.118085e+02 -3.218195e+01 9.400000e+00
      vertex   1.128884e+02 -2.525843e+01 9.400000e+00
    endloop
  endfacet
  facet normal 0.000000e+00 0.000000e+00 1.000000e+00
    outer loop
      vertex   1.084101e+02 -2.338072e+01 9.400000e+00
      vertex   1.115653e+02 -3.243419e+01 9.400000e+00
      vertex   1.118085e+02 -3.218195e+01 9.400000e+00
    endloop
  endfacet
  facet normal 0.000000e+00 0.000000e+00 1.000000e+00
    outer loop
      vertex   1.084101e+02 -2.338072e+01 9.400000e+00
      vertex   1.113615e+02 -3.271915e+01 9.400000e+00
      vertex   1.115653e+02 -3.243419e+01 9.400000e+00
    endloop
  endfacet
  facet normal 0.000000e+00 0.000000e+00 1.000000e+00
    outer loop
      vertex   1.084101e+02 -3.396940e+01 9.400000e+00
      vertex   1.113615e+02 -3.271915e+01 9.400000e+00
      vertex   1.084101e+02 -2.338072e+01 9.400000e+00
    endloop
  endfacet
  facet normal 0.000000e+00 0.000000e+00 1.000000e+00
    outer loop
      vertex   1.084101e+02 -3.396940e+01 9.400000e+00
      vertex   1.112013e+02 -3.303075e+01 9.400000e+00
      vertex   1.113615e+02 -3.271915e+01 9.400000e+00
    endloop
  endfacet
  facet normal 0.000000e+00 -0.000000e+00 1.000000e+00
    outer loop
      vertex   1.110881e+02 -3.336236e+01 9.400000e+00
      vertex   1.112013e+02 -3.303075e+01 9.400000e+00
      vertex   1.084101e+02 -3.396940e+01 9.400000e+00
    endloop
  endfacet
  facet normal 0.000000e+00 0.000000e+00 1.000000e+00
    outer loop
      vertex   1.084101e+02 -3.396940e+01 9.400000e+00
      vertex   1.110245e+02 -3.370691e+01 9.400000e+00
      vertex   1.110881e+02 -3.336236e+01 9.400000e+00
    endloop
  endfacet
  facet normal -0.000000e+00 0.000000e+00 1.000000e+00
    outer loop
      vertex   1.084101e+02 -3.396940e+01 9.400000e+00
      vertex   1.110117e+02 -3.405706e+01 9.400000e+00
      vertex   1.110245e+02 -3.370691e+01 9.400000e+00
    endloop
  endfacet
  facet normal 0.000000e+00 -0.000000e+00 1.000000e+00
    outer loop
      vertex   1.084360e+02 -3.447750e+01 9.400000e+00
      vertex   1.110117e+02 -3.405706e+01 9.400000e+00
      vertex   1.084101e+02 -3.396940e+01 9.400000e+00
    endloop
  endfacet
  facet normal 0.000000e+00 -0.000000e+00 1.000000e+00
    outer loop
      vertex   1.085134e+02 -3.498033e+01 9.400000e+00
      vertex   1.110117e+02 -3.405706e+01 9.400000e+00
      vertex   1.084360e+02 -3.447750e+01 9.400000e+00
    endloop
  endfacet
  facet normal 0.000000e+00 -0.000000e+00 1.000000e+00
    outer loop
      vertex   1.086414e+02 -3.547270e+01 9.400000e+00
      vertex   1.110117e+02 -3.405706e+01 9.400000e+00
      vertex   1.085134e+02 -3.498033e+01 9.400000e+00
    endloop
  endfacet
  facet normal 0.000000e+00 0.000000e+00 1.000000e+00
    outer loop
      vertex   1.086414e+02 -3.547270e+01 9.400000e+00
      vertex   1.110500e+02 -3.440533e+01 9.400000e+00
      vertex   1.110117e+02 -3.405706e+01 9.400000e+00
    endloop
  endfacet
  facet normal 0.000000e+00 -0.000000e+00 1.000000e+00
    outer loop
      vertex   1.088189e+02 -3.594950e+01 9.400000e+00
      vertex   1.110500e+02 -3.440533e+01 9.400000e+00
      vertex   1.086414e+02 -3.547270e+01 9.400000e+00
    endloop
  endfacet
  facet normal 0.000000e+00 -0.000000e+00 1.000000e+00
    outer loop
      vertex   1.090439e+02 -3.640580e+01 9.400000e+00
      vertex   1.110500e+02 -3.440533e+01 9.400000e+00
      vertex   1.088189e+02 -3.594950e+01 9.400000e+00
    endloop
  endfacet
  facet normal 0.000000e+00 0.000000e+00 1.000000e+00
    outer loop
      vertex   1.090439e+02 -3.640580e+01 9.400000e+00
      vertex   1.111386e+02 -3.474432e+01 9.400000e+00
      vertex   1.110500e+02 -3.440533e+01 9.400000e+00
    endloop
  endfacet
  facet normal 0.000000e+00 -0.000000e+00 1.000000e+00
    outer loop
      vertex   1.093141e+02 -3.683688e+01 9.400000e+00
      vertex   1.111386e+02 -3.474432e+01 9.400000e+00
      vertex   1.090439e+02 -3.640580e+01 9.400000e+00
    endloop
  endfacet
  facet normal 0.000000e+00 -0.000000e+00 1.000000e+00
    outer loop
      vertex   1.096266e+02 -3.723827e+01 9.400000e+00
      vertex   1.111386e+02 -3.474432e+01 9.400000e+00
      vertex   1.093141e+02 -3.683688e+01 9.400000e+00
    endloop
  endfacet
  facet normal 0.000000e+00 0.000000e+00 1.000000e+00
    outer loop
      vertex   1.096266e+02 -3.723827e+01 9.400000e+00
      vertex   1.112757e+02 -3.506679e+01 9.400000e+00
      vertex   1.111386e+02 -3.474432e+01 9.400000e+00
    endloop
  endfacet
  facet normal 0.000000e+00 -0.000000e+00 1.000000e+00
    outer loop
      vertex   1.099784e+02 -3.760582e+01 9.400000e+00
      vertex   1.112757e+02 -3.506679e+01 9.400000e+00
      vertex   1.096266e+02 -3.723827e+01 9.400000e+00
    endloop
  endfacet
  facet normal 0.000000e+00 0.000000e+00 1.000000e+00
    outer loop
      vertex   1.099784e+02 -3.760582e+01 9.400000e+00
      vertex   1.114582e+02 -3.536586e+01 9.400000e+00
      vertex   1.112757e+02 -3.506679e+01 9.400000e+00
    endloop
  endfacet
  facet normal 0.000000e+00 -0.000000e+00 1.000000e+00
    outer loop
      vertex   1.103657e+02 -3.793572e+01 9.400000e+00
      vertex   1.114582e+02 -3.536586e+01 9.400000e+00
      vertex   1.099784e+02 -3.760582e+01 9.400000e+00
    endloop
  endfacet
  facet normal 0.000000e+00 0.000000e+00 1.000000e+00
    outer loop
      vertex   1.103657e+02 -3.793572e+01 9.400000e+00
      vertex   1.116823e+02 -3.563518e+01 9.400000e+00
      vertex   1.114582e+02 -3.536586e+01 9.400000e+00
    endloop
  endfacet
  facet normal 0.000000e+00 -0.000000e+00 1.000000e+00
    outer loop
      vertex   1.107845e+02 -3.822456e+01 9.400000e+00
      vertex   1.116823e+02 -3.563518e+01 9.400000e+00
      vertex   1.103657e+02 -3.793572e+01 9.400000e+00
    endloop
  endfacet
  facet normal 0.000000e+00 0.000000e+00 1.000000e+00
    outer loop
      vertex   1.107845e+02 -3.822456e+01 9.400000e+00
      vertex   1.119433e+02 -3.586900e+01 9.400000e+00
      vertex   1.116823e+02 -3.563518e+01 9.400000e+00
    endloop
  endfacet
  facet normal 0.000000e+00 -0.000000e+00 1.000000e+00
    outer loop
      vertex   1.112305e+02 -3.846934e+01 9.400000e+00
      vertex   1.119433e+02 -3.586900e+01 9.400000e+00
      vertex   1.107845e+02 -3.822456e+01 9.400000e+00
    endloop
  endfacet
  facet normal 0.000000e+00 -0.000000e+00 1.000000e+00
    outer loop
      vertex   1.116991e+02 -3.866753e+01 9.400000e+00
      vertex   1.119433e+02 -3.586900e+01 9.400000e+00
      vertex   1.112305e+02 -3.846934e+01 9.400000e+00
    endloop
  endfacet
  facet normal 0.000000e+00 0.000000e+00 1.000000e+00
    outer loop
      vertex   1.116991e+02 -3.866753e+01 9.400000e+00
      vertex   1.122355e+02 -3.606232e+01 9.400000e+00
      vertex   1.119433e+02 -3.586900e+01 9.400000e+00
    endloop
  endfacet
  facet normal 0.000000e+00 -0.000000e+00 1.000000e+00
    outer loop
      vertex   1.121853e+02 -3.881708e+01 9.400000e+00
      vertex   1.122355e+02 -3.606232e+01 9.400000e+00
      vertex   1.116991e+02 -3.866753e+01 9.400000e+00
    endloop
  endfacet
  facet normal 0.000000e+00 0.000000e+00 1.000000e+00
    outer loop
      vertex   1.121853e+02 -3.881708e+01 9.400000e+00
      vertex   1.125527e+02 -3.621104e+01 9.400000e+00
      vertex   1.122355e+02 -3.606232e+01 9.400000e+00
    endloop
  endfacet
  facet normal 0.000000e+00 0.000000e+00 1.000000e+00
    outer loop
      vertex   1.126843e+02 -3.891645e+01 9.400000e+00
      vertex   1.125527e+02 -3.621104e+01 9.400000e+00
      vertex   1.121853e+02 -3.881708e+01 9.400000e+00
    endloop
  endfacet
  facet normal 0.000000e+00 -0.000000e+00 1.000000e+00
    outer loop
      vertex   1.126843e+02 -3.891645e+01 9.400000e+00
      vertex   1.128883e+02 -3.631199e+01 9.400000e+00
      vertex   1.125527e+02 -3.621104e+01 9.400000e+00
    endloop
  endfacet
  facet normal 0.000000e+00 0.000000e+00 1.000000e+00
    outer loop
      vertex   1.126843e+02 -3.891645e+01 9.400000e+00
      vertex   1.132349e+02 -3.636300e+01 9.400000e+00
      vertex   1.128883e+02 -3.631199e+01 9.400000e+00
    endloop
  endfacet
  facet normal 0.000000e+00 -0.000000e+00 1.000000e+00
    outer loop
      vertex   1.131908e+02 -3.896459e+01 9.400000e+00
      vertex   1.132349e+02 -3.636300e+01 9.400000e+00
      vertex   1.126843e+02 -3.891645e+01 9.400000e+00
    endloop
  endfacet
  facet normal 0.000000e+00 0.000000e+00 1.000000e+00
    outer loop
      vertex   1.131908e+02 -3.896459e+01 9.400000e+00
      vertex   1.135853e+02 -3.636300e+01 9.400000e+00
      vertex   1.132349e+02 -3.636300e+01 9.400000e+00
    endloop
  endfacet
  facet normal 0.000000e+00 0.000000e+00 1.000000e+00
    outer loop
      vertex   1.136995e+02 -3.896102e+01 9.400000e+00
      vertex   1.135853e+02 -3.636300e+01 9.400000e+00
      vertex   1.131908e+02 -3.896459e+01 9.400000e+00
    endloop
  endfacet
  facet normal 0.000000e+00 -0.000000e+00 1.000000e+00
    outer loop
      vertex   1.136995e+02 -3.896102e+01 9.400000e+00
      vertex   1.139319e+02 -3.631199e+01 9.400000e+00
      vertex   1.135853e+02 -3.636300e+01 9.400000e+00
    endloop
  endfacet
  facet normal 0.000000e+00 0.000000e+00 1.000000e+00
    outer loop
      vertex   1.142053e+02 -3.890577e+01 9.400000e+00
      vertex   1.139319e+02 -3.631199e+01 9.400000e+00
      vertex   1.136995e+02 -3.896102e+01 9.400000e+00
    endloop
  endfacet
  facet normal 0.000000e+00 -0.000000e+00 1.000000e+00
    outer loop
      vertex   1.142053e+02 -3.890577e+01 9.400000e+00
      vertex   1.142674e+02 -3.621104e+01 9.400000e+00
      vertex   1.139319e+02 -3.631199e+01 9.400000e+00
    endloop
  endfacet
  facet normal 0.000000e+00 0.000000e+00 1.000000e+00
    outer loop
      vertex   1.147028e+02 -3.879941e+01 9.400000e+00
      vertex   1.142674e+02 -3.621104e+01 9.400000e+00
      vertex   1.142053e+02 -3.890577e+01 9.400000e+00
    endloop
  endfacet
  facet normal 0.000000e+00 0.000000e+00 1.000000e+00
    outer loop
      vertex   1.147028e+02 -3.879941e+01 9.400000e+00
      vertex   1.145847e+02 -3.606232e+01 9.400000e+00
      vertex   1.142674e+02 -3.621104e+01 9.400000e+00
    endloop
  endfacet
  facet normal 0.000000e+00 0.000000e+00 1.000000e+00
    outer loop
      vertex   1.151869e+02 -3.864305e+01 9.400000e+00
      vertex   1.145847e+02 -3.606232e+01 9.400000e+00
      vertex   1.147028e+02 -3.879941e+01 9.400000e+00
    endloop
  endfacet
  facet normal 0.000000e+00 0.000000e+00 1.000000e+00
    outer loop
      vertex   1.151869e+02 -3.864305e+01 9.400000e+00
      vertex   1.148769e+02 -3.586900e+01 9.400000e+00
      vertex   1.145847e+02 -3.606232e+01 9.400000e+00
    endloop
  endfacet
  facet normal 0.000000e+00 0.000000e+00 1.000000e+00
    outer loop
      vertex   1.156526e+02 -3.843830e+01 9.400000e+00
      vertex   1.148769e+02 -3.586900e+01 9.400000e+00
      vertex   1.151869e+02 -3.864305e+01 9.400000e+00
    endloop
  endfacet
  facet normal 0.000000e+00 0.000000e+00 1.000000e+00
    outer loop
      vertex   1.156526e+02 -3.843830e+01 9.400000e+00
      vertex   1.151379e+02 -3.563518e+01 9.400000e+00
      vertex   1.148769e+02 -3.586900e+01 9.400000e+00
    endloop
  endfacet
  facet normal 0.000000e+00 0.000000e+00 1.000000e+00
    outer loop
      vertex   1.160951e+02 -3.818728e+01 9.400000e+00
      vertex   1.151379e+02 -3.563518e+01 9.400000e+00
      vertex   1.156526e+02 -3.843830e+01 9.400000e+00
    endloop
  endfacet
  facet normal 0.000000e+00 0.000000e+00 1.000000e+00
    outer loop
      vertex   1.160951e+02 -3.818728e+01 9.400000e+00
      vertex   1.153620e+02 -3.536586e+01 9.400000e+00
      vertex   1.151379e+02 -3.563518e+01 9.400000e+00
    endloop
  endfacet
  facet normal 0.000000e+00 0.000000e+00 1.000000e+00
    outer loop
      vertex   1.165099e+02 -3.789259e+01 9.400000e+00
      vertex   1.153620e+02 -3.536586e+01 9.400000e+00
      vertex   1.160951e+02 -3.818728e+01 9.400000e+00
    endloop
  endfacet
  facet normal 0.000000e+00 0.000000e+00 1.000000e+00
    outer loop
      vertex   1.168925e+02 -3.755729e+01 9.400000e+00
      vertex   1.153620e+02 -3.536586e+01 9.400000e+00
      vertex   1.165099e+02 -3.789259e+01 9.400000e+00
    endloop
  endfacet
  facet normal 0.000000e+00 0.000000e+00 1.000000e+00
    outer loop
      vertex   1.168925e+02 -3.755729e+01 9.400000e+00
      vertex   1.155445e+02 -3.506679e+01 9.400000e+00
      vertex   1.153620e+02 -3.536586e+01 9.400000e+00
    endloop
  endfacet
  facet normal 0.000000e+00 0.000000e+00 1.000000e+00
    outer loop
      vertex   1.172391e+02 -3.718484e+01 9.400000e+00
      vertex   1.155445e+02 -3.506679e+01 9.400000e+00
      vertex   1.168925e+02 -3.755729e+01 9.400000e+00
    endloop
  endfacet
  facet normal 0.000000e+00 0.000000e+00 1.000000e+00
    outer loop
      vertex   1.156815e+02 -3.474432e+01 9.400000e+00
      vertex   1.175460e+02 -3.677910e+01 9.400000e+00
      vertex   1.178101e+02 -3.634427e+01 9.400000e+00
    endloop
  endfacet
  facet normal 0.000000e+00 0.000000e+00 1.000000e+00
    outer loop
      vertex   1.156815e+02 -3.474432e+01 9.400000e+00
      vertex   1.172391e+02 -3.718484e+01 9.400000e+00
      vertex   1.175460e+02 -3.677910e+01 9.400000e+00
    endloop
  endfacet
  facet normal -0.000000e+00 0.000000e+00 1.000000e+00
    outer loop
      vertex   1.155445e+02 -3.506679e+01 9.400000e+00
      vertex   1.172391e+02 -3.718484e+01 9.400000e+00
      vertex   1.156815e+02 -3.474432e+01 9.400000e+00
    endloop
  endfacet
  facet normal 0.000000e+00 0.000000e+00 1.000000e+00
    outer loop
      vertex   1.178101e+02 -3.634427e+01 9.400000e+00
      vertex   1.157702e+02 -3.440533e+01 9.400000e+00
      vertex   1.156815e+02 -3.474432e+01 9.400000e+00
    endloop
  endfacet
  facet normal 0.000000e+00 0.000000e+00 1.000000e+00
    outer loop
      vertex   1.178101e+02 -3.634427e+01 9.400000e+00
      vertex   1.158085e+02 -3.405706e+01 9.400000e+00
      vertex   1.157702e+02 -3.440533e+01 9.400000e+00
    endloop
  endfacet
  facet normal 0.000000e+00 0.000000e+00 1.000000e+00
    outer loop
      vertex   1.178101e+02 -3.159454e+01 9.400000e+00
      vertex   1.158085e+02 -3.405706e+01 9.400000e+00
      vertex   1.178101e+02 -3.634427e+01 9.400000e+00
    endloop
  endfacet
  facet normal 0.000000e+00 0.000000e+00 1.000000e+00
    outer loop
      vertex   1.178101e+02 -3.159454e+01 9.400000e+00
      vertex   1.157957e+02 -3.370691e+01 9.400000e+00
      vertex   1.158085e+02 -3.405706e+01 9.400000e+00
    endloop
  endfacet
  facet normal 0.000000e+00 0.000000e+00 1.000000e+00
    outer loop
      vertex   1.178101e+02 -3.159454e+01 9.400000e+00
      vertex   1.157321e+02 -3.336236e+01 9.400000e+00
      vertex   1.157957e+02 -3.370691e+01 9.400000e+00
    endloop
  endfacet
  facet normal 0.000000e+00 0.000000e+00 1.000000e+00
    outer loop
      vertex   1.176004e+02 -3.124157e+01 9.400000e+00
      vertex   1.157321e+02 -3.336236e+01 9.400000e+00
      vertex   1.178101e+02 -3.159454e+01 9.400000e+00
    endloop
  endfacet
  facet normal 0.000000e+00 0.000000e+00 1.000000e+00
    outer loop
      vertex   1.176004e+02 -3.124157e+01 9.400000e+00
      vertex   1.156189e+02 -3.303075e+01 9.400000e+00
      vertex   1.157321e+02 -3.336236e+01 9.400000e+00
    endloop
  endfacet
  facet normal 0.000000e+00 0.000000e+00 1.000000e+00
    outer loop
      vertex   1.173625e+02 -3.090699e+01 9.400000e+00
      vertex   1.156189e+02 -3.303075e+01 9.400000e+00
      vertex   1.176004e+02 -3.124157e+01 9.400000e+00
    endloop
  endfacet
  facet normal 0.000000e+00 0.000000e+00 1.000000e+00
    outer loop
      vertex   1.170980e+02 -3.059306e+01 9.400000e+00
      vertex   1.156189e+02 -3.303075e+01 9.400000e+00
      vertex   1.173625e+02 -3.090699e+01 9.400000e+00
    endloop
  endfacet
  facet normal 0.000000e+00 0.000000e+00 1.000000e+00
    outer loop
      vertex   1.170980e+02 -3.059306e+01 9.400000e+00
      vertex   1.154587e+02 -3.271915e+01 9.400000e+00
      vertex   1.156189e+02 -3.303075e+01 9.400000e+00
    endloop
  endfacet
  facet normal 0.000000e+00 0.000000e+00 1.000000e+00
    outer loop
      vertex   1.168085e+02 -3.030190e+01 9.400000e+00
      vertex   1.154587e+02 -3.271915e+01 9.400000e+00
      vertex   1.170980e+02 -3.059306e+01 9.400000e+00
    endloop
  endfacet
  facet normal 0.000000e+00 0.000000e+00 1.000000e+00
    outer loop
      vertex   1.164962e+02 -3.003545e+01 9.400000e+00
      vertex   1.154587e+02 -3.271915e+01 9.400000e+00
      vertex   1.168085e+02 -3.030190e+01 9.400000e+00
    endloop
  endfacet
  facet normal 0.000000e+00 0.000000e+00 1.000000e+00
    outer loop
      vertex   1.164962e+02 -3.003545e+01 9.400000e+00
      vertex   1.152548e+02 -3.243419e+01 9.400000e+00
      vertex   1.154587e+02 -3.271915e+01 9.400000e+00
    endloop
  endfacet
  facet normal 0.000000e+00 0.000000e+00 1.000000e+00
    outer loop
      vertex   1.159163e+02 -2.954947e+01 9.400000e+00
      vertex   1.152548e+02 -3.243419e+01 9.400000e+00
      vertex   1.164962e+02 -3.003545e+01 9.400000e+00
    endloop
  endfacet
  facet normal 0.000000e+00 0.000000e+00 1.000000e+00
    outer loop
      vertex   1.159163e+02 -2.954947e+01 9.400000e+00
      vertex   1.150117e+02 -3.218195e+01 9.400000e+00
      vertex   1.152548e+02 -3.243419e+01 9.400000e+00
    endloop
  endfacet
  facet normal 0.000000e+00 0.000000e+00 1.000000e+00
    outer loop
      vertex   1.159163e+02 -2.954947e+01 9.400000e+00
      vertex   1.147343e+02 -3.196781e+01 9.400000e+00
      vertex   1.150117e+02 -3.218195e+01 9.400000e+00
    endloop
  endfacet
  facet normal 0.000000e+00 0.000000e+00 1.000000e+00
    outer loop
      vertex   1.153691e+02 -2.902703e+01 9.400000e+00
      vertex   1.147343e+02 -3.196781e+01 9.400000e+00
      vertex   1.159163e+02 -2.954947e+01 9.400000e+00
    endloop
  endfacet
  facet normal 0.000000e+00 0.000000e+00 1.000000e+00
    outer loop
      vertex   1.153691e+02 -2.902703e+01 9.400000e+00
      vertex   1.144288e+02 -3.179633e+01 9.400000e+00
      vertex   1.147343e+02 -3.196781e+01 9.400000e+00
    endloop
  endfacet
  facet normal 0.000000e+00 0.000000e+00 1.000000e+00
    outer loop
      vertex   1.153691e+02 -2.902703e+01 9.400000e+00
      vertex   1.141015e+02 -3.167116e+01 9.400000e+00
      vertex   1.144288e+02 -3.179633e+01 9.400000e+00
    endloop
  endfacet
  facet normal 0.000000e+00 0.000000e+00 1.000000e+00
    outer loop
      vertex   1.148568e+02 -2.847030e+01 9.400000e+00
      vertex   1.141015e+02 -3.167116e+01 9.400000e+00
      vertex   1.153691e+02 -2.902703e+01 9.400000e+00
    endloop
  endfacet
  facet normal 0.000000e+00 0.000000e+00 1.000000e+00
    outer loop
      vertex   1.148568e+02 -2.847030e+01 9.400000e+00
      vertex   1.137595e+02 -3.159498e+01 9.400000e+00
      vertex   1.141015e+02 -3.167116e+01 9.400000e+00
    endloop
  endfacet
  facet normal 0.000000e+00 0.000000e+00 1.000000e+00
    outer loop
      vertex   1.143815e+02 -2.788162e+01 9.400000e+00
      vertex   1.137595e+02 -3.159498e+01 9.400000e+00
      vertex   1.148568e+02 -2.847030e+01 9.400000e+00
    endloop
  endfacet
  facet normal 0.000000e+00 0.000000e+00 1.000000e+00
    outer loop
      vertex   1.143815e+02 -2.788162e+01 9.400000e+00
      vertex   1.134101e+02 -3.156941e+01 9.400000e+00
      vertex   1.137595e+02 -3.159498e+01 9.400000e+00
    endloop
  endfacet
  facet normal 0.000000e+00 0.000000e+00 1.000000e+00
    outer loop
      vertex   1.130607e+02 -3.159498e+01 9.400000e+00
      vertex   1.134101e+02 -3.156941e+01 9.400000e+00
      vertex   1.143815e+02 -2.788162e+01 9.400000e+00
    endloop
  endfacet
  facet normal 1.000000e+00 0.000000e+00 0.000000e+00
    outer loop
      vertex   1.214101e+02 -3.846934e+01 2.820420e+00
      vertex   1.214101e+02 -3.723444e+01 3.324172e+00
      vertex   1.214101e+02 -3.740973e+01 3.722102e+00
    endloop
  endfacet
  facet normal 1.000000e+00 0.000000e+00 -0.000000e+00
    outer loop
      vertex   1.214101e+02 -3.822456e+01 2.374423e+00
      vertex   1.214101e+02 -3.723444e+01 3.324172e+00
      vertex   1.214101e+02 -3.846934e+01 2.820420e+00
    endloop
  endfacet
  facet normal 1.000000e+00 0.000000e+00 0.000000e+00
    outer loop
      vertex   1.214101e+02 -3.822456e+01 2.374423e+00
      vertex   1.214101e+02 -3.701332e+01 2.949769e+00
      vertex   1.214101e+02 -3.723444e+01 3.324172e+00
    endloop
  endfacet
  facet normal 1.000000e+00 0.000000e+00 -0.000000e+00
    outer loop
      vertex   1.214101e+02 -3.793572e+01 1.955611e+00
      vertex   1.214101e+02 -3.701332e+01 2.949769e+00
      vertex   1.214101e+02 -3.822456e+01 2.374423e+00
    endloop
  endfacet
  facet normal 1.000000e+00 0.000000e+00 0.000000e+00
    outer loop
      vertex   1.214101e+02 -3.793572e+01 1.955611e+00
      vertex   1.214101e+02 -3.674947e+01 2.604144e+00
      vertex   1.214101e+02 -3.701332e+01 2.949769e+00
    endloop
  endfacet
  facet normal 1.000000e+00 0.000000e+00 -0.000000e+00
    outer loop
      vertex   1.214101e+02 -3.760582e+01 1.568318e+00
      vertex   1.214101e+02 -3.674947e+01 2.604144e+00
      vertex   1.214101e+02 -3.793572e+01 1.955611e+00
    endloop
  endfacet
  facet normal 1.000000e+00 0.000000e+00 0.000000e+00
    outer loop
      vertex   1.214101e+02 -3.760582e+01 1.568318e+00
      vertex   1.214101e+02 -3.644659e+01 2.292153e+00
      vertex   1.214101e+02 -3.674947e+01 2.604144e+00
    endloop
  endfacet
  facet normal 1.000000e+00 0.000000e+00 -0.000000e+00
    outer loop
      vertex   1.214101e+02 -3.723827e+01 1.216553e+00
      vertex   1.214101e+02 -3.644659e+01 2.292153e+00
      vertex   1.214101e+02 -3.760582e+01 1.568318e+00
    endloop
  endfacet
  facet normal 1.000000e+00 0.000000e+00 0.000000e+00
    outer loop
      vertex   1.214101e+02 -3.723827e+01 1.216553e+00
      vertex   1.214101e+02 -3.610894e+01 2.018176e+00
      vertex   1.214101e+02 -3.644659e+01 2.292153e+00
    endloop
  endfacet
  facet normal 1.000000e+00 0.000000e+00 -0.000000e+00
    outer loop
      vertex   1.214101e+02 -3.683688e+01 9.039598e-01
      vertex   1.214101e+02 -3.610894e+01 2.018176e+00
      vertex   1.214101e+02 -3.723827e+01 1.216553e+00
    endloop
  endfacet
  facet normal 1.000000e+00 0.000000e+00 0.000000e+00
    outer loop
      vertex   1.214101e+02 -3.683688e+01 9.039598e-01
      vertex   1.214101e+02 -3.574125e+01 1.786055e+00
      vertex   1.214101e+02 -3.610894e+01 2.018176e+00
    endloop
  endfacet
  facet normal 1.000000e+00 0.000000e+00 -0.000000e+00
    outer loop
      vertex   1.214101e+02 -3.640580e+01 6.337743e-01
      vertex   1.214101e+02 -3.574125e+01 1.786055e+00
      vertex   1.214101e+02 -3.683688e+01 9.039598e-01
    endloop
  endfacet
  facet normal 1.000000e+00 0.000000e+00 0.000000e+00
    outer loop
      vertex   1.214101e+02 -3.640580e+01 6.337743e-01
      vertex   1.214101e+02 -3.534869e+01 1.599051e+00
      vertex   1.214101e+02 -3.574125e+01 1.786055e+00
    endloop
  endfacet
  facet normal 1.000000e+00 0.000000e+00 -0.000000e+00
    outer loop
      vertex   1.214101e+02 -3.594950e+01 4.087911e-01
      vertex   1.214101e+02 -3.534869e+01 1.599051e+00
      vertex   1.214101e+02 -3.640580e+01 6.337743e-01
    endloop
  endfacet
  facet normal 1.000000e+00 0.000000e+00 -0.000000e+00
    outer loop
      vertex   1.214101e+02 -3.547270e+01 2.313428e-01
      vertex   1.214101e+02 -3.534869e+01 1.599051e+00
      vertex   1.214101e+02 -3.594950e+01 4.087911e-01
    endloop
  endfacet
  facet normal 1.000000e+00 0.000000e+00 0.000000e+00
    outer loop
      vertex   1.214101e+02 -3.547270e+01 2.313428e-01
      vertex   1.214101e+02 -3.493677e+01 1.459790e+00
      vertex   1.214101e+02 -3.534869e+01 1.599051e+00
    endloop
  endfacet
  facet normal 1.000000e+00 0.000000e+00 -0.000000e+00
    outer loop
      vertex   1.214101e+02 -3.498033e+01 1.032625e-01
      vertex   1.214101e+02 -3.493677e+01 1.459790e+00
      vertex   1.214101e+02 -3.547270e+01 2.313428e-01
    endloop
  endfacet
  facet normal 1.000000e+00 0.000000e+00 0.000000e+00
    outer loop
      vertex   1.214101e+02 -3.498033e+01 1.032625e-01
      vertex   1.214101e+02 -3.451127e+01 1.370225e+00
      vertex   1.214101e+02 -3.493677e+01 1.459790e+00
    endloop
  endfacet
  facet normal 1.000000e+00 0.000000e+00 0.000000e+00
    outer loop
      vertex   1.214101e+02 -3.447750e+01 2.588322e-02
      vertex   1.214101e+02 -3.451127e+01 1.370225e+00
      vertex   1.214101e+02 -3.498033e+01 1.032625e-01
    endloop
  endfacet
  facet normal 1.000000e+00 0.000000e+00 -0.000000e+00
    outer loop
      vertex   1.214101e+02 -3.447750e+01 2.588322e-02
      vertex   1.214101e+02 -3.407816e+01 1.331614e+00
      vertex   1.214101e+02 -3.451127e+01 1.370225e+00
    endloop
  endfacet
  facet normal 1.000000e+00 0.000000e+00 0.000000e+00
    outer loop
      vertex   1.214101e+02 -3.396940e+01 5.036593e-07
      vertex   1.214101e+02 -3.407816e+01 1.331614e+00
      vertex   1.214101e+02 -3.447750e+01 2.588322e-02
    endloop
  endfacet
  facet normal 1.000000e+00 0.000000e+00 -0.000000e+00
    outer loop
      vertex   1.214101e+02 -3.396940e+01 5.036593e-07
      vertex   1.214101e+02 -3.364352e+01 1.344498e+00
      vertex   1.214101e+02 -3.407816e+01 1.331614e+00
    endloop
  endfacet
  facet normal 1.000000e+00 0.000000e+00 0.000000e+00
    outer loop
      vertex   1.214101e+02 -3.346131e+01 2.588322e-02
      vertex   1.214101e+02 -3.364352e+01 1.344498e+00
      vertex   1.214101e+02 -3.396940e+01 5.036593e-07
    endloop
  endfacet
  facet normal 1.000000e+00 0.000000e+00 0.000000e+00
    outer loop
      vertex   1.214101e+02 -3.295847e+01 1.032625e-01
      vertex   1.214101e+02 -3.364352e+01 1.344498e+00
      vertex   1.214101e+02 -3.346131e+01 2.588322e-02
    endloop
  endfacet
  facet normal 1.000000e+00 0.000000e+00 0.000000e+00
    outer loop
      vertex   1.214101e+02 -3.295847e+01 1.032625e-01
      vertex   1.214101e+02 -3.321346e+01 1.408700e+00
      vertex   1.214101e+02 -3.364352e+01 1.344498e+00
    endloop
  endfacet
  facet normal 1.000000e+00 0.000000e+00 0.000000e+00
    outer loop
      vertex   1.214101e+02 -3.246611e+01 2.313428e-01
      vertex   1.214101e+02 -3.321346e+01 1.408700e+00
      vertex   1.214101e+02 -3.295847e+01 1.032625e-01
    endloop
  endfacet
  facet normal 1.000000e+00 0.000000e+00 0.000000e+00
    outer loop
      vertex   1.214101e+02 -3.246611e+01 2.313428e-01
      vertex   1.214101e+02 -3.279402e+01 1.523314e+00
      vertex   1.214101e+02 -3.321346e+01 1.408700e+00
    endloop
  endfacet
  facet normal 1.000000e+00 0.000000e+00 0.000000e+00
    outer loop
      vertex   1.214101e+02 -3.198930e+01 4.087911e-01
      vertex   1.214101e+02 -3.279402e+01 1.523314e+00
      vertex   1.214101e+02 -3.246611e+01 2.313428e-01
    endloop
  endfacet
  facet normal 1.000000e+00 0.000000e+00 0.000000e+00
    outer loop
      vertex   1.214101e+02 -3.198930e+01 4.087911e-01
      vertex   1.214101e+02 -3.239106e+01 1.686734e+00
      vertex   1.214101e+02 -3.279402e+01 1.523314e+00
    endloop
  endfacet
  facet normal 1.000000e+00 0.000000e+00 0.000000e+00
    outer loop
      vertex   1.214101e+02 -3.153300e+01 6.337743e-01
      vertex   1.214101e+02 -3.239106e+01 1.686734e+00
      vertex   1.214101e+02 -3.198930e+01 4.087911e-01
    endloop
  endfacet
  facet normal 1.000000e+00 0.000000e+00 0.000000e+00
    outer loop
      vertex   1.214101e+02 -3.153300e+01 6.337743e-01
      vertex   1.214101e+02 -3.201027e+01 1.896664e+00
      vertex   1.214101e+02 -3.239106e+01 1.686734e+00
    endloop
  endfacet
  facet normal 1.000000e+00 0.000000e+00 0.000000e+00
    outer loop
      vertex   1.214101e+02 -3.110192e+01 9.039598e-01
      vertex   1.214101e+02 -3.201027e+01 1.896664e+00
      vertex   1.214101e+02 -3.153300e+01 6.337743e-01
    endloop
  endfacet
  facet normal 1.000000e+00 0.000000e+00 0.000000e+00
    outer loop
      vertex   1.214101e+02 -3.110192e+01 9.039598e-01
      vertex   1.214101e+02 -3.165698e+01 2.150160e+00
      vertex   1.214101e+02 -3.201027e+01 1.896664e+00
    endloop
  endfacet
  facet normal 1.000000e+00 0.000000e+00 0.000000e+00
    outer loop
      vertex   1.214101e+02 -3.070053e+01 1.216553e+00
      vertex   1.214101e+02 -3.165698e+01 2.150160e+00
      vertex   1.214101e+02 -3.110192e+01 9.039598e-01
    endloop
  endfacet
  facet normal 1.000000e+00 0.000000e+00 0.000000e+00
    outer loop
      vertex   1.214101e+02 -3.070053e+01 1.216553e+00
      vertex   1.214101e+02 -3.133615e+01 2.443659e+00
      vertex   1.214101e+02 -3.165698e+01 2.150160e+00
    endloop
  endfacet
  facet normal 1.000000e+00 0.000000e+00 0.000000e+00
    outer loop
      vertex   1.214101e+02 -3.033298e+01 1.568318e+00
      vertex   1.214101e+02 -3.133615e+01 2.443659e+00
      vertex   1.214101e+02 -3.070053e+01 1.216553e+00
    endloop
  endfacet
  facet normal 1.000000e+00 0.000000e+00 0.000000e+00
    outer loop
      vertex   1.214101e+02 -3.000308e+01 1.955611e+00
      vertex   1.214101e+02 -3.133615e+01 2.443659e+00
      vertex   1.214101e+02 -3.033298e+01 1.568318e+00
    endloop
  endfacet
  facet normal 1.000000e+00 0.000000e+00 0.000000e+00
    outer loop
      vertex   1.214101e+02 -3.000308e+01 1.955611e+00
      vertex   1.214101e+02 -3.105229e+01 2.773045e+00
      vertex   1.214101e+02 -3.133615e+01 2.443659e+00
    endloop
  endfacet
  facet normal 1.000000e+00 0.000000e+00 0.000000e+00
    outer loop
      vertex   1.214101e+02 -2.971425e+01 2.374425e+00
      vertex   1.214101e+02 -3.105229e+01 2.773045e+00
      vertex   1.214101e+02 -3.000308e+01 1.955611e+00
    endloop
  endfacet
  facet normal 1.000000e+00 0.000000e+00 0.000000e+00
    outer loop
      vertex   1.214101e+02 -2.971425e+01 2.374425e+00
      vertex   1.214101e+02 -3.080937e+01 3.133692e+00
      vertex   1.214101e+02 -3.105229e+01 2.773045e+00
    endloop
  endfacet
  facet normal 1.000000e+00 0.000000e+00 0.000000e+00
    outer loop
      vertex   1.214101e+02 -2.946947e+01 2.820420e+00
      vertex   1.214101e+02 -3.080937e+01 3.133692e+00
      vertex   1.214101e+02 -2.971425e+01 2.374425e+00
    endloop
  endfacet
  facet normal 1.000000e+00 0.000000e+00 0.000000e+00
    outer loop
      vertex   1.214101e+02 -2.946947e+01 2.820420e+00
      vertex   1.214101e+02 -3.061082e+01 3.520539e+00
      vertex   1.214101e+02 -3.080937e+01 3.133692e+00
    endloop
  endfacet
  facet normal 1.000000e+00 0.000000e+00 0.000000e+00
    outer loop
      vertex   1.214101e+02 -2.927128e+01 3.288981e+00
      vertex   1.214101e+02 -3.061082e+01 3.520539e+00
      vertex   1.214101e+02 -2.946947e+01 2.820420e+00
    endloop
  endfacet
  facet normal 1.000000e+00 0.000000e+00 0.000000e+00
    outer loop
      vertex   1.214101e+02 -2.927128e+01 3.288981e+00
      vertex   1.214101e+02 -3.045941e+01 3.928153e+00
      vertex   1.214101e+02 -3.061082e+01 3.520539e+00
    endloop
  endfacet
  facet normal 1.000000e+00 0.000000e+00 0.000000e+00
    outer loop
      vertex   1.214101e+02 -2.912172e+01 3.775256e+00
      vertex   1.214101e+02 -3.045941e+01 3.928153e+00
      vertex   1.214101e+02 -2.927128e+01 3.288981e+00
    endloop
  endfacet
  facet normal 1.000000e+00 0.000000e+00 0.000000e+00
    outer loop
      vertex   1.214101e+02 -2.912172e+01 3.775256e+00
      vertex   1.214101e+02 -3.035728e+01 4.350813e+00
      vertex   1.214101e+02 -3.045941e+01 3.928153e+00
    endloop
  endfacet
  facet normal 1.000000e+00 0.000000e+00 0.000000e+00
    outer loop
      vertex   1.214101e+02 -2.902236e+01 4.274211e+00
      vertex   1.214101e+02 -3.035728e+01 4.350813e+00
      vertex   1.214101e+02 -2.912172e+01 3.775256e+00
    endloop
  endfacet
  facet normal 1.000000e+00 0.000000e+00 0.000000e+00
    outer loop
      vertex   1.214101e+02 -2.902236e+01 4.274211e+00
      vertex   1.214101e+02 -3.030585e+01 4.782588e+00
      vertex   1.214101e+02 -3.035728e+01 4.350813e+00
    endloop
  endfacet
  facet normal 1.000000e+00 0.000000e+00 0.000000e+00
    outer loop
      vertex   1.214101e+02 -2.897422e+01 4.780682e+00
      vertex   1.214101e+02 -3.030585e+01 4.782588e+00
      vertex   1.214101e+02 -2.902236e+01 4.274211e+00
    endloop
  endfacet
  facet normal 1.000000e+00 0.000000e+00 0.000000e+00
    outer loop
      vertex   1.214101e+02 -2.897422e+01 4.780682e+00
      vertex   1.214101e+02 -3.030585e+01 5.217414e+00
      vertex   1.214101e+02 -3.030585e+01 4.782588e+00
    endloop
  endfacet
  facet normal 1.000000e+00 0.000000e+00 0.000000e+00
    outer loop
      vertex   1.214101e+02 -2.897779e+01 5.289422e+00
      vertex   1.214101e+02 -3.030585e+01 5.217414e+00
      vertex   1.214101e+02 -2.897422e+01 4.780682e+00
    endloop
  endfacet
  facet normal 1.000000e+00 0.000000e+00 0.000000e+00
    outer loop
      vertex   1.214101e+02 -2.903304e+01 5.795167e+00
      vertex   1.214101e+02 -3.030585e+01 5.217414e+00
      vertex   1.214101e+02 -2.897779e+01 5.289422e+00
    endloop
  endfacet
  facet normal 1.000000e+00 0.000000e+00 0.000000e+00
    outer loop
      vertex   1.214101e+02 -2.903304e+01 5.795167e+00
      vertex   1.214101e+02 -3.035728e+01 5.649188e+00
      vertex   1.214101e+02 -3.030585e+01 5.217414e+00
    endloop
  endfacet
  facet normal 1.000000e+00 0.000000e+00 0.000000e+00
    outer loop
      vertex   1.214101e+02 -2.913939e+01 6.292678e+00
      vertex   1.214101e+02 -3.035728e+01 5.649188e+00
      vertex   1.214101e+02 -2.903304e+01 5.795167e+00
    endloop
  endfacet
  facet normal 1.000000e+00 0.000000e+00 0.000000e+00
    outer loop
      vertex   1.214101e+02 -2.913939e+01 6.292678e+00
      vertex   1.214101e+02 -3.045941e+01 6.071850e+00
      vertex   1.214101e+02 -3.035728e+01 5.649188e+00
    endloop
  endfacet
  facet normal 1.000000e+00 0.000000e+00 0.000000e+00
    outer loop
      vertex   1.214101e+02 -2.929576e+01 6.776805e+00
      vertex   1.214101e+02 -3.045941e+01 6.071850e+00
      vertex   1.214101e+02 -2.913939e+01 6.292678e+00
    endloop
  endfacet
  facet normal 1.000000e+00 0.000000e+00 0.000000e+00
    outer loop
      vertex   1.214101e+02 -2.929576e+01 6.776805e+00
      vertex   1.214101e+02 -3.061082e+01 6.479464e+00
      vertex   1.214101e+02 -3.045941e+01 6.071850e+00
    endloop
  endfacet
  facet normal 1.000000e+00 0.000000e+00 0.000000e+00
    outer loop
      vertex   1.214101e+02 -2.950051e+01 7.242539e+00
      vertex   1.214101e+02 -3.061082e+01 6.479464e+00
      vertex   1.214101e+02 -2.929576e+01 6.776805e+00
    endloop
  endfacet
  facet normal 1.000000e+00 0.000000e+00 0.000000e+00
    outer loop
      vertex   1.214101e+02 -2.950051e+01 7.242539e+00
      vertex   1.214101e+02 -3.080937e+01 6.866309e+00
      vertex   1.214101e+02 -3.061082e+01 6.479464e+00
    endloop
  endfacet
  facet normal 1.000000e+00 0.000000e+00 0.000000e+00
    outer loop
      vertex   1.214101e+02 -2.975153e+01 7.685054e+00
      vertex   1.214101e+02 -3.080937e+01 6.866309e+00
      vertex   1.214101e+02 -2.950051e+01 7.242539e+00
    endloop
  endfacet
  facet normal 1.000000e+00 0.000000e+00 0.000000e+00
    outer loop
      vertex   1.214101e+02 -2.975153e+01 7.685054e+00
      vertex   1.214101e+02 -3.105229e+01 7.226956e+00
      vertex   1.214101e+02 -3.080937e+01 6.866309e+00
    endloop
  endfacet
  facet normal 1.000000e+00 0.000000e+00 0.000000e+00
    outer loop
      vertex   1.214101e+02 -3.004621e+01 8.099770e+00
      vertex   1.214101e+02 -3.105229e+01 7.226956e+00
      vertex   1.214101e+02 -2.975153e+01 7.685054e+00
    endloop
  endfacet
  facet normal 1.000000e+00 0.000000e+00 0.000000e+00
    outer loop
      vertex   1.214101e+02 -3.004621e+01 8.099770e+00
      vertex   1.214101e+02 -3.133615e+01 7.556342e+00
      vertex   1.214101e+02 -3.105229e+01 7.226956e+00
    endloop
  endfacet
  facet normal 1.000000e+00 0.000000e+00 0.000000e+00
    outer loop
      vertex   1.214101e+02 -3.038152e+01 8.482394e+00
      vertex   1.214101e+02 -3.133615e+01 7.556342e+00
      vertex   1.214101e+02 -3.004621e+01 8.099770e+00
    endloop
  endfacet
  facet normal 1.000000e+00 0.000000e+00 0.000000e+00
    outer loop
      vertex   1.214101e+02 -3.038152e+01 8.482394e+00
      vertex   1.214101e+02 -3.165698e+01 7.849843e+00
      vertex   1.214101e+02 -3.133615e+01 7.556342e+00
    endloop
  endfacet
  facet normal 1.000000e+00 0.000000e+00 0.000000e+00
    outer loop
      vertex   1.214101e+02 -3.075397e+01 8.828965e+00
      vertex   1.214101e+02 -3.165698e+01 7.849843e+00
      vertex   1.214101e+02 -3.038152e+01 8.482394e+00
    endloop
  endfacet
  facet normal 1.000000e+00 0.000000e+00 0.000000e+00
    outer loop
      vertex   1.214101e+02 -3.115971e+01 9.135892e+00
      vertex   1.214101e+02 -3.165698e+01 7.849843e+00
      vertex   1.214101e+02 -3.075397e+01 8.828965e+00
    endloop
  endfacet
  facet normal 1.000000e+00 0.000000e+00 0.000000e+00
    outer loop
      vertex   1.214101e+02 -3.115971e+01 9.135892e+00
      vertex   1.214101e+02 -3.201027e+01 8.103337e+00
      vertex   1.214101e+02 -3.165698e+01 7.849843e+00
    endloop
  endfacet
  facet normal 1.000000e+00 0.000000e+00 0.000000e+00
    outer loop
      vertex   1.214101e+02 -3.159454e+01 9.400000e+00
      vertex   1.214101e+02 -3.201027e+01 8.103337e+00
      vertex   1.214101e+02 -3.115971e+01 9.135892e+00
    endloop
  endfacet
  facet normal 1.000000e+00 0.000000e+00 0.000000e+00
    outer loop
      vertex   1.214101e+02 -3.159454e+01 9.400000e+00
      vertex   1.214101e+02 -3.239106e+01 8.313268e+00
      vertex   1.214101e+02 -3.201027e+01 8.103337e+00
    endloop
  endfacet
  facet normal 1.000000e+00 0.000000e+00 0.000000e+00
    outer loop
      vertex   1.214101e+02 -3.159454e+01 9.400000e+00
      vertex   1.214101e+02 -3.279402e+01 8.476687e+00
      vertex   1.214101e+02 -3.239106e+01 8.313268e+00
    endloop
  endfacet
  facet normal 1.000000e+00 -0.000000e+00 0.000000e+00
    outer loop
      vertex   1.214101e+02 -3.321346e+01 8.591302e+00
      vertex   1.214101e+02 -3.279402e+01 8.476687e+00
      vertex   1.214101e+02 -3.159454e+01 9.400000e+00
    endloop
  endfacet
  facet normal 1.000000e+00 0.000000e+00 0.000000e+00
    outer loop
      vertex   1.214101e+02 -3.159454e+01 9.400000e+00
      vertex   1.214101e+02 -3.364352e+01 8.655503e+00
      vertex   1.214101e+02 -3.321346e+01 8.591302e+00
    endloop
  endfacet
  facet normal 1.000000e+00 0.000000e+00 0.000000e+00
    outer loop
      vertex   1.214101e+02 -3.159454e+01 9.400000e+00
      vertex   1.214101e+02 -3.407816e+01 8.668387e+00
      vertex   1.214101e+02 -3.364352e+01 8.655503e+00
    endloop
  endfacet
  facet normal 1.000000e+00 -0.000000e+00 0.000000e+00
    outer loop
      vertex   1.214101e+02 -3.634427e+01 9.400000e+00
      vertex   1.214101e+02 -3.407816e+01 8.668387e+00
      vertex   1.214101e+02 -3.159454e+01 9.400000e+00
    endloop
  endfacet
  facet normal 1.000000e+00 0.000000e+00 0.000000e+00
    outer loop
      vertex   1.214101e+02 -3.634427e+01 9.400000e+00
      vertex   1.214101e+02 -3.451127e+01 8.629777e+00
      vertex   1.214101e+02 -3.407816e+01 8.668387e+00
    endloop
  endfacet
  facet normal 1.000000e+00 0.000000e+00 -0.000000e+00
    outer loop
      vertex   1.214101e+02 -3.493677e+01 8.540212e+00
      vertex   1.214101e+02 -3.451127e+01 8.629777e+00
      vertex   1.214101e+02 -3.634427e+01 9.400000e+00
    endloop
  endfacet
  facet normal 1.000000e+00 0.000000e+00 0.000000e+00
    outer loop
      vertex   1.214101e+02 -3.634427e+01 9.400000e+00
      vertex   1.214101e+02 -3.534869e+01 8.400950e+00
      vertex   1.214101e+02 -3.493677e+01 8.540212e+00
    endloop
  endfacet
  facet normal 1.000000e+00 0.000000e+00 0.000000e+00
    outer loop
      vertex   1.214101e+02 -3.634427e+01 9.400000e+00
      vertex   1.214101e+02 -3.574125e+01 8.213948e+00
      vertex   1.214101e+02 -3.534869e+01 8.400950e+00
    endloop
  endfacet
  facet normal 1.000000e+00 -0.000000e+00 0.000000e+00
    outer loop
      vertex   1.214101e+02 -3.677910e+01 9.135892e+00
      vertex   1.214101e+02 -3.574125e+01 8.213948e+00
      vertex   1.214101e+02 -3.634427e+01 9.400000e+00
    endloop
  endfacet
  facet normal 1.000000e+00 0.000000e+00 0.000000e+00
    outer loop
      vertex   1.214101e+02 -3.677910e+01 9.135892e+00
      vertex   1.214101e+02 -3.610894e+01 7.981828e+00
      vertex   1.214101e+02 -3.574125e+01 8.213948e+00
    endloop
  endfacet
  facet normal 1.000000e+00 -0.000000e+00 0.000000e+00
    outer loop
      vertex   1.214101e+02 -3.718484e+01 8.828965e+00
      vertex   1.214101e+02 -3.610894e+01 7.981828e+00
      vertex   1.214101e+02 -3.677910e+01 9.135892e+00
    endloop
  endfacet
  facet normal 1.000000e+00 0.000000e+00 0.000000e+00
    outer loop
      vertex   1.214101e+02 -3.718484e+01 8.828965e+00
      vertex   1.214101e+02 -3.644659e+01 7.707848e+00
      vertex   1.214101e+02 -3.610894e+01 7.981828e+00
    endloop
  endfacet
  facet normal 1.000000e+00 -0.000000e+00 0.000000e+00
    outer loop
      vertex   1.214101e+02 -3.755729e+01 8.482394e+00
      vertex   1.214101e+02 -3.644659e+01 7.707848e+00
      vertex   1.214101e+02 -3.718484e+01 8.828965e+00
    endloop
  endfacet
  facet normal 1.000000e+00 0.000000e+00 0.000000e+00
    outer loop
      vertex   1.214101e+02 -3.755729e+01 8.482394e+00
      vertex   1.214101e+02 -3.674947e+01 7.395857e+00
      vertex   1.214101e+02 -3.644659e+01 7.707848e+00
    endloop
  endfacet
  facet normal 1.000000e+00 -0.000000e+00 0.000000e+00
    outer loop
      vertex   1.214101e+02 -3.789259e+01 8.099770e+00
      vertex   1.214101e+02 -3.674947e+01 7.395857e+00
      vertex   1.214101e+02 -3.755729e+01 8.482394e+00
    endloop
  endfacet
  facet normal 1.000000e+00 0.000000e+00 0.000000e+00
    outer loop
      vertex   1.214101e+02 -3.789259e+01 8.099770e+00
      vertex   1.214101e+02 -3.701332e+01 7.050233e+00
      vertex   1.214101e+02 -3.674947e+01 7.395857e+00
    endloop
  endfacet
  facet normal 1.000000e+00 -0.000000e+00 0.000000e+00
    outer loop
      vertex   1.214101e+02 -3.818728e+01 7.685054e+00
      vertex   1.214101e+02 -3.701332e+01 7.050233e+00
      vertex   1.214101e+02 -3.789259e+01 8.099770e+00
    endloop
  endfacet
  facet normal 1.000000e+00 0.000000e+00 0.000000e+00
    outer loop
      vertex   1.214101e+02 -3.818728e+01 7.685054e+00
      vertex   1.214101e+02 -3.723444e+01 6.675830e+00
      vertex   1.214101e+02 -3.701332e+01 7.050233e+00
    endloop
  endfacet
  facet normal 1.000000e+00 -0.000000e+00 0.000000e+00
    outer loop
      vertex   1.214101e+02 -3.843830e+01 7.242539e+00
      vertex   1.214101e+02 -3.723444e+01 6.675830e+00
      vertex   1.214101e+02 -3.818728e+01 7.685054e+00
    endloop
  endfacet
  facet normal 1.000000e+00 -0.000000e+00 0.000000e+00
    outer loop
      vertex   1.214101e+02 -3.864305e+01 6.776805e+00
      vertex   1.214101e+02 -3.723444e+01 6.675830e+00
      vertex   1.214101e+02 -3.843830e+01 7.242539e+00
    endloop
  endfacet
  facet normal 1.000000e+00 0.000000e+00 0.000000e+00
    outer loop
      vertex   1.214101e+02 -3.864305e+01 6.776805e+00
      vertex   1.214101e+02 -3.740973e+01 6.277901e+00
      vertex   1.214101e+02 -3.723444e+01 6.675830e+00
    endloop
  endfacet
  facet normal 1.000000e+00 -0.000000e+00 0.000000e+00
    outer loop
      vertex   1.214101e+02 -3.879941e+01 6.292678e+00
      vertex   1.214101e+02 -3.740973e+01 6.277901e+00
      vertex   1.214101e+02 -3.864305e+01 6.776805e+00
    endloop
  endfacet
  facet normal 1.000000e+00 0.000000e+00 0.000000e+00
    outer loop
      vertex   1.214101e+02 -3.879941e+01 6.292678e+00
      vertex   1.214101e+02 -3.753673e+01 5.862033e+00
      vertex   1.214101e+02 -3.740973e+01 6.277901e+00
    endloop
  endfacet
  facet normal 1.000000e+00 0.000000e+00 0.000000e+00
    outer loop
      vertex   1.214101e+02 -3.890577e+01 5.795167e+00
      vertex   1.214101e+02 -3.753673e+01 5.862033e+00
      vertex   1.214101e+02 -3.879941e+01 6.292678e+00
    endloop
  endfacet
  facet normal 1.000000e+00 -0.000000e+00 0.000000e+00
    outer loop
      vertex   1.214101e+02 -3.890577e+01 5.795167e+00
      vertex   1.214101e+02 -3.761364e+01 5.434064e+00
      vertex   1.214101e+02 -3.753673e+01 5.862033e+00
    endloop
  endfacet
  facet normal 1.000000e+00 0.000000e+00 0.000000e+00
    outer loop
      vertex   1.214101e+02 -3.896102e+01 5.289422e+00
      vertex   1.214101e+02 -3.761364e+01 5.434064e+00
      vertex   1.214101e+02 -3.890577e+01 5.795167e+00
    endloop
  endfacet
  facet normal 1.000000e+00 0.000000e+00 0.000000e+00
    outer loop
      vertex   1.214101e+02 -3.740973e+01 3.722102e+00
      vertex   1.214101e+02 -3.866753e+01 3.288981e+00
      vertex   1.214101e+02 -3.846934e+01 2.820420e+00
    endloop
  endfacet
  facet normal 1.000000e+00 0.000000e+00 0.000000e+00
    outer loop
      vertex   1.214101e+02 -3.740973e+01 3.722102e+00
      vertex   1.214101e+02 -3.881708e+01 3.775256e+00
      vertex   1.214101e+02 -3.866753e+01 3.288981e+00
    endloop
  endfacet
  facet normal 1.000000e+00 0.000000e+00 0.000000e+00
    outer loop
      vertex   1.214101e+02 -3.753673e+01 4.137969e+00
      vertex   1.214101e+02 -3.881708e+01 3.775256e+00
      vertex   1.214101e+02 -3.740973e+01 3.722102e+00
    endloop
  endfacet
  facet normal 1.000000e+00 0.000000e+00 0.000000e+00
    outer loop
      vertex   1.214101e+02 -3.753673e+01 4.137969e+00
      vertex   1.214101e+02 -3.891645e+01 4.274211e+00
      vertex   1.214101e+02 -3.881708e+01 3.775256e+00
    endloop
  endfacet
  facet normal 1.000000e+00 0.000000e+00 0.000000e+00
    outer loop
      vertex   1.214101e+02 -3.761364e+01 4.565938e+00
      vertex   1.214101e+02 -3.891645e+01 4.274211e+00
      vertex   1.214101e+02 -3.753673e+01 4.137969e+00
    endloop
  endfacet
  facet normal 1.000000e+00 0.000000e+00 0.000000e+00
    outer loop
      vertex   1.214101e+02 -3.761364e+01 4.565938e+00
      vertex   1.214101e+02 -3.896459e+01 4.780682e+00
      vertex   1.214101e+02 -3.891645e+01 4.274211e+00
    endloop
  endfacet
  facet normal 1.000000e+00 0.000000e+00 0.000000e+00
    outer loop
      vertex   1.214101e+02 -3.763940e+01 5.000001e+00
      vertex   1.214101e+02 -3.896459e+01 4.780682e+00
      vertex   1.214101e+02 -3.761364e+01 4.565938e+00
    endloop
  endfacet
  facet normal 1.000000e+00 0.000000e+00 0.000000e+00
    outer loop
      vertex   1.214101e+02 -3.763940e+01 5.000001e+00
      vertex   1.214101e+02 -3.896102e+01 5.289422e+00
      vertex   1.214101e+02 -3.896459e+01 4.780682e+00
    endloop
  endfacet
  facet normal 1.000000e+00 0.000000e+00 0.000000e+00
    outer loop
      vertex   1.214101e+02 -3.761364e+01 5.434064e+00
      vertex   1.214101e+02 -3.896102e+01 5.289422e+00
      vertex   1.214101e+02 -3.763940e+01 5.000001e+00
    endloop
  endfacet
  facet normal -9.977310e-16 -5.042850e-01 8.635373e-01
    outer loop
      vertex   1.176406e+02 -3.663455e+01 9.230489e+00
      vertex   1.214101e+02 -3.634427e+01 9.400000e+00
      vertex   1.178101e+02 -3.634427e+01 9.400000e+00
    endloop
  endfacet
  facet normal 1.540600e-03 -5.191279e-01 8.546952e-01
    outer loop
      vertex   1.176406e+02 -3.663455e+01 9.230489e+00
      vertex   1.214101e+02 -3.677910e+01 9.135892e+00
      vertex   1.214101e+02 -3.634427e+01 9.400000e+00
    endloop
  endfacet
  facet normal -7.303459e-04 -5.608307e-01 8.279302e-01
    outer loop
      vertex   1.174519e+02 -3.691277e+01 9.041856e+00
      vertex   1.214101e+02 -3.677910e+01 9.135892e+00
      vertex   1.176406e+02 -3.663455e+01 9.230489e+00
    endloop
  endfacet
  facet normal 1.426142e-03 -6.032934e-01 7.975181e-01
    outer loop
      vertex   1.174519e+02 -3.691277e+01 9.041856e+00
      vertex   1.214101e+02 -3.718484e+01 8.828965e+00
      vertex   1.214101e+02 -3.677910e+01 9.135892e+00
    endloop
  endfacet
  facet normal 7.671934e-05 -6.155524e-01 7.880959e-01
    outer loop
      vertex   1.172450e+02 -3.717769e+01 8.834954e+00
      vertex   1.214101e+02 -3.718484e+01 8.828965e+00
      vertex   1.174519e+02 -3.691277e+01 9.041856e+00
    endloop
  endfacet
  facet normal -7.359122e-05 -6.670404e-01 7.450215e-01
    outer loop
      vertex   1.170208e+02 -3.742812e+01 8.610720e+00
      vertex   1.214101e+02 -3.718484e+01 8.828965e+00
      vertex   1.172450e+02 -3.717769e+01 8.834954e+00
    endloop
  endfacet
  facet normal 1.355618e-03 -6.812171e-01 7.320802e-01
    outer loop
      vertex   1.170208e+02 -3.742812e+01 8.610720e+00
      vertex   1.214101e+02 -3.755729e+01 8.482394e+00
      vertex   1.214101e+02 -3.718484e+01 8.828965e+00
    endloop
  endfacet
  facet normal -6.207876e-04 -7.153149e-01 6.988020e-01
    outer loop
      vertex   1.167803e+02 -3.766291e+01 8.370168e+00
      vertex   1.214101e+02 -3.755729e+01 8.482394e+00
      vertex   1.170208e+02 -3.742812e+01 8.610720e+00
    endloop
  endfacet
  facet normal 1.181020e-03 -7.520806e-01 6.590701e-01
    outer loop
      vertex   1.167803e+02 -3.766291e+01 8.370168e+00
      vertex   1.214101e+02 -3.789259e+01 8.099770e+00
      vertex   1.214101e+02 -3.755729e+01 8.482394e+00
    endloop
  endfacet
  facet normal 1.357974e-04 -7.610009e-01 6.487508e-01
    outer loop
      vertex   1.165245e+02 -3.788101e+01 8.114383e+00
      vertex   1.214101e+02 -3.789259e+01 8.099770e+00
      vertex   1.167803e+02 -3.766291e+01 8.370168e+00
    endloop
  endfacet
  facet normal -1.200948e-04 -8.027601e-01 5.963021e-01
    outer loop
      vertex   1.162546e+02 -3.808143e+01 7.844521e+00
      vertex   1.214101e+02 -3.789259e+01 8.099770e+00
      vertex   1.165245e+02 -3.788101e+01 8.114383e+00
    endloop
  endfacet
  facet normal 1.179399e-03 -8.151629e-01 5.792306e-01
    outer loop
      vertex   1.162546e+02 -3.808143e+01 7.844521e+00
      vertex   1.214101e+02 -3.818728e+01 7.685054e+00
      vertex   1.214101e+02 -3.789259e+01 8.099770e+00
    endloop
  endfacet
  facet normal -5.206585e-04 -8.408265e-01 5.413044e-01
    outer loop
      vertex   1.159719e+02 -3.826326e+01 7.561805e+00
      vertex   1.214101e+02 -3.818728e+01 7.685054e+00
      vertex   1.162546e+02 -3.808143e+01 7.844521e+00
    endloop
  endfacet
  facet normal 9.698578e-04 -8.698022e-01 4.933996e-01
    outer loop
      vertex   1.159719e+02 -3.826326e+01 7.561805e+00
      vertex   1.214101e+02 -3.843830e+01 7.242539e+00
      vertex   1.214101e+02 -3.818728e+01 7.685054e+00
    endloop
  endfacet
  facet normal 1.770828e-04 -8.755840e-01 4.830658e-01
    outer loop
      vertex   1.156776e+02 -3.842568e+01 7.267506e+00
      vertex   1.214101e+02 -3.843830e+01 7.242539e+00
      vertex   1.159719e+02 -3.826326e+01 7.561805e+00
    endloop
  endfacet
  facet normal -1.495492e-04 -9.059390e-01 4.234082e-01
    outer loop
      vertex   1.153731e+02 -3.856797e+01 6.962962e+00
      vertex   1.214101e+02 -3.843830e+01 7.242539e+00
      vertex   1.156776e+02 -3.842568e+01 7.267506e+00
    endloop
  endfacet
  facet normal 1.024940e-03 -9.154399e-01 4.024535e-01
    outer loop
      vertex   1.153731e+02 -3.856797e+01 6.962962e+00
      vertex   1.214101e+02 -3.864305e+01 6.776805e+00
      vertex   1.214101e+02 -3.843830e+01 7.242539e+00
    endloop
  endfacet
  facet normal -4.364783e-04 -9.322415e-01 3.618364e-01
    outer loop
      vertex   1.150596e+02 -3.868947e+01 6.649544e+00
      vertex   1.214101e+02 -3.864305e+01 6.776805e+00
      vertex   1.153731e+02 -3.856797e+01 6.962962e+00
    endloop
  endfacet
  facet normal 7.969171e-04 -9.515966e-01 3.073487e-01
    outer loop
      vertex   1.150596e+02 -3.868947e+01 6.649544e+00
      vertex   1.214101e+02 -3.879941e+01 6.292678e+00
      vertex   1.214101e+02 -3.864305e+01 6.776805e+00
    endloop
  endfacet
  facet normal 2.077557e-04 -9.546287e-01 2.977986e-01
    outer loop
      vertex   1.147388e+02 -3.878964e+01 6.328673e+00
      vertex   1.214101e+02 -3.879941e+01 6.292678e+00
      vertex   1.150596e+02 -3.868947e+01 6.649544e+00
    endloop
  endfacet
  facet normal -1.661150e-04 -9.723969e-01 2.333329e-01
    outer loop
      vertex   1.144119e+02 -3.886802e+01 6.001795e+00
      vertex   1.214101e+02 -3.879941e+01 6.292678e+00
      vertex   1.147388e+02 -3.878964e+01 6.328673e+00
    endloop
  endfacet
  facet normal 8.969559e-04 -9.779034e-01 2.090556e-01
    outer loop
      vertex   1.144119e+02 -3.886802e+01 6.001795e+00
      vertex   1.214101e+02 -3.890577e+01 5.795167e+00
      vertex   1.214101e+02 -3.879941e+01 6.292678e+00
    endloop
  endfacet
  facet normal -3.679124e-04 -9.858436e-01 1.676672e-01
    outer loop
      vertex   1.140805e+02 -3.892426e+01 5.670390e+00
      vertex   1.214101e+02 -3.890577e+01 5.795167e+00
      vertex   1.144119e+02 -3.886802e+01 6.001795e+00
    endloop
  endfacet
  facet normal 6.584957e-04 -9.940858e-01 1.085953e-01
    outer loop
      vertex   1.140805e+02 -3.892426e+01 5.670390e+00
      vertex   1.214101e+02 -3.896102e+01 5.289422e+00
      vertex   1.214101e+02 -3.890577e+01 5.795167e+00
    endloop
  endfacet
  facet normal 2.316441e-04 -9.949405e-01 1.004654e-01
    outer loop
      vertex   1.137460e+02 -3.895810e+01 5.335955e+00
      vertex   1.214101e+02 -3.896102e+01 5.289422e+00
      vertex   1.140805e+02 -3.892426e+01 5.670390e+00
    endloop
  endfacet
  facet normal -1.749023e-04 -9.994290e-01 3.378861e-02
    outer loop
      vertex   1.134101e+02 -3.896940e+01 5.000001e+00
      vertex   1.214101e+02 -3.896102e+01 5.289422e+00
      vertex   1.137460e+02 -3.895810e+01 5.335955e+00
    endloop
  endfacet
  facet normal 7.938865e-04 -9.999750e-01 7.025761e-03
    outer loop
      vertex   1.134101e+02 -3.896940e+01 5.000001e+00
      vertex   1.214101e+02 -3.896459e+01 4.780682e+00
      vertex   1.214101e+02 -3.896102e+01 5.289422e+00
    endloop
  endfacet
  facet normal -7.654690e-04 -9.987575e-01 -4.982760e-02
    outer loop
      vertex   1.139002e+02 -3.894533e+01 4.509915e+00
      vertex   1.214101e+02 -3.896459e+01 4.780682e+00
      vertex   1.134101e+02 -3.896940e+01 5.000001e+00
    endloop
  endfacet
  facet normal 8.583190e-04 -9.955118e-01 -9.463355e-02
    outer loop
      vertex   1.139002e+02 -3.894533e+01 4.509915e+00
      vertex   1.214101e+02 -3.891645e+01 4.274211e+00
      vertex   1.214101e+02 -3.896459e+01 4.780682e+00
    endloop
  endfacet
  facet normal -8.270859e-04 -9.890554e-01 -1.475421e-01
    outer loop
      vertex   1.143855e+02 -3.887333e+01 4.024548e+00
      vertex   1.214101e+02 -3.891645e+01 4.274211e+00
      vertex   1.139002e+02 -3.894533e+01 4.509915e+00
    endloop
  endfacet
  facet normal 9.217378e-04 -9.807409e-01 -1.953114e-01
    outer loop
      vertex   1.143855e+02 -3.887333e+01 4.024548e+00
      vertex   1.214101e+02 -3.881708e+01 3.775256e+00
      vertex   1.214101e+02 -3.891645e+01 4.274211e+00
    endloop
  endfacet
  facet normal -8.870145e-04 -9.698215e-01 -2.438146e-01
    outer loop
      vertex   1.148615e+02 -3.875411e+01 3.548577e+00
      vertex   1.214101e+02 -3.881708e+01 3.775256e+00
      vertex   1.143855e+02 -3.887333e+01 4.024548e+00
    endloop
  endfacet
  facet normal 9.833383e-04 -9.558181e-01 -2.939571e-01
    outer loop
      vertex   1.148615e+02 -3.875411e+01 3.548577e+00
      vertex   1.214101e+02 -3.866753e+01 3.288981e+00
      vertex   1.214101e+02 -3.881708e+01 3.775256e+00
    endloop
  endfacet
  facet normal -9.442826e-04 -9.412450e-01 -3.377233e-01
    outer loop
      vertex   1.153235e+02 -3.858880e+01 3.086583e+00
      vertex   1.214101e+02 -3.866753e+01 3.288981e+00
      vertex   1.148615e+02 -3.875411e+01 3.548577e+00
    endloop
  endfacet
  facet normal 1.041504e-03 -9.209984e-01 -3.895651e-01
    outer loop
      vertex   1.153235e+02 -3.858880e+01 3.086583e+00
      vertex   1.214101e+02 -3.846934e+01 2.820420e+00
      vertex   1.214101e+02 -3.866753e+01 3.288981e+00
    endloop
  endfacet
  facet normal 2.325643e-04 -9.142927e-01 -4.050540e-01
    outer loop
      vertex   1.155479e+02 -3.848935e+01 2.862225e+00
      vertex   1.214101e+02 -3.846934e+01 2.820420e+00
      vertex   1.153235e+02 -3.858880e+01 3.086583e+00
    endloop
  endfacet
  facet normal -1.582315e-04 -8.931604e-01 -4.497382e-01
    outer loop
      vertex   1.157671e+02 -3.837901e+01 2.643017e+00
      vertex   1.214101e+02 -3.846934e+01 2.820420e+00
      vertex   1.155479e+02 -3.848935e+01 2.862225e+00
    endloop
  endfacet
  facet normal 1.093048e-03 -8.766473e-01 -4.811323e-01
    outer loop
      vertex   1.157671e+02 -3.837901e+01 2.643017e+00
      vertex   1.214101e+02 -3.822456e+01 2.374423e+00
      vertex   1.214101e+02 -3.846934e+01 2.820420e+00
    endloop
  endfacet
  facet normal 3.709861e-04 -8.702442e-01 -4.926205e-01
    outer loop
      vertex   1.159806e+02 -3.825805e+01 2.429488e+00
      vertex   1.214101e+02 -3.822456e+01 2.374423e+00
      vertex   1.157671e+02 -3.837901e+01 2.643017e+00
    endloop
  endfacet
  facet normal -2.175178e-04 -8.447576e-01 -5.351491e-01
    outer loop
      vertex   1.161879e+02 -3.812675e+01 2.222149e+00
      vertex   1.214101e+02 -3.822456e+01 2.374423e+00
      vertex   1.159806e+02 -3.825805e+01 2.429488e+00
    endloop
  endfacet
  facet normal 1.136220e-03 -8.232107e-01 -5.677349e-01
    outer loop
      vertex   1.161879e+02 -3.812675e+01 2.222149e+00
      vertex   1.214101e+02 -3.793572e+01 1.955611e+00
      vertex   1.214101e+02 -3.822456e+01 2.374423e+00
    endloop
  endfacet
  facet normal 5.461528e-04 -8.178395e-01 -5.754462e-01
    outer loop
      vertex   1.163886e+02 -3.798544e+01 2.021504e+00
      vertex   1.214101e+02 -3.793572e+01 1.955611e+00
      vertex   1.161879e+02 -3.812675e+01 2.222149e+00
    endloop
  endfacet
  facet normal -2.714545e-04 -7.882142e-01 -6.154009e-01
    outer loop
      vertex   1.165821e+02 -3.783445e+01 1.828034e+00
      vertex   1.214101e+02 -3.793572e+01 1.955611e+00
      vertex   1.163886e+02 -3.798544e+01 2.021504e+00
    endloop
  endfacet
  facet normal 1.167123e-03 -7.612595e-01 -6.484463e-01
    outer loop
      vertex   1.165821e+02 -3.783445e+01 1.828034e+00
      vertex   1.214101e+02 -3.760582e+01 1.568318e+00
      vertex   1.214101e+02 -3.793572e+01 1.955611e+00
    endloop
  endfacet
  facet normal 7.629157e-04 -7.575901e-01 -6.527302e-01
    outer loop
      vertex   1.167679e+02 -3.767416e+01 1.642207e+00
      vertex   1.214101e+02 -3.760582e+01 1.568318e+00
      vertex   1.165821e+02 -3.783445e+01 1.828034e+00
    endloop
  endfacet
  facet normal -3.191459e-04 -7.240776e-01 -6.897185e-01
    outer loop
      vertex   1.169456e+02 -3.750493e+01 1.464467e+00
      vertex   1.214101e+02 -3.760582e+01 1.568318e+00
      vertex   1.167679e+02 -3.767416e+01 1.642207e+00
    endloop
  endfacet
  facet normal 1.180200e-03 -6.914225e-01 -7.224497e-01
    outer loop
      vertex   1.169456e+02 -3.750493e+01 1.464467e+00
      vertex   1.214101e+02 -3.723827e+01 1.216553e+00
      vertex   1.214101e+02 -3.760582e+01 1.568318e+00
    endloop
  endfacet
  facet normal 1.026850e-03 -6.900628e-01 -7.237487e-01
    outer loop
      vertex   1.171149e+02 -3.732720e+01 1.295245e+00
      vertex   1.214101e+02 -3.723827e+01 1.216553e+00
      vertex   1.169456e+02 -3.750493e+01 1.464467e+00
    endloop
  endfacet
  facet normal -3.564881e-04 -6.529921e-01 -7.573646e-01
    outer loop
      vertex   1.172751e+02 -3.714137e+01 1.134949e+00
      vertex   1.214101e+02 -3.723827e+01 1.216553e+00
      vertex   1.171149e+02 -3.732720e+01 1.295245e+00
    endloop
  endfacet
  facet normal 1.118784e-03 -6.157743e-01 -7.879218e-01
    outer loop
      vertex   1.174261e+02 -3.694790e+01 9.839635e-01
      vertex   1.214101e+02 -3.723827e+01 1.216553e+00
      vertex   1.172751e+02 -3.714137e+01 1.134949e+00
    endloop
  endfacet
  facet normal 1.277823e-03 -6.144313e-01 -7.889693e-01
    outer loop
      vertex   1.174261e+02 -3.694790e+01 9.839635e-01
      vertex   1.214101e+02 -3.683688e+01 9.039598e-01
      vertex   1.214101e+02 -3.723827e+01 1.216553e+00
    endloop
  endfacet
  facet normal -3.804629e-04 -5.756322e-01 -8.177086e-01
    outer loop
      vertex   1.175674e+02 -3.674725e+01 8.426519e-01
      vertex   1.214101e+02 -3.683688e+01 9.039598e-01
      vertex   1.174261e+02 -3.694790e+01 9.839635e-01
    endloop
  endfacet
  facet normal 9.855463e-04 -5.354425e-01 -8.445711e-01
    outer loop
      vertex   1.176987e+02 -3.653992e+01 7.113576e-01
      vertex   1.214101e+02 -3.683688e+01 9.039598e-01
      vertex   1.175674e+02 -3.674725e+01 8.426519e-01
    endloop
  endfacet
  facet normal 1.478081e-03 -5.310729e-01 -8.473248e-01
    outer loop
      vertex   1.176987e+02 -3.653992e+01 7.113576e-01
      vertex   1.214101e+02 -3.640580e+01 6.337743e-01
      vertex   1.214101e+02 -3.683688e+01 9.039598e-01
    endloop
  endfacet
  facet normal -3.851585e-04 -4.927328e-01 -8.701806e-01
    outer loop
      vertex   1.178197e+02 -3.632639e+01 5.903936e-01
      vertex   1.214101e+02 -3.640580e+01 6.337743e-01
      vertex   1.176987e+02 -3.653992e+01 7.113576e-01
    endloop
  endfacet
  facet normal 8.375925e-04 -4.499482e-01 -8.930543e-01
    outer loop
      vertex   1.179300e+02 -3.610718e+01 4.800535e-01
      vertex   1.214101e+02 -3.640580e+01 6.337743e-01
      vertex   1.178197e+02 -3.632639e+01 5.903936e-01
    endloop
  endfacet
  facet normal 1.670389e-03 -4.422243e-01 -8.969029e-01
    outer loop
      vertex   1.179300e+02 -3.610718e+01 4.800535e-01
      vertex   1.214101e+02 -3.594950e+01 4.087911e-01
      vertex   1.214101e+02 -3.640580e+01 6.337743e-01
    endloop
  endfacet
  facet normal -3.666605e-04 -4.051125e-01 -9.142668e-01
    outer loop
      vertex   1.180295e+02 -3.588282e+01 3.806005e-01
      vertex   1.214101e+02 -3.594950e+01 4.087911e-01
      vertex   1.179300e+02 -3.610718e+01 4.800535e-01
    endloop
  endfacet
  facet normal 6.764675e-04 -3.601096e-01 -9.329098e-01
    outer loop
      vertex   1.181178e+02 -3.565385e+01 2.922807e-01
      vertex   1.214101e+02 -3.594950e+01 4.087911e-01
      vertex   1.180295e+02 -3.588282e+01 3.806005e-01
    endloop
  endfacet
  facet normal 1.844714e-03 -3.487906e-01 -9.371989e-01
    outer loop
      vertex   1.181178e+02 -3.565385e+01 2.922807e-01
      vertex   1.214101e+02 -3.547270e+01 2.313428e-01
      vertex   1.214101e+02 -3.594950e+01 4.087911e-01
    endloop
  endfacet
  facet normal -3.207883e-04 -3.135919e-01 -9.495578e-01
    outer loop
      vertex   1.181948e+02 -3.542083e+01 2.152982e-01
      vertex   1.214101e+02 -3.547270e+01 2.313428e-01
      vertex   1.181178e+02 -3.565385e+01 2.922807e-01
    endloop
  endfacet
  facet normal 5.042024e-04 -2.668417e-01 -9.637402e-01
    outer loop
      vertex   1.182602e+02 -3.518430e+01 1.498437e-01
      vertex   1.214101e+02 -3.547270e+01 2.313428e-01
      vertex   1.181948e+02 -3.542083e+01 2.152982e-01
    endloop
  endfacet
  facet normal 1.990470e-03 -2.517530e-01 -9.677895e-01
    outer loop
      vertex   1.182602e+02 -3.518430e+01 1.498437e-01
      vertex   1.214101e+02 -3.498033e+01 1.032625e-01
      vertex   1.214101e+02 -3.547270e+01 2.313428e-01
    endloop
  endfacet
  facet normal -2.444827e-04 -2.190493e-01 -9.757138e-01
    outer loop
      vertex   1.183140e+02 -3.494486e+01 9.607366e-02
      vertex   1.214101e+02 -3.498033e+01 1.032625e-01
      vertex   1.182602e+02 -3.518430e+01 1.498437e-01
    endloop
  endfacet
  facet normal 3.280550e-04 -1.710195e-01 -9.852676e-01
    outer loop
      vertex   1.183560e+02 -3.470306e+01 5.411771e-02
      vertex   1.214101e+02 -3.498033e+01 1.032625e-01
      vertex   1.183140e+02 -3.494486e+01 9.607366e-02
    endloop
  endfacet
  facet normal 2.095919e-03 -1.520954e-01 -9.883636e-01
    outer loop
      vertex   1.183560e+02 -3.470306e+01 5.411771e-02
      vertex   1.214101e+02 -3.447750e+01 2.588322e-02
      vertex   1.214101e+02 -3.498033e+01 1.032625e-01
    endloop
  endfacet
  facet normal -1.360630e-04 -1.223900e-01 -9.924821e-01
    outer loop
      vertex   1.183860e+02 -3.445949e+01 2.407697e-02
      vertex   1.214101e+02 -3.447750e+01 2.588322e-02
      vertex   1.183560e+02 -3.470306e+01 5.411771e-02
    endloop
  endfacet
  facet normal 1.575226e-04 -7.357377e-02 -9.972898e-01
    outer loop
      vertex   1.184041e+02 -3.421474e+01 6.023911e-03
      vertex   1.214101e+02 -3.447750e+01 2.588322e-02
      vertex   1.183860e+02 -3.445949e+01 2.407697e-02
    endloop
  endfacet
  facet normal 2.150986e-03 -5.087465e-02 -9.987027e-01
    outer loop
      vertex   1.184041e+02 -3.421474e+01 6.023911e-03
      vertex   1.214101e+02 -3.396940e+01 5.036593e-07
      vertex   1.214101e+02 -3.447750e+01 2.588322e-02
    endloop
  endfacet
  facet normal 0.000000e+00 -2.454402e-02 -9.996988e-01
    outer loop
      vertex   1.184101e+02 -3.396940e+01 5.036593e-07
      vertex   1.214101e+02 -3.396940e+01 5.036593e-07
      vertex   1.184041e+02 -3.421474e+01 6.023911e-03
    endloop
  endfacet
  facet normal 0.000000e+00 2.829768e-02 -9.995995e-01
    outer loop
      vertex   1.184021e+02 -3.368656e+01 8.007553e-03
      vertex   1.214101e+02 -3.396940e+01 5.036593e-07
      vertex   1.184101e+02 -3.396940e+01 5.036593e-07
    endloop
  endfacet
  facet normal 2.125313e-03 5.087465e-02 -9.987028e-01
    outer loop
      vertex   1.184021e+02 -3.368656e+01 8.007553e-03
      vertex   1.214101e+02 -3.346131e+01 2.588322e-02
      vertex   1.214101e+02 -3.396940e+01 5.036593e-07
    endloop
  endfacet
  facet normal -4.259796e-04 8.476212e-02 -9.964011e-01
    outer loop
      vertex   1.183781e+02 -3.340462e+01 3.200200e-02
      vertex   1.214101e+02 -3.346131e+01 2.588322e-02
      vertex   1.184021e+02 -3.368656e+01 8.007553e-03
    endloop
  endfacet
  facet normal 6.405332e-04 1.411116e-01 -9.899935e-01
    outer loop
      vertex   1.183382e+02 -3.312449e+01 7.190564e-02
      vertex   1.214101e+02 -3.346131e+01 2.588322e-02
      vertex   1.183781e+02 -3.340462e+01 3.200200e-02
    endloop
  endfacet
  facet normal 1.869295e-03 1.520955e-01 -9.883640e-01
    outer loop
      vertex   1.183382e+02 -3.312449e+01 7.190564e-02
      vertex   1.214101e+02 -3.295847e+01 1.032625e-01
      vertex   1.214101e+02 -3.346131e+01 2.588322e-02
    endloop
  endfacet
  facet normal -6.212873e-04 1.966897e-01 -9.804656e-01
    outer loop
      vertex   1.182825e+02 -3.284706e+01 1.275945e-01
      vertex   1.214101e+02 -3.295847e+01 1.032625e-01
      vertex   1.183382e+02 -3.312449e+01 7.190564e-02
    endloop
  endfacet
  facet normal 1.438814e-03 2.517533e-01 -9.677904e-01
    outer loop
      vertex   1.182825e+02 -3.284706e+01 1.275945e-01
      vertex   1.214101e+02 -3.246611e+01 2.313428e-01
      vertex   1.214101e+02 -3.295847e+01 1.032625e-01
    endloop
  endfacet
  facet normal 1.369813e-03 2.522823e-01 -9.676527e-01
    outer loop
      vertex   1.182112e+02 -3.257323e+01 1.988855e-01
      vertex   1.214101e+02 -3.246611e+01 2.313428e-01
      vertex   1.182825e+02 -3.284706e+01 1.275945e-01
    endloop
  endfacet
  facet normal -5.921787e-04 3.061249e-01 -9.519912e-01
    outer loop
      vertex   1.181245e+02 -3.230387e+01 2.855554e-01
      vertex   1.214101e+02 -3.246611e+01 2.313428e-01
      vertex   1.182112e+02 -3.257323e+01 1.988855e-01
    endloop
  endfacet
  facet normal 1.758659e-03 3.487906e-01 -9.371990e-01
    outer loop
      vertex   1.181245e+02 -3.230387e+01 2.855554e-01
      vertex   1.214101e+02 -3.198930e+01 4.087911e-01
      vertex   1.214101e+02 -3.246611e+01 2.313428e-01
    endloop
  endfacet
  facet normal 5.446133e-04 3.598325e-01 -9.330168e-01
    outer loop
      vertex   1.180228e+02 -3.203985e+01 3.873220e-01
      vertex   1.214101e+02 -3.198930e+01 4.087911e-01
      vertex   1.181245e+02 -3.230387e+01 2.855554e-01
    endloop
  endfacet
  facet normal -3.672403e-04 4.117246e-01 -9.113082e-01
    outer loop
      vertex   1.179062e+02 -3.178200e+01 5.038629e-01
      vertex   1.214101e+02 -3.198930e+01 4.087911e-01
      vertex   1.180228e+02 -3.203985e+01 3.873220e-01
    endloop
  endfacet
  facet normal 1.828136e-03 4.422242e-01 -8.969027e-01
    outer loop
      vertex   1.179062e+02 -3.178200e+01 5.038629e-01
      vertex   1.214101e+02 -3.153300e+01 6.337743e-01
      vertex   1.214101e+02 -3.198930e+01 4.087911e-01
    endloop
  endfacet
  facet normal -1.570411e-05 4.627399e-01 -8.864941e-01
    outer loop
      vertex   1.177753e+02 -3.153116e+01 6.348005e-01
      vertex   1.214101e+02 -3.153300e+01 6.337743e-01
      vertex   1.179062e+02 -3.178200e+01 5.038629e-01
    endloop
  endfacet
  facet normal 1.714551e-05 5.121679e-01 -8.588853e-01
    outer loop
      vertex   1.176304e+02 -3.128813e+01 7.797208e-01
      vertex   1.214101e+02 -3.153300e+01 6.337743e-01
      vertex   1.177753e+02 -3.153116e+01 6.348005e-01
    endloop
  endfacet
  facet normal 1.688314e-03 5.310728e-01 -8.473245e-01
    outer loop
      vertex   1.176304e+02 -3.128813e+01 7.797208e-01
      vertex   1.214101e+02 -3.110192e+01 9.039598e-01
      vertex   1.214101e+02 -3.153300e+01 6.337743e-01
    endloop
  endfacet
  facet normal -3.387540e-04 5.597618e-01 -8.286535e-01
    outer loop
      vertex   1.174719e+02 -3.105368e+01 9.381566e-01
      vertex   1.214101e+02 -3.110192e+01 9.039598e-01
      vertex   1.176304e+02 -3.128813e+01 7.797208e-01
    endloop
  endfacet
  facet normal 5.186337e-04 6.061481e-01 -7.953516e-01
    outer loop
      vertex   1.173005e+02 -3.082858e+01 1.109601e+00
      vertex   1.214101e+02 -3.110192e+01 9.039598e-01
      vertex   1.174719e+02 -3.105368e+01 9.381566e-01
    endloop
  endfacet
  facet normal 1.388954e-03 6.144312e-01 -7.889692e-01
    outer loop
      vertex   1.173005e+02 -3.082858e+01 1.109601e+00
      vertex   1.214101e+02 -3.070053e+01 1.216553e+00
      vertex   1.214101e+02 -3.110192e+01 9.039598e-01
    endloop
  endfacet
  facet normal -4.592897e-04 6.497075e-01 -7.601842e-01
    outer loop
      vertex   1.171166e+02 -3.061353e+01 1.293505e+00
      vertex   1.214101e+02 -3.070053e+01 1.216553e+00
      vertex   1.173005e+02 -3.082858e+01 1.109601e+00
    endloop
  endfacet
  facet normal 1.062320e-03 6.914226e-01 -7.224498e-01
    outer loop
      vertex   1.171166e+02 -3.061353e+01 1.293505e+00
      vertex   1.214101e+02 -3.033298e+01 1.568318e+00
      vertex   1.214101e+02 -3.070053e+01 1.216553e+00
    endloop
  endfacet
  facet normal 9.445737e-04 6.923522e-01 -7.215591e-01
    outer loop
      vertex   1.169208e+02 -3.040923e+01 1.489279e+00
      vertex   1.214101e+02 -3.033298e+01 1.568318e+00
      vertex   1.171166e+02 -3.061353e+01 1.293505e+00
    endloop
  endfacet
  facet normal -4.163603e-04 7.314094e-01 -6.819385e-01
    outer loop
      vertex   1.167138e+02 -3.021633e+01 1.696297e+00
      vertex   1.214101e+02 -3.033298e+01 1.568318e+00
      vertex   1.169208e+02 -3.040923e+01 1.489279e+00
    endloop
  endfacet
  facet normal 1.237773e-03 7.612594e-01 -6.484462e-01
    outer loop
      vertex   1.167138e+02 -3.021633e+01 1.696297e+00
      vertex   1.214101e+02 -3.000308e+01 1.955611e+00
      vertex   1.214101e+02 -3.033298e+01 1.568318e+00
    endloop
  endfacet
  facet normal 3.576886e-04 7.691854e-01 -6.390255e-01
    outer loop
      vertex   1.164962e+02 -3.003545e+01 1.913895e+00
      vertex   1.214101e+02 -3.000308e+01 1.955611e+00
      vertex   1.167138e+02 -3.021633e+01 1.696297e+00
    endloop
  endfacet
  facet normal -3.333651e-04 8.086697e-01 -5.882628e-01
    outer loop
      vertex   1.162306e+02 -2.982074e+01 2.209202e+00
      vertex   1.214101e+02 -3.000308e+01 1.955611e+00
      vertex   1.164962e+02 -3.003545e+01 1.913895e+00
    endloop
  endfacet
  facet normal 1.184092e-03 8.232154e-01 -5.677280e-01
    outer loop
      vertex   1.162306e+02 -2.982074e+01 2.209202e+00
      vertex   1.214101e+02 -2.971425e+01 2.374425e+00
      vertex   1.214101e+02 -3.000308e+01 1.955611e+00
    endloop
  endfacet
  facet normal -6.912896e-04 8.502571e-01 -5.263671e-01
    outer loop
      vertex   1.159954e+02 -2.961954e+01 2.534520e+00
      vertex   1.214101e+02 -2.971425e+01 2.374425e+00
      vertex   1.162306e+02 -2.982074e+01 2.209202e+00
    endloop
  endfacet
  facet normal 1.107450e-03 8.766433e-01 -4.811397e-01
    outer loop
      vertex   1.159954e+02 -2.961954e+01 2.534520e+00
      vertex   1.214101e+02 -2.946947e+01 2.820420e+00
      vertex   1.214101e+02 -2.971425e+01 2.374425e+00
    endloop
  endfacet
  facet normal -4.407590e-04 8.888389e-01 -4.582196e-01
    outer loop
      vertex   1.157922e+02 -2.943678e+01 2.889224e+00
      vertex   1.214101e+02 -2.946947e+01 2.820420e+00
      vertex   1.159954e+02 -2.961954e+01 2.534520e+00
    endloop
  endfacet
  facet normal 5.871693e-04 9.209987e-01 -3.895652e-01
    outer loop
      vertex   1.157922e+02 -2.943678e+01 2.889224e+00
      vertex   1.214101e+02 -2.927128e+01 3.288981e+00
      vertex   1.214101e+02 -2.946947e+01 2.820420e+00
    endloop
  endfacet
  facet normal 1.272298e-04 9.233090e-01 -3.840580e-01
    outer loop
      vertex   1.156222e+02 -2.927713e+01 3.272996e+00
      vertex   1.214101e+02 -2.927128e+01 3.288981e+00
      vertex   1.157922e+02 -2.943678e+01 2.889224e+00
    endloop
  endfacet
  facet normal -5.789773e-05 9.456435e-01 -3.252051e-01
    outer loop
      vertex   1.155503e+02 -2.920755e+01 3.475314e+00
      vertex   1.214101e+02 -2.927128e+01 3.288981e+00
      vertex   1.156222e+02 -2.927713e+01 3.272996e+00
    endloop
  endfacet
  facet normal 1.046372e-03 9.558180e-01 -2.939571e-01
    outer loop
      vertex   1.155503e+02 -2.920755e+01 3.475314e+00
      vertex   1.214101e+02 -2.912172e+01 3.775256e+00
      vertex   1.214101e+02 -2.927128e+01 3.288981e+00
    endloop
  endfacet
  facet normal 4.848296e-04 9.588660e-01 -2.838587e-01
    outer loop
      vertex   1.154876e+02 -2.914616e+01 3.682593e+00
      vertex   1.214101e+02 -2.912172e+01 3.775256e+00
      vertex   1.155503e+02 -2.920755e+01 3.475314e+00
    endloop
  endfacet
  facet normal -2.132332e-04 9.702173e-01 -2.422362e-01
    outer loop
      vertex   1.154345e+02 -2.909334e+01 3.894206e+00
      vertex   1.214101e+02 -2.912172e+01 3.775256e+00
      vertex   1.154876e+02 -2.914616e+01 3.682593e+00
    endloop
  endfacet
  facet normal 6.834347e-04 9.798974e-01 -1.995010e-01
    outer loop
      vertex   1.153909e+02 -2.904943e+01 4.109717e+00
      vertex   1.214101e+02 -2.912172e+01 3.775256e+00
      vertex   1.154345e+02 -2.909334e+01 3.894206e+00
    endloop
  endfacet
  facet normal 9.267840e-04 9.807423e-01 -1.953042e-01
    outer loop
      vertex   1.153909e+02 -2.904943e+01 4.109717e+00
      vertex   1.214101e+02 -2.902236e+01 4.274211e+00
      vertex   1.214101e+02 -2.912172e+01 3.775256e+00
    endloop
  endfacet
  facet normal -1.676691e-04 9.876938e-01 -1.563997e-01
    outer loop
      vertex   1.153569e+02 -2.901476e+01 4.328688e+00
      vertex   1.214101e+02 -2.902236e+01 4.274211e+00
      vertex   1.153909e+02 -2.904943e+01 4.109717e+00
    endloop
  endfacet
  facet normal 2.364772e-04 9.936712e-01 -1.123275e-01
    outer loop
      vertex   1.153325e+02 -2.898966e+01 4.550683e+00
      vertex   1.214101e+02 -2.902236e+01 4.274211e+00
      vertex   1.153569e+02 -2.901476e+01 4.328688e+00
    endloop
  endfacet
  facet normal 1.051291e-03 9.955116e-01 -9.463353e-02
    outer loop
      vertex   1.153325e+02 -2.898966e+01 4.550683e+00
      vertex   1.214101e+02 -2.897422e+01 4.780682e+00
      vertex   1.214101e+02 -2.902236e+01 4.274211e+00
    endloop
  endfacet
  facet normal 2.085447e-05 9.977157e-01 -6.755305e-02
    outer loop
      vertex   1.153178e+02 -2.897446e+01 4.775252e+00
      vertex   1.214101e+02 -2.897422e+01 4.780682e+00
      vertex   1.153325e+02 -2.898966e+01 4.550683e+00
    endloop
  endfacet
  facet normal -1.962958e-05 9.997530e-01 -2.222337e-02
    outer loop
      vertex   1.153129e+02 -2.896945e+01 5.000580e+00
      vertex   1.214101e+02 -2.897422e+01 4.780682e+00
      vertex   1.153178e+02 -2.897446e+01 4.775252e+00
    endloop
  endfacet
  facet normal 1.035154e-03 9.999748e-01 7.018262e-03
    outer loop
      vertex   1.153129e+02 -2.896945e+01 5.000580e+00
      vertex   1.214101e+02 -2.897779e+01 5.289422e+00
      vertex   1.214101e+02 -2.897422e+01 4.780682e+00
    endloop
  endfacet
  facet normal 2.858537e-04 9.997394e-01 2.282861e-02
    outer loop
      vertex   1.153177e+02 -2.897458e+01 5.225213e+00
      vertex   1.214101e+02 -2.897779e+01 5.289422e+00
      vertex   1.153129e+02 -2.896945e+01 5.000580e+00
    endloop
  endfacet
  facet normal -1.865826e-04 9.977156e-01 6.755377e-02
    outer loop
      vertex   1.153324e+02 -2.898971e+01 5.448641e+00
      vertex   1.214101e+02 -2.897779e+01 5.289422e+00
      vertex   1.153177e+02 -2.897458e+01 5.225213e+00
    endloop
  endfacet
  facet normal 8.957106e-04 9.940856e-01 1.085953e-01
    outer loop
      vertex   1.153324e+02 -2.898971e+01 5.448641e+00
      vertex   1.214101e+02 -2.903304e+01 5.795167e+00
      vertex   1.214101e+02 -2.897779e+01 5.289422e+00
    endloop
  endfacet
  facet normal 7.146547e-04 9.937386e-01 1.117274e-01
    outer loop
      vertex   1.153568e+02 -2.901465e+01 5.670348e+00
      vertex   1.214101e+02 -2.903304e+01 5.795167e+00
      vertex   1.153324e+02 -2.898971e+01 5.448641e+00
    endloop
  endfacet
  facet normal -2.126838e-04 9.877849e-01 1.558234e-01
    outer loop
      vertex   1.153909e+02 -2.904926e+01 5.889821e+00
      vertex   1.214101e+02 -2.903304e+01 5.795167e+00
      vertex   1.153568e+02 -2.901465e+01 5.670348e+00
    endloop
  endfacet
  facet normal 4.936607e-04 9.799196e-01 1.993923e-01
    outer loop
      vertex   1.154348e+02 -2.909338e+01 6.106545e+00
      vertex   1.214101e+02 -2.903304e+01 5.795167e+00
      vertex   1.153909e+02 -2.904926e+01 5.889821e+00
    endloop
  endfacet
  facet normal 1.017587e-03 9.779032e-01 2.090555e-01
    outer loop
      vertex   1.154348e+02 -2.909338e+01 6.106545e+00
      vertex   1.214101e+02 -2.913939e+01 6.292678e+00
      vertex   1.214101e+02 -2.903304e+01 5.795167e+00
    endloop
  endfacet
  facet normal -9.073698e-05 9.700997e-01 2.427066e-01
    outer loop
      vertex   1.154882e+02 -2.914657e+01 6.319129e+00
      vertex   1.214101e+02 -2.913939e+01 6.292678e+00
      vertex   1.154348e+02 -2.909338e+01 6.106545e+00
    endloop
  endfacet
  facet normal 1.105206e-04 9.586301e-01 2.846549e-01
    outer loop
      vertex   1.155507e+02 -2.920801e+01 6.526027e+00
      vertex   1.214101e+02 -2.913939e+01 6.292678e+00
      vertex   1.154882e+02 -2.914657e+01 6.319129e+00
    endloop
  endfacet
  facet normal 1.096653e-03 9.515964e-01 3.073486e-01
    outer loop
      vertex   1.155507e+02 -2.920801e+01 6.526027e+00
      vertex   1.214101e+02 -2.929576e+01 6.776805e+00
      vertex   1.214101e+02 -2.913939e+01 6.292678e+00
    endloop
  endfacet
  facet normal 2.337032e-04 9.455749e-01 3.254044e-01
    outer loop
      vertex   1.156222e+02 -2.927719e+01 6.727011e+00
      vertex   1.214101e+02 -2.929576e+01 6.776805e+00
      vertex   1.155507e+02 -2.920801e+01 6.526027e+00
    endloop
  endfacet
  facet normal -3.432853e-04 9.232685e-01 3.841551e-01
    outer loop
      vertex   1.157920e+02 -2.943664e+01 7.110373e+00
      vertex   1.214101e+02 -2.929576e+01 6.776805e+00
      vertex   1.156222e+02 -2.927719e+01 6.727011e+00
    endloop
  endfacet
  facet normal 9.394673e-04 9.154399e-01 4.024535e-01
    outer loop
      vertex   1.157920e+02 -2.943664e+01 7.110373e+00
      vertex   1.214101e+02 -2.950051e+01 7.242539e+00
      vertex   1.214101e+02 -2.929576e+01 6.776805e+00
    endloop
  endfacet
  facet normal -6.798844e-04 8.887503e-01 4.583912e-01
    outer loop
      vertex   1.159966e+02 -2.962063e+01 7.467406e+00
      vertex   1.214101e+02 -2.950051e+01 7.242539e+00
      vertex   1.157920e+02 -2.943664e+01 7.110373e+00
    endloop
  endfacet
  facet normal 1.194750e-03 8.698020e-01 4.933994e-01
    outer loop
      vertex   1.159966e+02 -2.962063e+01 7.467406e+00
      vertex   1.214101e+02 -2.975153e+01 7.685054e+00
      vertex   1.214101e+02 -2.950051e+01 7.242539e+00
    endloop
  endfacet
  facet normal -6.380834e-04 8.498667e-01 5.269974e-01
    outer loop
      vertex   1.162332e+02 -2.982289e+01 7.793873e+00
      vertex   1.214101e+02 -2.975153e+01 7.685054e+00
      vertex   1.159966e+02 -2.962063e+01 7.467406e+00
    endloop
  endfacet
  facet normal 9.382914e-04 8.151631e-01 5.792308e-01
    outer loop
      vertex   1.162332e+02 -2.982289e+01 7.793873e+00
      vertex   1.214101e+02 -3.004621e+01 8.099770e+00
      vertex   1.214101e+02 -2.975153e+01 7.685054e+00
    endloop
  endfacet
  facet normal 1.352324e-04 8.087562e-01 5.881440e-01
    outer loop
      vertex   1.164962e+02 -3.003545e+01 8.086102e+00
      vertex   1.214101e+02 -3.004621e+01 8.099770e+00
      vertex   1.162332e+02 -2.982289e+01 7.793873e+00
    endloop
  endfacet
  facet normal -8.483334e-05 7.706495e-01 6.372593e-01
    outer loop
      vertex   1.166940e+02 -3.019898e+01 8.283887e+00
      vertex   1.214101e+02 -3.004621e+01 8.099770e+00
      vertex   1.164962e+02 -3.003545e+01 8.086102e+00
    endloop
  endfacet
  facet normal 1.368151e-03 7.520804e-01 6.590699e-01
    outer loop
      vertex   1.166940e+02 -3.019898e+01 8.283887e+00
      vertex   1.214101e+02 -3.038152e+01 8.482394e+00
      vertex   1.214101e+02 -3.004621e+01 8.099770e+00
    endloop
  endfacet
  facet normal 7.754062e-05 7.370138e-01 6.758777e-01
    outer loop
      vertex   1.168831e+02 -3.037245e+01 8.473021e+00
      vertex   1.214101e+02 -3.038152e+01 8.482394e+00
      vertex   1.166940e+02 -3.019898e+01 8.283887e+00
    endloop
  endfacet
  facet normal -7.060791e-05 7.012991e-01 7.128671e-01
    outer loop
      vertex   1.170631e+02 -3.055538e+01 8.653004e+00
      vertex   1.214101e+02 -3.038152e+01 8.482394e+00
      vertex   1.168831e+02 -3.037245e+01 8.473021e+00
    endloop
  endfacet
  facet normal 1.486951e-03 6.812132e-01 7.320836e-01
    outer loop
      vertex   1.170631e+02 -3.055538e+01 8.653004e+00
      vertex   1.214101e+02 -3.075397e+01 8.828965e+00
      vertex   1.214101e+02 -3.038152e+01 8.482394e+00
    endloop
  endfacet
  facet normal 5.528583e-05 6.638549e-01 7.478614e-01
    outer loop
      vertex   1.172335e+02 -3.074731e+01 8.823365e+00
      vertex   1.214101e+02 -3.075397e+01 8.828965e+00
      vertex   1.170631e+02 -3.055538e+01 8.653004e+00
    endloop
  endfacet
  facet normal -5.175772e-05 6.245548e-01 7.809810e-01
    outer loop
      vertex   1.173937e+02 -3.094773e+01 8.983653e+00
      vertex   1.214101e+02 -3.075397e+01 8.828965e+00
      vertex   1.172335e+02 -3.074731e+01 8.823365e+00
    endloop
  endfacet
  facet normal 1.610892e-03 6.032932e-01 7.975178e-01
    outer loop
      vertex   1.173937e+02 -3.094773e+01 8.983653e+00
      vertex   1.214101e+02 -3.115971e+01 9.135892e+00
      vertex   1.214101e+02 -3.075397e+01 8.828965e+00
    endloop
  endfacet
  facet normal 2.955173e-05 5.837067e-01 8.119646e-01
    outer loop
      vertex   1.175435e+02 -3.115611e+01 9.133446e+00
      vertex   1.214101e+02 -3.115971e+01 9.135892e+00
      vertex   1.173937e+02 -3.094773e+01 8.983653e+00
    endloop
  endfacet
  facet normal -2.822620e-05 5.412477e-01 8.408632e-01
    outer loop
      vertex   1.176824e+02 -3.137190e+01 9.272351e+00
      vertex   1.214101e+02 -3.115971e+01 9.135892e+00
      vertex   1.175435e+02 -3.115611e+01 9.133446e+00
    endloop
  endfacet
  facet normal 1.737267e-03 5.191277e-01 8.546949e-01
    outer loop
      vertex   1.176824e+02 -3.137190e+01 9.272351e+00
      vertex   1.214101e+02 -3.159454e+01 9.400000e+00
      vertex   1.214101e+02 -3.115971e+01 9.135892e+00
    endloop
  endfacet
  facet normal 4.908627e-16 4.973958e-01 8.675237e-01
    outer loop
      vertex   1.178101e+02 -3.159454e+01 9.400000e+00
      vertex   1.214101e+02 -3.159454e+01 9.400000e+00
      vertex   1.176824e+02 -3.137190e+01 9.272351e+00
    endloop
  endfacet
endsolid
